,assertion_id,feature_id,feature_type,predictive_implication,feature_digest,category
0,1,1,rearrangement,FDA-Approved,RnRyn89cJzVbVM93aw4OA44NIF5zblyP,Rearrangement
1,2,2,rearrangement,FDA-Approved,RnRyn89cJzVbVM93aw4OA44NIF5zblyP,Rearrangement
2,3,3,rearrangement,FDA-Approved,RnRyn89cJzVbVM93aw4OA44NIF5zblyP,Rearrangement
3,4,4,rearrangement,FDA-Approved,RnRyn89cJzVbVM93aw4OA44NIF5zblyP,Rearrangement
4,5,5,rearrangement,FDA-Approved,RnRyn89cJzVbVM93aw4OA44NIF5zblyP,Rearrangement
5,6,6,rearrangement,Guideline,RnRyn89cJzVbVM93aw4OA44NIF5zblyP,Rearrangement
6,7,7,rearrangement,Clinical trial,RnRyn89cJzVbVM93aw4OA44NIF5zblyP,Rearrangement
7,8,8,rearrangement,FDA-Approved,RnRyn89cJzVbVM93aw4OA44NIF5zblyP,Rearrangement
8,9,9,rearrangement,FDA-Approved,g99yF3kKnB-We_fMS5RaVygoSuT7qA-I,Rearrangement
9,10,10,rearrangement,FDA-Approved,g99yF3kKnB-We_fMS5RaVygoSuT7qA-I,Rearrangement
10,11,11,rearrangement,FDA-Approved,g99yF3kKnB-We_fMS5RaVygoSuT7qA-I,Rearrangement
11,12,12,rearrangement,FDA-Approved,e8PMq2A96-aBJ3Ip74ovx5VOUCztBTq7,Rearrangement
12,13,13,rearrangement,Guideline,g99yF3kKnB-We_fMS5RaVygoSuT7qA-I,Rearrangement
13,14,14,rearrangement,Clinical trial,e8PMq2A96-aBJ3Ip74ovx5VOUCztBTq7,Rearrangement
14,15,15,rearrangement,Guideline,DxfRiRV-3J6zRON4pnzNJjXkJf2bsp20,Rearrangement
15,16,16,rearrangement,Guideline,DxfRiRV-3J6zRON4pnzNJjXkJf2bsp20,Rearrangement
16,17,17,rearrangement,Clinical trial,DxfRiRV-3J6zRON4pnzNJjXkJf2bsp20,Rearrangement
17,18,18,rearrangement,Preclinical,BRsPjsZSCyDXnKtBt9XgsWX2JDNWY3FP,Rearrangement
18,19,19,rearrangement,Inferential,SKcLy2rHf7eu-vDBhMCL5sp5m0Ge6BZP,Rearrangement
19,20,20,rearrangement,Clinical evidence,SKcLy2rHf7eu-vDBhMCL5sp5m0Ge6BZP,Rearrangement
20,21,21,rearrangement,Inferential,hJgxx_vTgVVIufYAt9-6taWjvQ73ULXl,Rearrangement
21,22,22,rearrangement,Guideline,WQYT08aw3iRSKer48_OBNNytHMnKbnE6,Rearrangement
22,23,23,rearrangement,Clinical evidence,0GLCikikpwB7PQoD0pqz82O2gUIWUtLP,Rearrangement
23,24,24,rearrangement,Guideline,0GLCikikpwB7PQoD0pqz82O2gUIWUtLP,Rearrangement
24,25,25,rearrangement,Preclinical,s2qQICZmHsSN0qSTvgNwSk40MQTlk3Zj,Rearrangement
25,26,26,rearrangement,Preclinical,s2qQICZmHsSN0qSTvgNwSk40MQTlk3Zj,Rearrangement
26,27,27,rearrangement,Guideline,pUZs-qSdABdRhwzYEqEz9m4gzpB86A4J,Rearrangement
27,28,28,rearrangement,Clinical evidence,gHNKzqbv9gXBbshb4fSg6eHyw17imIxj,Rearrangement
28,29,29,rearrangement,FDA-Approved,cIJ7onUZjNsRc20yX2KVs36yT1kNQXi0,Rearrangement
29,30,30,rearrangement,FDA-Approved,eq1HXqfjp621aqJX2pZS-B4n8dNJmNm_,Sequence
30,31,31,rearrangement,FDA-Approved,cIJ7onUZjNsRc20yX2KVs36yT1kNQXi0,Rearrangement
31,32,32,rearrangement,FDA-Approved,9zKku-NHHDhrG5ckdbiYHM4cdKKYU2N_,Rearrangement
32,33,33,rearrangement,Clinical evidence,kqiaUQ78Jo6MWqtFeHG4DmmBcN7l0oZN,Rearrangement
33,34,34,rearrangement,Guideline,jl8lV7AwGidPVEC8u9XrOWVKSJsy9U7d,Rearrangement
34,35,35,rearrangement,Guideline,rqx_B_yi8h8ZrLnX5rw7Wa6hxrbCFqFM,Rearrangement
35,36,36,rearrangement,FDA-Approved,UdRuXHJeRbQxlGf56yifLzWtZRhV459Q,Rearrangement
36,37,37,rearrangement,Clinical evidence,UdRuXHJeRbQxlGf56yifLzWtZRhV459Q,Rearrangement
37,38,38,rearrangement,FDA-Approved,UdRuXHJeRbQxlGf56yifLzWtZRhV459Q,Rearrangement
38,39,39,rearrangement,FDA-Approved,Z0jlpcq9n4S9gu41mWGLPrSGpCqVUsRB,Rearrangement
39,40,40,rearrangement,Clinical evidence,Z0jlpcq9n4S9gu41mWGLPrSGpCqVUsRB,Rearrangement
40,41,41,rearrangement,FDA-Approved,Z0jlpcq9n4S9gu41mWGLPrSGpCqVUsRB,Rearrangement
41,42,42,rearrangement,FDA-Approved,ON6Ezh4WYs1PLjjduaf-ANSxWTlOay_9,Rearrangement
42,43,43,rearrangement,Clinical evidence,ON6Ezh4WYs1PLjjduaf-ANSxWTlOay_9,Rearrangement
43,44,44,rearrangement,FDA-Approved,ON6Ezh4WYs1PLjjduaf-ANSxWTlOay_9,Rearrangement
44,45,45,rearrangement,FDA-Approved,ShWaocKACrvLUOmcajI95WbIws5vZOm3,Rearrangement
45,46,46,rearrangement,FDA-Approved,Y1js_3Q4dVbXHWTRGkbWc8hpk3R0X9Zi,Rearrangement
46,47,47,rearrangement,Clinical evidence,cNA1NIA6K02hiaZldnnes7yr5gqUY7NY,Rearrangement
47,48,48,rearrangement,FDA-Approved,4l4MdbqBubDMtKwtSeasZP6zly9Atphq,Rearrangement
48,49,49,rearrangement,Guideline,ZP3UrK1pX8aPV6RUz037CZokDY6Z6xwO,Rearrangement
49,50,50,rearrangement,Guideline,L2PLlbz2_ouG16_c0VvfagK6ayNMBhiv,Rearrangement
50,51,51,rearrangement,Guideline,L2PLlbz2_ouG16_c0VvfagK6ayNMBhiv,Rearrangement
51,52,52,rearrangement,Clinical trial,uk5_7GGejzt90de1xhJ0JBb7imfJakOa,Rearrangement
52,53,53,rearrangement,FDA-Approved,uk5_7GGejzt90de1xhJ0JBb7imfJakOa,Rearrangement
53,54,54,rearrangement,FDA-Approved,uk5_7GGejzt90de1xhJ0JBb7imfJakOa,Rearrangement
54,55,55,rearrangement,FDA-Approved,uk5_7GGejzt90de1xhJ0JBb7imfJakOa,Rearrangement
55,56,56,rearrangement,FDA-Approved,uk5_7GGejzt90de1xhJ0JBb7imfJakOa,Rearrangement
56,57,57,rearrangement,FDA-Approved,yzNjLPO2biW_kdgqdjlMQXAEzDMrTxin,Rearrangement
57,59,59,rearrangement,Preclinical,c7ZV1g0Qzz24iEBzwFod3euZvdLYTbac,Rearrangement
58,60,60,rearrangement,Preclinical,TK8Cy5dZ6DbhsdvY8TH2UkoUC5hR373K,Rearrangement
59,61,61,rearrangement,Preclinical,TK8Cy5dZ6DbhsdvY8TH2UkoUC5hR373K,Rearrangement
60,62,62,rearrangement,Preclinical,mCVPDCLCssjdHhsHNips2X8Awf9Q7DvB,Rearrangement
61,63,63,rearrangement,Clinical evidence,mCVPDCLCssjdHhsHNips2X8Awf9Q7DvB,Rearrangement
62,64,64,rearrangement,Clinical trial,mCVPDCLCssjdHhsHNips2X8Awf9Q7DvB,Rearrangement
63,65,65,rearrangement,Clinical trial,mCVPDCLCssjdHhsHNips2X8Awf9Q7DvB,Rearrangement
64,66,66,somatic_variant,Preclinical,1ZF2zGmQI4p_iTMPh7nkrUKJ77tIOkGq,Sequence
65,67,67,somatic_variant,Clinical evidence,5afOJbUvLSLOWF9Vurqjk70KZvuN3xF3,Sequence
66,68,68,somatic_variant,Clinical evidence,j3HtSnIdrU8CcuW8_Qs3qVxOn-kMJV1T,Sequence
67,69,69,somatic_variant,Clinical evidence,1ZF2zGmQI4p_iTMPh7nkrUKJ77tIOkGq,Sequence
68,70,70,somatic_variant,Clinical evidence,X_Az48pPjt4IODuY2a50Yl2_1tGopcuF,Sequence
69,71,71,somatic_variant,Clinical evidence,LQQXFXpA4FCOQ3Fz4988x2vynER4J-Wh,Sequence
70,72,72,somatic_variant,Clinical evidence,DKoCqZUY0WBdUnoly9DL_PAjBBZTs51d,Sequence
71,73,73,somatic_variant,Clinical evidence,3JX5tSP0tVWD_3emgshzeEL2NC4J6gZ4,Sequence
72,74,74,somatic_variant,Clinical evidence,GRDaCn8rRMq4jivBFkpwmyyibOodyLuY,Sequence
73,75,75,somatic_variant,Clinical evidence,cpi3H1c6iCEDGT0AjMkKgqlLFyBJEnio,Sequence
74,76,76,somatic_variant,Clinical evidence,bmS7LLLK3aEI9cWGR1vx6MI2UyTfj2XU,Sequence
75,77,77,somatic_variant,Clinical evidence,2hN0RPV8rQlz_CJjsJs_gp0aLM90E-yq,Sequence
76,78,78,somatic_variant,Clinical evidence,tjDlRosLPCQD9nw5np_3bpdxZTxKg5sE,Sequence
77,79,79,somatic_variant,Clinical evidence,tUCY3ukUhzmBwix1z7axMdE0x49CDDaz,Sequence
78,80,80,somatic_variant,Clinical evidence,lMaUa1hyyhXBEEldqW0SdcRTncJhN6p-,Sequence
79,81,81,somatic_variant,Guideline,2hN0RPV8rQlz_CJjsJs_gp0aLM90E-yq,Sequence
80,82,82,somatic_variant,Guideline,cpi3H1c6iCEDGT0AjMkKgqlLFyBJEnio,Sequence
81,83,83,somatic_variant,Guideline,bmS7LLLK3aEI9cWGR1vx6MI2UyTfj2XU,Sequence
82,84,84,somatic_variant,Guideline,tjDlRosLPCQD9nw5np_3bpdxZTxKg5sE,Sequence
83,85,85,somatic_variant,Guideline,tUCY3ukUhzmBwix1z7axMdE0x49CDDaz,Sequence
84,86,86,somatic_variant,Guideline,lMaUa1hyyhXBEEldqW0SdcRTncJhN6p-,Sequence
85,87,87,somatic_variant,Guideline,X_Az48pPjt4IODuY2a50Yl2_1tGopcuF,Sequence
86,88,88,somatic_variant,Guideline,LQQXFXpA4FCOQ3Fz4988x2vynER4J-Wh,Sequence
87,89,89,somatic_variant,Guideline,DKoCqZUY0WBdUnoly9DL_PAjBBZTs51d,Sequence
88,90,90,somatic_variant,Guideline,3JX5tSP0tVWD_3emgshzeEL2NC4J6gZ4,Sequence
89,91,91,somatic_variant,Guideline,j3HtSnIdrU8CcuW8_Qs3qVxOn-kMJV1T,Sequence
90,92,92,somatic_variant,Guideline,psm9mPweFHYqZx_sEGJOaCx0d3vXL5VA,Sequence
91,93,93,somatic_variant,Guideline,cpi3H1c6iCEDGT0AjMkKgqlLFyBJEnio,Sequence
92,94,94,somatic_variant,Guideline,bmS7LLLK3aEI9cWGR1vx6MI2UyTfj2XU,Sequence
93,95,95,somatic_variant,Guideline,X_Az48pPjt4IODuY2a50Yl2_1tGopcuF,Sequence
94,96,96,somatic_variant,Guideline,LQQXFXpA4FCOQ3Fz4988x2vynER4J-Wh,Sequence
95,97,97,somatic_variant,Guideline,DKoCqZUY0WBdUnoly9DL_PAjBBZTs51d,Sequence
96,98,98,somatic_variant,Guideline,3JX5tSP0tVWD_3emgshzeEL2NC4J6gZ4,Sequence
97,99,99,somatic_variant,Guideline,tjDlRosLPCQD9nw5np_3bpdxZTxKg5sE,Sequence
98,100,100,somatic_variant,Guideline,tUCY3ukUhzmBwix1z7axMdE0x49CDDaz,Sequence
99,101,101,somatic_variant,Guideline,j3HtSnIdrU8CcuW8_Qs3qVxOn-kMJV1T,Sequence
100,102,102,somatic_variant,Guideline,2hN0RPV8rQlz_CJjsJs_gp0aLM90E-yq,Sequence
101,103,103,somatic_variant,Guideline,1ZF2zGmQI4p_iTMPh7nkrUKJ77tIOkGq,Sequence
102,104,104,somatic_variant,Guideline,1ZF2zGmQI4p_iTMPh7nkrUKJ77tIOkGq,Sequence
103,105,105,somatic_variant,Guideline,lMaUa1hyyhXBEEldqW0SdcRTncJhN6p-,Sequence
104,106,106,somatic_variant,Preclinical,ccIwAxRMXJFRy270b9baKZDOfm5XaaWa,Sequence
105,107,107,somatic_variant,Preclinical,apbz71McfvdMlo8NOHigp4kVyRHVfrBn,Sequence
106,108,108,somatic_variant,Preclinical,bTLvO0_2ddAudNKcRp8XBG4FHy-Rvxcx,Sequence
107,109,109,somatic_variant,Preclinical,YxmWusiYAa9bOE-_OVLzwg-_Rb4oCaia,Sequence
108,110,110,somatic_variant,Preclinical,1UagldWU1P-cDIIMKDe-BXBbGYgzNZen,Sequence
109,111,111,somatic_variant,Preclinical,ECIgngcc1CBOkKWvY3ikmGwUZAJ7TgIQ,Sequence
110,112,112,somatic_variant,Preclinical,fR46HOudPERy-nbqsaFyoBLHiEdKR6GU,Sequence
111,113,113,somatic_variant,Preclinical,s4eMW8TysWugWbzUXlOkBf_LEreHt6gl,Sequence
112,114,114,somatic_variant,Preclinical,J0woJV9eEA6m4kre8j2I2u4w2_jaOiWe,Sequence
113,115,115,somatic_variant,Clinical evidence,bA7OdXInY-JEwYqLoHfg1jlPC4g9RBLY,Sequence
114,116,116,somatic_variant,Clinical evidence,59eW8MIi1GMID4ia-XePKIdI-Qmachdk,Sequence
115,117,117,somatic_variant,Clinical evidence,X8DTGWVGHsu65fG6-FhzUY5KwJkmWtqN,Sequence
116,118,118,somatic_variant,Preclinical,5IKmrkh-MmkHWXltT33MVVVFZn03OM1X,Gene Function
117,119,119,somatic_variant,Preclinical,DWVoWO3eD4T51fLkZ6pWGdK9TGcrIcIk,Sequence
118,120,120,somatic_variant,Clinical evidence,WbQnc6p6fyW8N5VYZtgJzFFwqpMLQHre,Region-Defined
119,121,121,somatic_variant,Guideline,-A3AoT03ta3kOYoOXLrYqIm0hAD2fL5A,Sequence
120,122,122,somatic_variant,Guideline,y_BKeE3NYaKcXv_9wMq0QPf8yn_AbZqY,Sequence
121,123,123,somatic_variant,Clinical trial,dU2iR7EKRWpuwKyW7aMEIdhPX8igdYfQ,Sequence
122,124,124,somatic_variant,Clinical trial,3S_LOXB0BoRguMHfnLg1Rp2fDtcSai7R,Other
123,125,125,somatic_variant,Clinical trial,y2M1GnXkB3UP93HB_d5yfNSl2wry4iYh,Gene Function
124,126,126,somatic_variant,Clinical evidence,dU2iR7EKRWpuwKyW7aMEIdhPX8igdYfQ,Sequence
125,127,127,somatic_variant,Clinical evidence,3S_LOXB0BoRguMHfnLg1Rp2fDtcSai7R,Other
126,128,128,somatic_variant,Clinical evidence,y2M1GnXkB3UP93HB_d5yfNSl2wry4iYh,Gene Function
127,129,129,somatic_variant,Preclinical,TLNEnKJtTj81lE08Hc21pkbZt-tMNYUP,Sequence
128,130,130,somatic_variant,FDA-Approved,7zzfuvoUDCwT7KOdkc_J6v15iCWlSdHo,Region-Defined
129,131,131,somatic_variant,Inferential,Ru7m2r3M04OPMvvUTWL3ZHLr0cjlyygh,Sequence
130,132,132,somatic_variant,Inferential,Ru7m2r3M04OPMvvUTWL3ZHLr0cjlyygh,Sequence
131,133,133,somatic_variant,Inferential,Ru7m2r3M04OPMvvUTWL3ZHLr0cjlyygh,Sequence
132,134,134,somatic_variant,Inferential,Ru7m2r3M04OPMvvUTWL3ZHLr0cjlyygh,Sequence
133,135,135,somatic_variant,Inferential,Ru7m2r3M04OPMvvUTWL3ZHLr0cjlyygh,Sequence
134,136,136,somatic_variant,Inferential,Ru7m2r3M04OPMvvUTWL3ZHLr0cjlyygh,Sequence
135,137,137,somatic_variant,FDA-Approved,Ru7m2r3M04OPMvvUTWL3ZHLr0cjlyygh,Sequence
136,138,138,somatic_variant,Guideline,L7SldQblxn1Ig5bkhFjVa5OXimde_Afl,Gene Function
137,139,139,somatic_variant,Guideline,QAgZ0ncy25bkYd5e6Th0gJ7cPcRgd85j,Sequence
138,140,140,somatic_variant,Guideline,PFPJ5XUIR6tr-YcB0wL5Qy7uYuql9IeN,Other
139,141,141,somatic_variant,Clinical evidence,WCzMkz8u8fhv03bTrGZ_jhOuPQerlDih,Sequence
140,142,142,somatic_variant,Clinical evidence,yG9RENCVDdCMkKA4eNPU0mdHMWWpvdZl,Region-Defined
141,143,143,somatic_variant,Clinical evidence,oClL4PAk3c3tkdrghaecJPNYDg9WVpk8,Region-Defined
142,144,144,somatic_variant,FDA-Approved,IpbUYvcvcPuvnET_IyVv-Yi_IUKddyvg,Sequence
143,145,145,somatic_variant,FDA-Approved,IpbUYvcvcPuvnET_IyVv-Yi_IUKddyvg,Sequence
144,146,146,somatic_variant,FDA-Approved,Tu113AeiWUeAJdlTpJX4BDssEQq_QA3U,Sequence
145,147,147,somatic_variant,FDA-Approved,IpbUYvcvcPuvnET_IyVv-Yi_IUKddyvg,Sequence
146,148,148,somatic_variant,FDA-Approved,Tu113AeiWUeAJdlTpJX4BDssEQq_QA3U,Sequence
147,149,149,somatic_variant,FDA-Approved,IpbUYvcvcPuvnET_IyVv-Yi_IUKddyvg,Sequence
148,150,150,somatic_variant,FDA-Approved,IpbUYvcvcPuvnET_IyVv-Yi_IUKddyvg,Sequence
149,151,151,somatic_variant,FDA-Approved,Tu113AeiWUeAJdlTpJX4BDssEQq_QA3U,Sequence
150,152,152,somatic_variant,FDA-Approved,Tu113AeiWUeAJdlTpJX4BDssEQq_QA3U,Sequence
151,153,153,somatic_variant,FDA-Approved,IpbUYvcvcPuvnET_IyVv-Yi_IUKddyvg,Sequence
152,154,154,somatic_variant,FDA-Approved,IpbUYvcvcPuvnET_IyVv-Yi_IUKddyvg,Sequence
153,155,155,somatic_variant,FDA-Approved,IpbUYvcvcPuvnET_IyVv-Yi_IUKddyvg,Sequence
154,156,156,somatic_variant,Guideline,IpbUYvcvcPuvnET_IyVv-Yi_IUKddyvg,Sequence
155,157,157,somatic_variant,Guideline,IpbUYvcvcPuvnET_IyVv-Yi_IUKddyvg,Sequence
156,158,158,somatic_variant,Guideline,IpbUYvcvcPuvnET_IyVv-Yi_IUKddyvg,Sequence
157,159,159,somatic_variant,Guideline,IpbUYvcvcPuvnET_IyVv-Yi_IUKddyvg,Sequence
158,160,160,somatic_variant,Guideline,IpbUYvcvcPuvnET_IyVv-Yi_IUKddyvg,Sequence
159,161,161,somatic_variant,Guideline,IpbUYvcvcPuvnET_IyVv-Yi_IUKddyvg,Sequence
160,162,162,somatic_variant,Clinical trial,IpbUYvcvcPuvnET_IyVv-Yi_IUKddyvg,Sequence
161,163,163,somatic_variant,Clinical trial,IpbUYvcvcPuvnET_IyVv-Yi_IUKddyvg,Sequence
162,164,164,somatic_variant,Preclinical,IpbUYvcvcPuvnET_IyVv-Yi_IUKddyvg,Sequence
163,165,165,somatic_variant,Preclinical,IpbUYvcvcPuvnET_IyVv-Yi_IUKddyvg,Sequence
164,166,166,somatic_variant,Preclinical,Hb1DEj27Wswiosz_Pgy_kFr7dcvzAMOS,Region-Defined
165,167,167,somatic_variant,Preclinical,IpbUYvcvcPuvnET_IyVv-Yi_IUKddyvg,Sequence
166,168,168,somatic_variant,Preclinical,IpbUYvcvcPuvnET_IyVv-Yi_IUKddyvg,Sequence
167,169,169,somatic_variant,Clinical trial,IpbUYvcvcPuvnET_IyVv-Yi_IUKddyvg,Sequence
168,170,170,somatic_variant,Clinical trial,IpbUYvcvcPuvnET_IyVv-Yi_IUKddyvg,Sequence
169,171,171,somatic_variant,Clinical trial,IpbUYvcvcPuvnET_IyVv-Yi_IUKddyvg,Sequence
170,172,172,somatic_variant,Preclinical,IpbUYvcvcPuvnET_IyVv-Yi_IUKddyvg,Sequence
171,173,173,somatic_variant,Clinical evidence,IpbUYvcvcPuvnET_IyVv-Yi_IUKddyvg,Sequence
172,174,174,somatic_variant,Clinical evidence,IpbUYvcvcPuvnET_IyVv-Yi_IUKddyvg,Sequence
173,175,175,somatic_variant,Preclinical,IpbUYvcvcPuvnET_IyVv-Yi_IUKddyvg,Sequence
174,176,176,somatic_variant,Clinical evidence,Hb1DEj27Wswiosz_Pgy_kFr7dcvzAMOS,Region-Defined
175,177,177,somatic_variant,Clinical evidence,Hb1DEj27Wswiosz_Pgy_kFr7dcvzAMOS,Region-Defined
176,178,178,somatic_variant,Clinical evidence,Hb1DEj27Wswiosz_Pgy_kFr7dcvzAMOS,Region-Defined
177,179,179,somatic_variant,Clinical evidence,Hb1DEj27Wswiosz_Pgy_kFr7dcvzAMOS,Region-Defined
178,180,180,somatic_variant,Clinical evidence,IpbUYvcvcPuvnET_IyVv-Yi_IUKddyvg,Sequence
179,181,181,somatic_variant,Preclinical,IpbUYvcvcPuvnET_IyVv-Yi_IUKddyvg,Sequence
180,182,182,somatic_variant,Guideline,IpbUYvcvcPuvnET_IyVv-Yi_IUKddyvg,Sequence
181,183,183,somatic_variant,Guideline,IpbUYvcvcPuvnET_IyVv-Yi_IUKddyvg,Sequence
182,184,184,somatic_variant,Clinical trial,IpbUYvcvcPuvnET_IyVv-Yi_IUKddyvg,Sequence
183,185,185,somatic_variant,FDA-Approved,OQ7B9XkAYOPvcmJES3ULOTn7Ai9ZQec9,Sequence
184,186,186,somatic_variant,FDA-Approved,OQ7B9XkAYOPvcmJES3ULOTn7Ai9ZQec9,Sequence
185,187,187,somatic_variant,FDA-Approved,OQ7B9XkAYOPvcmJES3ULOTn7Ai9ZQec9,Sequence
186,188,188,somatic_variant,FDA-Approved,OQ7B9XkAYOPvcmJES3ULOTn7Ai9ZQec9,Sequence
187,189,189,somatic_variant,FDA-Approved,OQ7B9XkAYOPvcmJES3ULOTn7Ai9ZQec9,Sequence
188,190,190,somatic_variant,FDA-Approved,OQ7B9XkAYOPvcmJES3ULOTn7Ai9ZQec9,Sequence
189,191,191,somatic_variant,Clinical evidence,OQ7B9XkAYOPvcmJES3ULOTn7Ai9ZQec9,Sequence
190,192,192,somatic_variant,Clinical evidence,OQ7B9XkAYOPvcmJES3ULOTn7Ai9ZQec9,Sequence
191,193,193,somatic_variant,Clinical evidence,OQ7B9XkAYOPvcmJES3ULOTn7Ai9ZQec9,Sequence
192,194,194,somatic_variant,FDA-Approved,OQ7B9XkAYOPvcmJES3ULOTn7Ai9ZQec9,Sequence
193,195,195,somatic_variant,FDA-Approved,OQ7B9XkAYOPvcmJES3ULOTn7Ai9ZQec9,Sequence
194,196,196,somatic_variant,FDA-Approved,OQ7B9XkAYOPvcmJES3ULOTn7Ai9ZQec9,Sequence
195,197,197,somatic_variant,FDA-Approved,OQ7B9XkAYOPvcmJES3ULOTn7Ai9ZQec9,Sequence
196,198,198,somatic_variant,FDA-Approved,OQ7B9XkAYOPvcmJES3ULOTn7Ai9ZQec9,Sequence
197,199,199,somatic_variant,FDA-Approved,OQ7B9XkAYOPvcmJES3ULOTn7Ai9ZQec9,Sequence
198,200,200,somatic_variant,FDA-Approved,OQ7B9XkAYOPvcmJES3ULOTn7Ai9ZQec9,Sequence
199,201,201,somatic_variant,FDA-Approved,3CBFHlLnAU0h_OurUo6SY_Wlo04P03N5,Sequence
200,202,202,somatic_variant,FDA-Approved,3CBFHlLnAU0h_OurUo6SY_Wlo04P03N5,Sequence
201,203,203,somatic_variant,FDA-Approved,3CBFHlLnAU0h_OurUo6SY_Wlo04P03N5,Sequence
202,204,204,somatic_variant,FDA-Approved,3CBFHlLnAU0h_OurUo6SY_Wlo04P03N5,Sequence
203,205,205,somatic_variant,FDA-Approved,3CBFHlLnAU0h_OurUo6SY_Wlo04P03N5,Sequence
204,206,206,somatic_variant,FDA-Approved,3CBFHlLnAU0h_OurUo6SY_Wlo04P03N5,Sequence
205,207,207,somatic_variant,FDA-Approved,3CBFHlLnAU0h_OurUo6SY_Wlo04P03N5,Sequence
206,208,208,somatic_variant,FDA-Approved,3CBFHlLnAU0h_OurUo6SY_Wlo04P03N5,Sequence
207,209,209,somatic_variant,FDA-Approved,3CBFHlLnAU0h_OurUo6SY_Wlo04P03N5,Sequence
208,210,210,somatic_variant,Clinical evidence,3CBFHlLnAU0h_OurUo6SY_Wlo04P03N5,Sequence
209,211,211,somatic_variant,Clinical evidence,3CBFHlLnAU0h_OurUo6SY_Wlo04P03N5,Sequence
210,212,212,somatic_variant,Clinical trial,3CBFHlLnAU0h_OurUo6SY_Wlo04P03N5,Sequence
211,213,213,somatic_variant,Clinical evidence,3CBFHlLnAU0h_OurUo6SY_Wlo04P03N5,Sequence
212,214,214,somatic_variant,Clinical evidence,1P0QPdZ8A6GYuaR2VNbC1BuiQL0LxAHU,Sequence
213,215,215,somatic_variant,FDA-Approved,3CBFHlLnAU0h_OurUo6SY_Wlo04P03N5,Sequence
214,216,216,somatic_variant,FDA-Approved,3CBFHlLnAU0h_OurUo6SY_Wlo04P03N5,Sequence
215,217,217,somatic_variant,FDA-Approved,3CBFHlLnAU0h_OurUo6SY_Wlo04P03N5,Sequence
216,218,218,somatic_variant,FDA-Approved,3CBFHlLnAU0h_OurUo6SY_Wlo04P03N5,Sequence
217,219,219,somatic_variant,Inferential,EFnQfPffgfrNDaueeiR-8iBgECCRtOiu,Sequence
218,220,220,somatic_variant,Inferential,EFnQfPffgfrNDaueeiR-8iBgECCRtOiu,Sequence
219,221,221,somatic_variant,Inferential,EFnQfPffgfrNDaueeiR-8iBgECCRtOiu,Sequence
220,222,222,somatic_variant,Inferential,EFnQfPffgfrNDaueeiR-8iBgECCRtOiu,Sequence
221,223,223,somatic_variant,Inferential,EFnQfPffgfrNDaueeiR-8iBgECCRtOiu,Sequence
222,224,224,somatic_variant,Inferential,EFnQfPffgfrNDaueeiR-8iBgECCRtOiu,Sequence
223,225,225,somatic_variant,FDA-Approved,EFnQfPffgfrNDaueeiR-8iBgECCRtOiu,Sequence
224,226,226,somatic_variant,FDA-Approved,2oHle2wihNcrEMNDkHRMtZ9y9o822--L,Sequence
225,227,227,somatic_variant,Inferential,07RDzeDtqSNyrSGNhlA_EHYpbAKvxagN,Sequence
226,228,228,somatic_variant,Inferential,07RDzeDtqSNyrSGNhlA_EHYpbAKvxagN,Sequence
227,229,229,somatic_variant,Inferential,07RDzeDtqSNyrSGNhlA_EHYpbAKvxagN,Sequence
228,230,230,somatic_variant,Inferential,07RDzeDtqSNyrSGNhlA_EHYpbAKvxagN,Sequence
229,231,231,somatic_variant,Inferential,07RDzeDtqSNyrSGNhlA_EHYpbAKvxagN,Sequence
230,232,232,somatic_variant,Inferential,07RDzeDtqSNyrSGNhlA_EHYpbAKvxagN,Sequence
231,233,233,somatic_variant,FDA-Approved,07RDzeDtqSNyrSGNhlA_EHYpbAKvxagN,Sequence
232,234,234,somatic_variant,Inferential,fGmSXmL03h92tz1U9l3puJKrp6BKJd5Z,Sequence
233,235,235,somatic_variant,Inferential,fGmSXmL03h92tz1U9l3puJKrp6BKJd5Z,Sequence
234,236,236,somatic_variant,Inferential,fGmSXmL03h92tz1U9l3puJKrp6BKJd5Z,Sequence
235,237,237,somatic_variant,Inferential,fGmSXmL03h92tz1U9l3puJKrp6BKJd5Z,Sequence
236,238,238,somatic_variant,Inferential,fGmSXmL03h92tz1U9l3puJKrp6BKJd5Z,Sequence
237,239,239,somatic_variant,Inferential,fGmSXmL03h92tz1U9l3puJKrp6BKJd5Z,Sequence
238,240,240,somatic_variant,FDA-Approved,fGmSXmL03h92tz1U9l3puJKrp6BKJd5Z,Sequence
239,241,241,somatic_variant,Clinical evidence,2_NY15Xb33mUJQuMdGiZIqN8n-Smrtzc,Sequence
240,242,242,somatic_variant,FDA-Approved,CA6GXRgc9cm1ATKiFiDHAxqaa2BwNlS2,Sequence
241,243,243,somatic_variant,Guideline,ajASQTs3E5liPOoH9vYDsgYk_YTgxCPN,Region-Defined
242,244,244,somatic_variant,Guideline,ajASQTs3E5liPOoH9vYDsgYk_YTgxCPN,Region-Defined
243,245,245,somatic_variant,Guideline,CA6GXRgc9cm1ATKiFiDHAxqaa2BwNlS2,Sequence
244,246,246,somatic_variant,Guideline,ajASQTs3E5liPOoH9vYDsgYk_YTgxCPN,Region-Defined
245,247,247,somatic_variant,Guideline,ajASQTs3E5liPOoH9vYDsgYk_YTgxCPN,Region-Defined
246,248,248,somatic_variant,Guideline,BhL1-cG755UyMwLNzaTdc_gSRyxw8_pn,Sequence
247,249,249,somatic_variant,Clinical trial,CA6GXRgc9cm1ATKiFiDHAxqaa2BwNlS2,Sequence
248,250,250,somatic_variant,Clinical trial,CA6GXRgc9cm1ATKiFiDHAxqaa2BwNlS2,Sequence
249,251,251,somatic_variant,Clinical trial,ajASQTs3E5liPOoH9vYDsgYk_YTgxCPN,Region-Defined
250,252,252,somatic_variant,Clinical trial,ajASQTs3E5liPOoH9vYDsgYk_YTgxCPN,Region-Defined
251,253,253,somatic_variant,Clinical trial,ajASQTs3E5liPOoH9vYDsgYk_YTgxCPN,Region-Defined
252,254,254,somatic_variant,Clinical trial,yN7CEE742jwNSExNLaD2PcrOnyWsLthA,Sequence
253,255,255,somatic_variant,Clinical trial,ajASQTs3E5liPOoH9vYDsgYk_YTgxCPN,Region-Defined
254,256,256,somatic_variant,Clinical trial,CA6GXRgc9cm1ATKiFiDHAxqaa2BwNlS2,Sequence
255,257,257,somatic_variant,Clinical trial,CA6GXRgc9cm1ATKiFiDHAxqaa2BwNlS2,Sequence
256,258,258,somatic_variant,Clinical evidence,ajASQTs3E5liPOoH9vYDsgYk_YTgxCPN,Region-Defined
257,259,259,somatic_variant,Clinical evidence,CA6GXRgc9cm1ATKiFiDHAxqaa2BwNlS2,Sequence
258,260,260,somatic_variant,Clinical evidence,yN7CEE742jwNSExNLaD2PcrOnyWsLthA,Sequence
259,261,261,somatic_variant,Clinical evidence,CA6GXRgc9cm1ATKiFiDHAxqaa2BwNlS2,Sequence
260,262,262,somatic_variant,Clinical evidence,yN7CEE742jwNSExNLaD2PcrOnyWsLthA,Sequence
261,263,263,somatic_variant,Clinical evidence,CA6GXRgc9cm1ATKiFiDHAxqaa2BwNlS2,Sequence
262,264,264,somatic_variant,Clinical evidence,CA6GXRgc9cm1ATKiFiDHAxqaa2BwNlS2,Sequence
263,265,265,somatic_variant,Clinical evidence,CA6GXRgc9cm1ATKiFiDHAxqaa2BwNlS2,Sequence
264,266,266,somatic_variant,FDA-Approved,ajASQTs3E5liPOoH9vYDsgYk_YTgxCPN,Region-Defined
265,267,267,somatic_variant,FDA-Approved,hx6_3C8SxBqguf4_Yo43Cz1YyWSg-W-i,Gene Function
266,268,268,somatic_variant,FDA-Approved,yN7CEE742jwNSExNLaD2PcrOnyWsLthA,Sequence
267,269,269,somatic_variant,Clinical evidence,ajASQTs3E5liPOoH9vYDsgYk_YTgxCPN,Region-Defined
268,270,270,somatic_variant,Clinical trial,epSlFQac8CSSgleyAG6SbW26vJTyHXie,Gene Function
269,271,271,somatic_variant,Clinical trial,yN7CEE742jwNSExNLaD2PcrOnyWsLthA,Sequence
270,272,272,somatic_variant,FDA-Approved,gWfgY_iv8apRnrKp4ymu6_BnAG1hpWYv,Sequence
271,273,273,somatic_variant,FDA-Approved,yN7CEE742jwNSExNLaD2PcrOnyWsLthA,Sequence
272,274,274,somatic_variant,FDA-Approved,BhL1-cG755UyMwLNzaTdc_gSRyxw8_pn,Sequence
273,275,275,somatic_variant,FDA-Approved,BhL1-cG755UyMwLNzaTdc_gSRyxw8_pn,Sequence
274,276,276,somatic_variant,Clinical evidence,SYJGKpcaCrYohA9XzyYWLbzYqrkGn29b,Sequence
275,277,277,somatic_variant,Guideline,syvqO7N3nJc3jTA_2rYcqLzXeQwTvWU-,Sequence
276,278,278,somatic_variant,Clinical evidence,0AIo1dE5thQ6eEn7kg5h--mbjD4AHtpD,Sequence
277,279,279,somatic_variant,Clinical evidence,HJR8dRC8svoFfO98J8r24z8PJ67UdD5X,Sequence
278,280,280,somatic_variant,Clinical evidence,HJR8dRC8svoFfO98J8r24z8PJ67UdD5X,Sequence
279,281,281,somatic_variant,Clinical evidence,XIdRpB9XDixubW6tuEKruxrxbDweQY9-,Gene Function
280,282,282,somatic_variant,Clinical evidence,hgu-phBP1ch2J8FCXp__-T6Xa98lT14W,Sequence
281,283,283,somatic_variant,Guideline,dbBtLmu1UqfygHjQPXwP3MsML9FkbVbw,Sequence
282,284,284,somatic_variant,Guideline,kXbwGPHu2p0ZIw1nkKabCqjLvv8nyt40,Sequence
283,285,285,somatic_variant,Guideline,eOJyZmOSwyTl3skhrYNqu_iusLNnbu8e,Sequence
284,286,286,somatic_variant,Guideline,wM705QxZw2lSx_QdWC07xK7H9AFaFHSu,Sequence
285,287,287,somatic_variant,FDA-Approved,vMX7_AFYT73PDiNeAxUEoq5zNg-5dgg0,Gene Function
286,288,288,somatic_variant,FDA-Approved,lJI8l8z-K4C35YPOBR0bGRYjNnbbJ3Fi,Sequence
287,289,289,somatic_variant,FDA-Approved,loPI2tfHzit5CL3sZcpV5dq2LcemBk-n,Sequence
288,290,290,somatic_variant,FDA-Approved,FYWrKFuEZtY37fpglEHPXAr2kzP9lYA8,Sequence
289,291,291,somatic_variant,FDA-Approved,Tw19nntZq3XuticWJbk3Lk37tJf9aaXi,Sequence
290,292,292,somatic_variant,FDA-Approved,N6yrcgjXyIO69h-3xUAuKzqMIcs8yZD6,Region-Defined
291,293,293,somatic_variant,Preclinical,3aZ-wRDGLHP2602SiH83Km9O5y_nf0AU,Sequence
292,294,294,somatic_variant,FDA-Approved,pcvTddijF9oILBoA_0RFLYXyzZ13ic38,Sequence
293,295,295,somatic_variant,FDA-Approved,7yRmtKj6XBtHMl2vKqm3_YX3AJHbZGHg,Sequence
294,296,296,somatic_variant,FDA-Approved,HxqBq-V4IPl9VOKP3lxSPRbffTb2lbjb,Sequence
295,297,297,somatic_variant,FDA-Approved,oqPxnyx7dC1rvOFtdwfxKvbnivbGqPP-,Sequence
296,298,298,somatic_variant,Clinical evidence,78ZpCUYI1PGCwDzpIgfszwBcZ6OlccLH,Gene Function
297,299,299,somatic_variant,Clinical evidence,78ZpCUYI1PGCwDzpIgfszwBcZ6OlccLH,Gene Function
298,300,300,somatic_variant,Clinical evidence,78ZpCUYI1PGCwDzpIgfszwBcZ6OlccLH,Gene Function
299,301,301,somatic_variant,Clinical evidence,05G5IhlyJrN6vjp1gIN0LJuabA1t-w6Z,Sequence
300,302,302,somatic_variant,Clinical evidence,05G5IhlyJrN6vjp1gIN0LJuabA1t-w6Z,Sequence
301,303,303,somatic_variant,Clinical evidence,05G5IhlyJrN6vjp1gIN0LJuabA1t-w6Z,Sequence
302,304,304,somatic_variant,Clinical evidence,nF_ruAlDfRMUPvVfI_74mNKTDvF3fyaK,Sequence
303,305,305,somatic_variant,Preclinical,Y-q4BpHbycxqjL4bDeLHTkoBqt--faDS,Sequence
304,306,306,somatic_variant,Clinical evidence,15IpVJmgYeLMTvqvFPMyAZGYwYkxCWhk,Sequence
305,307,307,somatic_variant,FDA-Approved,5ceTclGLI0NocQ6uK3z13ZcpgytDgwyV,Sequence
306,308,308,somatic_variant,Guideline,5ceTclGLI0NocQ6uK3z13ZcpgytDgwyV,Sequence
307,309,309,somatic_variant,Guideline,5ceTclGLI0NocQ6uK3z13ZcpgytDgwyV,Sequence
308,310,310,somatic_variant,FDA-Approved,Ys-a1dxwRj4Uueg2IDQn0AgUO2tfVLj6,Sequence
309,311,311,somatic_variant,FDA-Approved,m1oGkcWStk01eMRCcK2ZOVThWzNpKoe-,Sequence
310,312,312,somatic_variant,FDA-Approved,Ys-a1dxwRj4Uueg2IDQn0AgUO2tfVLj6,Sequence
311,313,313,somatic_variant,FDA-Approved,m1oGkcWStk01eMRCcK2ZOVThWzNpKoe-,Sequence
312,314,314,somatic_variant,FDA-Approved,5ceTclGLI0NocQ6uK3z13ZcpgytDgwyV,Sequence
313,315,315,somatic_variant,FDA-Approved,5ceTclGLI0NocQ6uK3z13ZcpgytDgwyV,Sequence
314,316,316,somatic_variant,FDA-Approved,5CTDvLJpOFicl23TqIp-YXIyaVCR2hiq,Sequence
315,317,317,somatic_variant,FDA-Approved,PUvxN8FqHy3YamqDOpflLuAlVbwkDeoE,Sequence
316,318,318,somatic_variant,FDA-Approved,w60XgbYOquwZYLVLF5Opl-OWEX2IwoqR,Sequence
317,319,319,somatic_variant,Guideline,4qVoeZa3k3VP28q38mCC6j6uZJBBSvKt,Sequence
318,320,320,somatic_variant,Guideline,4qVoeZa3k3VP28q38mCC6j6uZJBBSvKt,Sequence
319,321,321,somatic_variant,Guideline,A1mNurLibAh3_uo5eyP1aYapInSvqJhu,Sequence
320,322,322,somatic_variant,Guideline,PUvxN8FqHy3YamqDOpflLuAlVbwkDeoE,Sequence
321,323,323,somatic_variant,Guideline,w60XgbYOquwZYLVLF5Opl-OWEX2IwoqR,Sequence
322,324,324,somatic_variant,Clinical evidence,auITFECTrlGI1UTBH6-aWAQEhoaJRHMR,Sequence
323,325,325,somatic_variant,Preclinical,Zn_WyPX25vtkid5hDiABa4gs0QXpBVts,Sequence
324,326,326,somatic_variant,Preclinical,fwZ60AcCJ6kQgckN9kGTftzFXPfp3Aeo,Sequence
325,327,327,somatic_variant,Clinical evidence,WHpkobZOwEELWL4ApS4aKWhrjk0KRsSL,Sequence
326,328,328,somatic_variant,Clinical evidence,Rjk1qSjogNxv6rP4fbzU5PvhMSVGsWqD,Sequence
327,329,329,somatic_variant,Preclinical,tHXleL4pCWmAXuVSNa7kBSWak8dWNjw9,Sequence
328,330,330,somatic_variant,Preclinical,s0im3cLAV7Gtr-3ZYX1DmvrxBniy3NzK,Sequence
329,331,331,somatic_variant,Preclinical,3TmsXwYSgDwismzYlFAItNei7XlgcDcJ,Sequence
330,332,332,somatic_variant,Preclinical,tHXleL4pCWmAXuVSNa7kBSWak8dWNjw9,Sequence
331,333,333,somatic_variant,Preclinical,s0im3cLAV7Gtr-3ZYX1DmvrxBniy3NzK,Sequence
332,334,334,somatic_variant,Preclinical,3TmsXwYSgDwismzYlFAItNei7XlgcDcJ,Sequence
333,335,335,somatic_variant,FDA-Approved,OhYZ4_vkgDtL5Lndk-j2lZhDdZogLxlw,Region-Defined
334,336,336,somatic_variant,FDA-Approved,OhYZ4_vkgDtL5Lndk-j2lZhDdZogLxlw,Region-Defined
335,337,337,somatic_variant,FDA-Approved,OhYZ4_vkgDtL5Lndk-j2lZhDdZogLxlw,Region-Defined
336,338,338,somatic_variant,FDA-Approved,OhYZ4_vkgDtL5Lndk-j2lZhDdZogLxlw,Region-Defined
337,339,339,somatic_variant,FDA-Approved,7DaMzcEXkI0K96pIDLYqrXublLUGxuuA,Sequence
338,340,340,somatic_variant,FDA-Approved,rwjIoNNuu57UEQwy6HowMlwdgKKcdM8i,Sequence
339,341,341,somatic_variant,FDA-Approved,OhYZ4_vkgDtL5Lndk-j2lZhDdZogLxlw,Region-Defined
340,342,342,somatic_variant,FDA-Approved,7DaMzcEXkI0K96pIDLYqrXublLUGxuuA,Sequence
341,343,343,somatic_variant,FDA-Approved,rwjIoNNuu57UEQwy6HowMlwdgKKcdM8i,Sequence
342,344,344,somatic_variant,Guideline,OhYZ4_vkgDtL5Lndk-j2lZhDdZogLxlw,Region-Defined
343,345,345,somatic_variant,Guideline,KH5cDdTin0DOJUjksguu6lAlX0F7AJIy,Region-Defined
344,346,346,somatic_variant,Guideline,IQxSmCCLUapm7akMQMKelHgPg1gPwGIz,Region-Defined
345,347,347,somatic_variant,Guideline,tlQCcDXuiICn9tPO5K6qOZbk07cSEdPZ,Sequence
346,348,348,somatic_variant,Guideline,DdT7S2azgEU9SjFI-SjoktoluPngDd8k,Sequence
347,349,349,somatic_variant,Guideline,nSP_SSS-6m8mdNqEiW7aPcgOFj2r-umB,Sequence
348,350,350,somatic_variant,Guideline,Ng4up2lkW5rKSF863niux2ZIeUfwRpGL,Sequence
349,351,351,somatic_variant,Guideline,Dsvvpkzv4LGBjykfH7SlHPMbu2ahF-IH,Sequence
350,352,352,somatic_variant,Guideline,aWllmN65hK58kNLQZqQUx4ZtvGIZBWsu,Sequence
351,353,353,somatic_variant,Guideline,RdoZ6C42_0XlczrQWCByw9LIjq3P4E_X,Sequence
352,354,354,somatic_variant,Guideline,k3YTR16QSym7EnYwtNCwJAH0DjcR3-GM,Region-Defined
353,355,355,somatic_variant,Guideline,ddTcSkAnGip4Sfu6OMPj9wlsYj2oiGHA,Sequence
354,356,356,somatic_variant,Guideline,OhYZ4_vkgDtL5Lndk-j2lZhDdZogLxlw,Region-Defined
355,357,357,somatic_variant,Guideline,KH5cDdTin0DOJUjksguu6lAlX0F7AJIy,Region-Defined
356,358,358,somatic_variant,Guideline,Vlr_W05yLPW-bQRqayPEnl2cpUILSi6P,Region-Defined
357,359,359,somatic_variant,Guideline,OhYZ4_vkgDtL5Lndk-j2lZhDdZogLxlw,Region-Defined
358,360,360,somatic_variant,Preclinical,6lOPAwIK3RUtg4yd_04HWPvq5Gtqb5j0,Sequence
359,361,361,somatic_variant,Preclinical,k3YTR16QSym7EnYwtNCwJAH0DjcR3-GM,Region-Defined
360,362,362,somatic_variant,Preclinical,OhYZ4_vkgDtL5Lndk-j2lZhDdZogLxlw,Region-Defined
361,363,363,somatic_variant,Preclinical,KH5cDdTin0DOJUjksguu6lAlX0F7AJIy,Region-Defined
362,364,364,somatic_variant,Preclinical,Ch4JcsgRY1j9t-mbOYSc5PGPvrDUoB4S,Region-Defined
363,365,365,somatic_variant,Clinical trial,Ch4JcsgRY1j9t-mbOYSc5PGPvrDUoB4S,Region-Defined
364,366,366,somatic_variant,Guideline,eeg-oafZ-3D22nVAFqJNWTXyLinbZQHa,Region-Defined
365,367,367,somatic_variant,Guideline,eeg-oafZ-3D22nVAFqJNWTXyLinbZQHa,Region-Defined
366,368,368,somatic_variant,Guideline,ppk6p0D0ellIvd7_2TM4XxCPWlsMWzmh,Region-Defined
367,369,369,somatic_variant,Guideline,ppk6p0D0ellIvd7_2TM4XxCPWlsMWzmh,Region-Defined
368,370,370,somatic_variant,Guideline,89PwaowPz22KvPbsFpiaJ77-SAM7teDY,Region-Defined
369,371,371,somatic_variant,Guideline,89PwaowPz22KvPbsFpiaJ77-SAM7teDY,Region-Defined
370,372,372,somatic_variant,FDA-Approved,fakcYvzKfW8iRc3NOsxpYAHNWzO2rJtS,Sequence
371,373,373,somatic_variant,Guideline,Ch4JcsgRY1j9t-mbOYSc5PGPvrDUoB4S,Region-Defined
372,374,374,somatic_variant,Clinical evidence,i_eSRW_QfoMryhqKxHyMK2GhF2oDuer8,Sequence
373,375,375,somatic_variant,Clinical trial,XLDR_3CYrDRLR1W6OSy_G857RtXTxZRS,Sequence
374,376,376,somatic_variant,Clinical trial,b4D3mgUV9D85JQVqGEuK-Erdk3v4R0v9,Sequence
375,377,377,somatic_variant,Clinical trial,9-Wnuf1h3Q-_BsOtpjRS-ndPAt68Lucg,Sequence
376,378,378,somatic_variant,Preclinical,Ch4JcsgRY1j9t-mbOYSc5PGPvrDUoB4S,Region-Defined
377,379,379,somatic_variant,Preclinical,Ch4JcsgRY1j9t-mbOYSc5PGPvrDUoB4S,Region-Defined
378,380,380,somatic_variant,Clinical evidence,Ch4JcsgRY1j9t-mbOYSc5PGPvrDUoB4S,Region-Defined
379,381,381,somatic_variant,Clinical evidence,Ch4JcsgRY1j9t-mbOYSc5PGPvrDUoB4S,Region-Defined
380,382,382,somatic_variant,Preclinical,Ch4JcsgRY1j9t-mbOYSc5PGPvrDUoB4S,Region-Defined
381,383,383,somatic_variant,Preclinical,Ch4JcsgRY1j9t-mbOYSc5PGPvrDUoB4S,Region-Defined
382,384,384,somatic_variant,Clinical evidence,Ch4JcsgRY1j9t-mbOYSc5PGPvrDUoB4S,Region-Defined
383,385,385,somatic_variant,Clinical evidence,Ch4JcsgRY1j9t-mbOYSc5PGPvrDUoB4S,Region-Defined
384,386,386,somatic_variant,Preclinical,_H63Puh0zQPE4C6m8hSBiKv5rbCNmQOO,Sequence
385,387,387,somatic_variant,Preclinical,6-unJZuwArgEy461BbG0iwfHz-LaZyjv,Sequence
386,388,388,somatic_variant,Clinical evidence,_H63Puh0zQPE4C6m8hSBiKv5rbCNmQOO,Sequence
387,389,389,somatic_variant,Preclinical,6-unJZuwArgEy461BbG0iwfHz-LaZyjv,Sequence
388,390,390,somatic_variant,Preclinical,6-unJZuwArgEy461BbG0iwfHz-LaZyjv,Sequence
389,391,391,somatic_variant,Preclinical,6-unJZuwArgEy461BbG0iwfHz-LaZyjv,Sequence
390,392,392,somatic_variant,Preclinical,3hjl-vIDPzcOLqf3V4mlala0hyeqITU-,Sequence
391,393,393,somatic_variant,Preclinical,3hjl-vIDPzcOLqf3V4mlala0hyeqITU-,Sequence
392,394,394,somatic_variant,Clinical evidence,fxt-XWEa-GIHSeprsdahNoqln1ODtkBb,Sequence
393,395,395,somatic_variant,Preclinical,NVsY7slv2TzQiszoxOfSdCCedxuZFdyO,Sequence
394,396,396,somatic_variant,Clinical evidence,6dThk5ei-83JMyRaJqwD8UWCPPDJTq-D,Region-Defined
395,397,397,somatic_variant,Preclinical,1p2lzuJJ3xYpAc2j9YStPgVVtAuZUDaK,Sequence
396,398,398,somatic_variant,Guideline,YKugPQESlTUJqBNc19AJKkZ2x31zHwP5,Other
397,399,399,somatic_variant,Guideline,hmXorAKfznO_7WX-f5om2DHG8ZFpSIqa,Sequence
398,400,400,somatic_variant,FDA-Approved,YKugPQESlTUJqBNc19AJKkZ2x31zHwP5,Other
399,401,401,somatic_variant,FDA-Approved,hmXorAKfznO_7WX-f5om2DHG8ZFpSIqa,Sequence
400,402,402,somatic_variant,Clinical evidence,Tnor4FhXVjkemW3fZxO1tA77JS8-5AQq,Sequence
401,403,403,somatic_variant,Preclinical,ZLUXhQidHZcPZI3fNqHDkjSdniV75zAw,Sequence
402,404,404,somatic_variant,Clinical evidence,cgUDlsxiMhpjuk9lWPYIA7_Hz7VCOFj9,Sequence
403,405,405,somatic_variant,Clinical evidence,z4PehjbLk8hZhDwVqHhvqWNBgyOve7vO,Sequence
404,406,406,somatic_variant,Clinical trial,SeyvjqY1D23n8Bck7cvfRsZQHhJYuEnB,Region-Defined
405,407,407,somatic_variant,Inferential,4ACkjf6yB8Tl-uwoHFH8DW2GFtkWkF39,Region-Defined
406,408,408,somatic_variant,Preclinical,aseEiKVwNZgBIBvWamwrXzaUUdS-_SWh,Sequence
407,409,409,somatic_variant,Guideline,IczHNjOqXt6p219RTpF0y8WKjvYSGhin,Region-Defined
408,410,410,somatic_variant,Guideline,IczHNjOqXt6p219RTpF0y8WKjvYSGhin,Region-Defined
409,411,411,somatic_variant,Guideline,zxs2GTx7qrPsAVr5ldSwBVocxH_AZobp,Sequence
410,412,412,somatic_variant,Guideline,GDQHANgePDKqI9S6ZrnFQNETSSBm4fMD,Sequence
411,413,413,somatic_variant,Guideline,_6QuOOW52v43h7yqrxt4SdI6rRn7Q6Y0,Sequence
412,414,414,somatic_variant,Guideline,6XzIfRmoQbUqY8sYQiPI6l5Qy7R2hiKj,Sequence
413,415,415,somatic_variant,Guideline,lPF24EgmPJErDH0FPZ7SoWb4De4hkoDN,Sequence
414,416,416,somatic_variant,Guideline,440hsGQzX-e1BifENJtHvnxTZAqcevWA,Sequence
415,417,417,somatic_variant,Guideline,B7H_uWIWrPpdH_xoeTqeBSePCqOeuMGK,Sequence
416,418,418,somatic_variant,Guideline,O8gr4sO6oTiDERX7UkEzDRfIi9Ewh2SH,Sequence
417,419,419,somatic_variant,Guideline,r3Tk1d4ZFbyhmj9akHqNvSos17cDJ2f6,Sequence
418,420,420,somatic_variant,Guideline,QPpZoKY2orQ0DsNht496DST42u0TlXlp,Sequence
419,421,421,somatic_variant,Guideline,l--eG_BWy8Ku77c_0_n_E4W-V8xfsU02,Sequence
420,422,422,somatic_variant,Guideline,Qj9vESybbyv0H1Wn5be5NA0pjQ13EziM,Sequence
421,423,423,somatic_variant,Guideline,7ObsHadxSFWVUT1J5bBs2w18AQOyzPZ6,Sequence
422,424,424,somatic_variant,Guideline,zfCQ6wBJtJv4GfQVr7gdlhSAuAM6ZA0j,Sequence
423,425,425,somatic_variant,Clinical evidence,O7YkBO-ZiaHqthNy7OFAHDl0QLQsaLkN,Sequence
424,426,426,somatic_variant,Clinical evidence,GDQHANgePDKqI9S6ZrnFQNETSSBm4fMD,Sequence
425,427,427,somatic_variant,Clinical evidence,_6QuOOW52v43h7yqrxt4SdI6rRn7Q6Y0,Sequence
426,428,428,somatic_variant,Clinical evidence,6XzIfRmoQbUqY8sYQiPI6l5Qy7R2hiKj,Sequence
427,429,429,somatic_variant,Clinical evidence,lPF24EgmPJErDH0FPZ7SoWb4De4hkoDN,Sequence
428,430,430,somatic_variant,Clinical evidence,440hsGQzX-e1BifENJtHvnxTZAqcevWA,Sequence
429,431,431,somatic_variant,Clinical evidence,B7H_uWIWrPpdH_xoeTqeBSePCqOeuMGK,Sequence
430,432,432,somatic_variant,Clinical evidence,O8gr4sO6oTiDERX7UkEzDRfIi9Ewh2SH,Sequence
431,433,433,somatic_variant,Clinical evidence,r3Tk1d4ZFbyhmj9akHqNvSos17cDJ2f6,Sequence
432,434,434,somatic_variant,Clinical evidence,QPpZoKY2orQ0DsNht496DST42u0TlXlp,Sequence
433,435,435,somatic_variant,Clinical evidence,l--eG_BWy8Ku77c_0_n_E4W-V8xfsU02,Sequence
434,436,436,somatic_variant,Clinical evidence,Qj9vESybbyv0H1Wn5be5NA0pjQ13EziM,Sequence
435,437,437,somatic_variant,Clinical evidence,7ObsHadxSFWVUT1J5bBs2w18AQOyzPZ6,Sequence
436,438,438,somatic_variant,Clinical evidence,zfCQ6wBJtJv4GfQVr7gdlhSAuAM6ZA0j,Sequence
437,439,439,somatic_variant,Clinical evidence,O7YkBO-ZiaHqthNy7OFAHDl0QLQsaLkN,Sequence
438,440,440,somatic_variant,Clinical evidence,IczHNjOqXt6p219RTpF0y8WKjvYSGhin,Region-Defined
439,441,441,somatic_variant,Inferential,YLXf4Q8yr45bD0I_v6nkpDjBFuGPdFbd,Sequence
440,442,442,somatic_variant,Inferential,YLXf4Q8yr45bD0I_v6nkpDjBFuGPdFbd,Sequence
441,443,443,somatic_variant,Inferential,YLXf4Q8yr45bD0I_v6nkpDjBFuGPdFbd,Sequence
442,444,444,somatic_variant,Inferential,YLXf4Q8yr45bD0I_v6nkpDjBFuGPdFbd,Sequence
443,445,445,somatic_variant,Inferential,YLXf4Q8yr45bD0I_v6nkpDjBFuGPdFbd,Sequence
444,446,446,somatic_variant,Inferential,YLXf4Q8yr45bD0I_v6nkpDjBFuGPdFbd,Sequence
445,447,447,somatic_variant,Clinical evidence,YLXf4Q8yr45bD0I_v6nkpDjBFuGPdFbd,Sequence
446,448,448,somatic_variant,FDA-Approved,YLXf4Q8yr45bD0I_v6nkpDjBFuGPdFbd,Sequence
447,449,449,somatic_variant,Clinical evidence,1d8qprONBVH0DCf33DxRrESsdKGmwq-w,Sequence
448,450,450,somatic_variant,Guideline,s7a-0im0qk6uZJKCjwU38ZDRhZOTPRgy,Region-Defined
449,451,451,somatic_variant,Guideline,lJ2CHg6lvjbJxxbakrDp7HI8APl3DbcE,Sequence
450,452,452,somatic_variant,Preclinical,lJ2CHg6lvjbJxxbakrDp7HI8APl3DbcE,Sequence
451,453,453,somatic_variant,FDA-Approved,0FC2ntgPhdwYWHZsU1ZWj5n95qDgJ3ef,Region-Defined
452,454,454,somatic_variant,FDA-Approved,lJ2CHg6lvjbJxxbakrDp7HI8APl3DbcE,Sequence
453,455,455,somatic_variant,Clinical evidence,LcUlUJSOjCqsRLJmRnO96gb8Vkx93Tax,Sequence
454,456,456,somatic_variant,FDA-Approved,GFoQKE8QOMIG-9TMW-yRJKf8srTlmKjO,Region-Defined
455,457,457,somatic_variant,Preclinical,MQzbXY-UhWu_RsIL7uZvgmhY9ERkVXpY,Region-Defined
456,458,458,somatic_variant,Clinical trial,MQzbXY-UhWu_RsIL7uZvgmhY9ERkVXpY,Region-Defined
457,459,459,somatic_variant,Preclinical,pl6EApAp5Gs0hXZu11K48MMRjisSafWf,Sequence
458,460,460,somatic_variant,Preclinical,mPQ2_tTAkL-zEJXmNVhoKr2eEvpMq4Mx,Sequence
459,461,461,somatic_variant,Preclinical,G3imftXHyRbAoFDZe7ZkVv2HX0ajIonr,Sequence
460,462,462,somatic_variant,Preclinical,QK3P4ufEbSj19kSOflD_iX52EvCKxGIg,Sequence
461,463,463,somatic_variant,Preclinical,ZymeDYbYMFLJrv5_qA_-0DESukyIvinP,Sequence
462,464,464,somatic_variant,Preclinical,2cB2VP_fJ5zmzZDufHtGW3MRXVPM72_9,Sequence
463,465,465,somatic_variant,Preclinical,2cB2VP_fJ5zmzZDufHtGW3MRXVPM72_9,Sequence
464,466,466,somatic_variant,Preclinical,VOhT9JZw6JEqfC107oZhfsaxp8IzfTFr,Sequence
465,467,467,somatic_variant,Preclinical,K7ETVD7cCoYDCBCw-AE8RO1KptJNKpB4,Sequence
466,468,468,somatic_variant,Preclinical,Oop2NClmNbZVoO2Copr51MU_ZnXpVEuL,Sequence
467,469,469,somatic_variant,Preclinical,JK7HLi9q4bp4N1ZTNv9QBBnv0A4fLk5A,Sequence
468,470,470,somatic_variant,Preclinical,fVDb9yeVrrXlQlkP_2e_Bvvc2fm6KAmZ,Sequence
469,471,471,somatic_variant,Preclinical,QGnAZJzZ9B-C_we-vawRBj2Zt0Yiz7as,Sequence
470,472,472,somatic_variant,Preclinical,OjU4HLS4nwUasl01PXz0ivZNMvEKlGJq,Sequence
471,473,473,somatic_variant,Preclinical,a43zv5cZPDUI-fNWfpGH28P0x65VmWnY,Sequence
472,474,474,somatic_variant,Preclinical,Ru4k8eTJD-cVNB6TbcqZUt9SndWtuKGn,Sequence
473,475,475,somatic_variant,Preclinical,Ru4k8eTJD-cVNB6TbcqZUt9SndWtuKGn,Sequence
474,476,476,somatic_variant,Preclinical,Ynfqwzszug_EFnTycKF_gfSKp8KNu1mS,Sequence
475,477,477,somatic_variant,Preclinical,7sAQco8aSgDzyUHIznLP2FTTfSGf8AWb,Sequence
476,478,478,somatic_variant,Preclinical,HvfbgB8dY5EkpmfNQg_k3OOl_6f4TW7Y,Sequence
477,479,479,somatic_variant,Clinical evidence,_AN-uU4YjdeFkwj_rjtAq3QfT7dRBfK1,Sequence
478,480,480,somatic_variant,Clinical evidence,VcdozBvrNWYPg4qIFSymoJVHXpoHuGVy,Sequence
479,481,481,somatic_variant,Clinical evidence,nSPS4-G5aaqLaAY1C4YmUG9IAn4j8sF8,Sequence
480,482,482,somatic_variant,Clinical evidence,xXmb-xmrNBmW1BzWWU5zcj4qSx2K6WOz,Sequence
481,483,483,somatic_variant,Inferential,KGCaHZMsoObEpd491MLOZVeSxa63NlYj,Sequence
482,484,484,somatic_variant,Inferential,KGCaHZMsoObEpd491MLOZVeSxa63NlYj,Sequence
483,485,485,somatic_variant,Inferential,KGCaHZMsoObEpd491MLOZVeSxa63NlYj,Sequence
484,486,486,somatic_variant,Clinical evidence,jrezEsrySwFPkKRfB-hmHD6lgNYLDwm5,Sequence
485,487,487,somatic_variant,Inferential,N1i1nKhMG7GQXxSJzRt-8006xVhl-Aio,Region-Defined
486,488,488,somatic_variant,Inferential,N1i1nKhMG7GQXxSJzRt-8006xVhl-Aio,Region-Defined
487,489,489,somatic_variant,Inferential,N1i1nKhMG7GQXxSJzRt-8006xVhl-Aio,Region-Defined
488,490,490,somatic_variant,Preclinical,zym8g8peUxw3epBJ3G9c7t8ZVGdxxMqr,Gene Function
489,491,491,somatic_variant,Preclinical,QB_T2oCqP--I5z13QaeInPQuaEWl3n0F,Sequence
490,492,492,somatic_variant,Preclinical,eKFPMq1HSg-lyFhmtFQWDpcHjWBGmXa8,Other
491,493,493,somatic_variant,Clinical evidence,zym8g8peUxw3epBJ3G9c7t8ZVGdxxMqr,Gene Function
492,494,494,somatic_variant,Clinical evidence,QB_T2oCqP--I5z13QaeInPQuaEWl3n0F,Sequence
493,495,495,somatic_variant,Clinical evidence,eKFPMq1HSg-lyFhmtFQWDpcHjWBGmXa8,Other
494,496,496,somatic_variant,Clinical trial,SFC9lWl2S1nf7tGvHmBj-oMEePHQ5pHS,Region-Defined
495,497,497,somatic_variant,Clinical evidence,zym8g8peUxw3epBJ3G9c7t8ZVGdxxMqr,Gene Function
496,498,498,somatic_variant,Clinical evidence,QB_T2oCqP--I5z13QaeInPQuaEWl3n0F,Sequence
497,499,499,somatic_variant,Clinical evidence,eKFPMq1HSg-lyFhmtFQWDpcHjWBGmXa8,Other
498,500,500,somatic_variant,Clinical evidence,zym8g8peUxw3epBJ3G9c7t8ZVGdxxMqr,Gene Function
499,501,501,somatic_variant,Guideline,pRN0omqwrWZOXRGS0_F2ORrrD77cRhrs,Sequence
500,502,502,somatic_variant,FDA-Approved,G8b2oBtX3gDtkK_odJA8tv6-HIMa2591,Region-Defined
501,503,503,somatic_variant,Inferential,I4I_C5W3WTcrJrDzfwB2fGzi3asCjwy9,Region-Defined
502,504,504,somatic_variant,Inferential,I4I_C5W3WTcrJrDzfwB2fGzi3asCjwy9,Region-Defined
503,505,505,somatic_variant,Inferential,I4I_C5W3WTcrJrDzfwB2fGzi3asCjwy9,Region-Defined
504,506,506,somatic_variant,Inferential,I4I_C5W3WTcrJrDzfwB2fGzi3asCjwy9,Region-Defined
505,507,507,somatic_variant,Inferential,I4I_C5W3WTcrJrDzfwB2fGzi3asCjwy9,Region-Defined
506,508,508,somatic_variant,Inferential,I4I_C5W3WTcrJrDzfwB2fGzi3asCjwy9,Region-Defined
507,509,509,somatic_variant,FDA-Approved,I4I_C5W3WTcrJrDzfwB2fGzi3asCjwy9,Region-Defined
508,510,510,somatic_variant,Inferential,1jNMg8SUwUqzKccRYHdjz0kjWeqIJjiQ,Region-Defined
509,511,511,somatic_variant,Inferential,1jNMg8SUwUqzKccRYHdjz0kjWeqIJjiQ,Region-Defined
510,512,512,somatic_variant,Inferential,1jNMg8SUwUqzKccRYHdjz0kjWeqIJjiQ,Region-Defined
511,513,513,somatic_variant,Inferential,1jNMg8SUwUqzKccRYHdjz0kjWeqIJjiQ,Region-Defined
512,514,514,somatic_variant,Inferential,1jNMg8SUwUqzKccRYHdjz0kjWeqIJjiQ,Region-Defined
513,515,515,somatic_variant,Inferential,1jNMg8SUwUqzKccRYHdjz0kjWeqIJjiQ,Region-Defined
514,516,516,somatic_variant,FDA-Approved,1jNMg8SUwUqzKccRYHdjz0kjWeqIJjiQ,Region-Defined
515,517,517,somatic_variant,FDA-Approved,xVY5x_YydD41NUlSh2z3AdlDtOpw0CdP,Region-Defined
516,518,518,somatic_variant,Clinical evidence,On28EZ3x8H4M3egXT4db0PWT1DBpN9Fa,Sequence
517,519,519,somatic_variant,Clinical evidence,guO_dEF4gybR7C-BI0IOgt58LjdY2aPQ,Sequence
518,520,520,somatic_variant,Clinical evidence,IAs3pKrGS-tD9Ft31Hz8dozXoWHhTY1w,Sequence
519,521,521,somatic_variant,FDA-Approved,pgsbosANS9N6Bto9OWpE-g7V1geEyJTm,Region-Defined
520,522,522,somatic_variant,Guideline,t_9cdCm2Mh0G2EAT5vxCPNTBwnWLPkDQ,Sequence
521,523,523,somatic_variant,Guideline,agUceR1VdZprF-x_4wT3P7CsGw-56hCn,Sequence
522,524,524,somatic_variant,Guideline,6WHEKeja3AFitGOUSuOJQDZHmz0sJhCJ,Sequence
523,525,525,somatic_variant,Guideline,Q5SG_HkRbM1iZs2GA22kbli7fRcLjSmy,Sequence
524,526,526,somatic_variant,Guideline,6IEivtIe_Jd6SCa_luVNsyEgSPUzVoua,Sequence
525,527,527,somatic_variant,Guideline,DgQMX2jpDFyWpW8OE3Zhu7E7CV_ggxDh,Sequence
526,528,528,somatic_variant,Guideline,ywqAQd7G79qN4ZWA6mFDArmjdy6t4SvA,Sequence
527,529,529,somatic_variant,Guideline,tZq7fdLKFWyEuYNoGToRS4TfWjn4krUV,Sequence
528,530,530,somatic_variant,Guideline,vkiog0bERzxJUPAasHjExc9IrLphXnuP,Sequence
529,531,531,somatic_variant,Guideline,ikKxBCS_daJSqgDutG9P6zKONf4Bz2IO,Sequence
530,532,532,somatic_variant,Guideline,di6HgHtZH9p6vOFxehdYN-A_36ehjdJm,Sequence
531,533,533,somatic_variant,Guideline,vASdBK-H3ONIo_vbfqohriCJ8ZPgMYOG,Sequence
532,534,534,somatic_variant,Guideline,1HiI_se3IJTFLSqdc9ezhJCZu0IqfrVM,Sequence
533,535,535,somatic_variant,Guideline,Kj7kHaWD29LJllplLBeAzmci4WmyTXtk,Sequence
534,536,536,somatic_variant,Guideline,gXMnI65sdjwsk3UAr43iDBP-6N-h0RiA,Sequence
535,537,537,somatic_variant,Guideline,M-iOiEb1qR9_UeDQkhdW2BDIrRIslWwg,Sequence
536,538,538,somatic_variant,Guideline,RUz9AHNUxRPpy6UiyCplBqhBWYkJLYMj,Sequence
537,539,539,somatic_variant,Guideline,7czcP19ai4JjIJ0CirxWm5EpHmcNm6yM,Sequence
538,540,540,somatic_variant,Guideline,U_1UHQSLZzU4Y2Dc9jo1-jd2-6_9VxuX,Sequence
539,541,541,somatic_variant,Guideline,1RWund7-6qN7qkaeKJ05VZO3H2o-fsuo,Sequence
540,542,542,somatic_variant,Guideline,Mug5GyePbCg7t9VH27ChWiFRjrVmU7pH,Sequence
541,543,543,somatic_variant,Guideline,woELWLW3nznmSz9eJgs_ZQA2cnFnqlmT,Sequence
542,544,544,somatic_variant,Guideline,W8PLU74gPr5Zjw5MCW5HkIYcfFDbUvjw,Sequence
543,545,545,somatic_variant,Guideline,HUTqN4do84fC38NtkO5tfAijPjPrAXRS,Sequence
544,546,546,somatic_variant,Guideline,0A9msDpKpuA0MefGytmYLhIDrEXEjvq_,Sequence
545,547,547,somatic_variant,Guideline,1PeJNjpeJ85-ZWbrmMv1XUyip3K2ZoUc,Sequence
546,548,548,somatic_variant,Guideline,jMmm4JJATh80y1FzcbdLUkOLWO58h_ow,Sequence
547,549,549,somatic_variant,Guideline,f45rGXuiUWkCvLk-sgon9jTJTUHxBbz4,Sequence
548,550,550,somatic_variant,Preclinical,ENuVn9LbDqxKtNjHr6kwWslHRFmIDHvp,Sequence
549,551,551,somatic_variant,Preclinical,RImpoULE2Lrn4pbIn9KRiMomXWDKV5rD,Sequence
550,552,552,somatic_variant,Preclinical,nyHl56t8A9R_ey6Pu3Xe_FfiWrAKuQ1e,Sequence
551,553,553,somatic_variant,Clinical evidence,vbGM4bClmp9ber3QSKlUlmt1TkAKfhuh,Sequence
552,554,554,somatic_variant,Clinical evidence,vbGM4bClmp9ber3QSKlUlmt1TkAKfhuh,Sequence
553,555,555,somatic_variant,Clinical evidence,vbGM4bClmp9ber3QSKlUlmt1TkAKfhuh,Sequence
554,556,556,somatic_variant,Guideline,hdCzDkDvLpeitby7V5B7WGv53MQw16lO,Sequence
555,557,557,somatic_variant,Guideline,TMZOfo7lfM6c_bj4oW72BSNop9LGEOYN,Sequence
556,558,558,somatic_variant,Guideline,pCNPipXhjYhf5q1EEew02gPdAR8t6gqI,Sequence
557,559,559,somatic_variant,Clinical evidence,Pcez2-xcWiA4tWX0OFPUICi31MMVruuo,Sequence
558,560,560,somatic_variant,Guideline,oHcvvKd4FCrjN1_K4PCrliI3uYoyRN8t,Sequence
559,561,561,somatic_variant,Guideline,jM_5WtYFrNg0fZWVR7c3gsTua1Qj6zoH,Sequence
560,562,562,somatic_variant,Guideline,5QoSW3rvW4ukXqbQagzzZ-Fdp3A4hZnb,Sequence
561,563,563,somatic_variant,Guideline,0L-ogJeoATt3NK1X8xVZ7J0vccIGkCfY,Sequence
562,564,564,somatic_variant,Guideline,jM_5WtYFrNg0fZWVR7c3gsTua1Qj6zoH,Sequence
563,565,565,somatic_variant,Guideline,5QoSW3rvW4ukXqbQagzzZ-Fdp3A4hZnb,Sequence
564,566,566,somatic_variant,Guideline,0L-ogJeoATt3NK1X8xVZ7J0vccIGkCfY,Sequence
565,567,567,somatic_variant,Guideline,oHcvvKd4FCrjN1_K4PCrliI3uYoyRN8t,Sequence
566,568,568,somatic_variant,Preclinical,dntUKLZKZBksxrc-6t8ZxWPU0eyPw1vr,Sequence
567,569,569,somatic_variant,Clinical trial,dntUKLZKZBksxrc-6t8ZxWPU0eyPw1vr,Sequence
568,570,570,somatic_variant,Clinical evidence,dntUKLZKZBksxrc-6t8ZxWPU0eyPw1vr,Sequence
569,571,571,somatic_variant,FDA-Approved,bC0JZk4SZSmDOmNNDloL8dFJwZDFs_ml,Sequence
570,572,572,somatic_variant,Clinical evidence,oYI3J2w_apOGbCzKI67BesWMlqRF7oJy,Sequence
571,573,573,somatic_variant,Clinical evidence,xqjzMYsIDzg5Ym3v4IdRxkBvykd4ChT2,Sequence
572,574,574,somatic_variant,Clinical evidence,oYI3J2w_apOGbCzKI67BesWMlqRF7oJy,Sequence
573,575,575,somatic_variant,Clinical evidence,xqjzMYsIDzg5Ym3v4IdRxkBvykd4ChT2,Sequence
574,576,576,somatic_variant,Clinical trial,bC0JZk4SZSmDOmNNDloL8dFJwZDFs_ml,Sequence
575,577,577,somatic_variant,Clinical trial,UifmTCE61mKJ5BivSuH9sSmtP3iXEEaS,Sequence
576,578,578,somatic_variant,FDA-Approved,UifmTCE61mKJ5BivSuH9sSmtP3iXEEaS,Sequence
577,579,579,somatic_variant,Clinical evidence,yLDy7fDdtWmCXOg3C7FE0QgLFuFARMc5,Sequence
578,580,580,somatic_variant,Clinical evidence,dJHBtsdg6F-etNFCc-5YbkR2dQkcI21X,Sequence
579,581,581,somatic_variant,Clinical evidence,yLDy7fDdtWmCXOg3C7FE0QgLFuFARMc5,Sequence
580,582,582,somatic_variant,Clinical evidence,dJHBtsdg6F-etNFCc-5YbkR2dQkcI21X,Sequence
581,583,583,somatic_variant,Guideline,5CYfCkr6ObJJF0qdCUKGQrIAHGcvHWaJ,Sequence
582,584,584,somatic_variant,Guideline,fiIOLgOgMIL7tfgHB-4xIwKTh_dVII47,Sequence
583,585,585,germline_variant,Clinical evidence,Ey9F3N9DidgVt-CJ4kFR51idM9vTTbVD,Region-Defined
584,586,586,germline_variant,Clinical evidence,90KaX_EQloNCf6kQE7r70qSUYi7e1dQP,Region-Defined
585,587,587,germline_variant,Preclinical,iI5Teb--X0vwAurQKhx7ejx4MheNSnUL,Region-Defined
586,588,588,germline_variant,Inferential,PlJo40nv4oXsmxfr0QCzD2oII_eAHqkx,Sequence
587,589,589,germline_variant,Inferential,PlJo40nv4oXsmxfr0QCzD2oII_eAHqkx,Sequence
588,590,590,germline_variant,Inferential,PlJo40nv4oXsmxfr0QCzD2oII_eAHqkx,Sequence
589,591,591,germline_variant,Inferential,PlJo40nv4oXsmxfr0QCzD2oII_eAHqkx,Sequence
590,592,592,germline_variant,Inferential,PlJo40nv4oXsmxfr0QCzD2oII_eAHqkx,Sequence
591,593,593,germline_variant,Inferential,PlJo40nv4oXsmxfr0QCzD2oII_eAHqkx,Sequence
592,594,594,germline_variant,FDA-Approved,FIxwaPFCjwTm8QpOz99YTKVPmeViiPRj,Sequence
593,595,595,germline_variant,FDA-Approved,FIxwaPFCjwTm8QpOz99YTKVPmeViiPRj,Sequence
594,596,596,germline_variant,FDA-Approved,FIxwaPFCjwTm8QpOz99YTKVPmeViiPRj,Sequence
595,597,597,germline_variant,FDA-Approved,FIxwaPFCjwTm8QpOz99YTKVPmeViiPRj,Sequence
596,598,598,germline_variant,FDA-Approved,FIxwaPFCjwTm8QpOz99YTKVPmeViiPRj,Sequence
597,599,599,germline_variant,FDA-Approved,FIxwaPFCjwTm8QpOz99YTKVPmeViiPRj,Sequence
598,600,600,germline_variant,FDA-Approved,FIxwaPFCjwTm8QpOz99YTKVPmeViiPRj,Sequence
599,601,601,germline_variant,Guideline,FIxwaPFCjwTm8QpOz99YTKVPmeViiPRj,Sequence
600,602,602,germline_variant,Clinical evidence,5UD28MjD2bPMEnlA6enWWTEftU7JVXzi,Sequence
601,603,603,germline_variant,Guideline,FIxwaPFCjwTm8QpOz99YTKVPmeViiPRj,Sequence
602,604,604,germline_variant,Guideline,FIxwaPFCjwTm8QpOz99YTKVPmeViiPRj,Sequence
603,605,605,germline_variant,Guideline,FIxwaPFCjwTm8QpOz99YTKVPmeViiPRj,Sequence
604,606,606,germline_variant,Guideline,FIxwaPFCjwTm8QpOz99YTKVPmeViiPRj,Sequence
605,607,607,germline_variant,FDA-Approved,FIxwaPFCjwTm8QpOz99YTKVPmeViiPRj,Sequence
606,608,608,germline_variant,FDA-Approved,FIxwaPFCjwTm8QpOz99YTKVPmeViiPRj,Sequence
607,609,609,germline_variant,FDA-Approved,FIxwaPFCjwTm8QpOz99YTKVPmeViiPRj,Sequence
608,610,610,germline_variant,FDA-Approved,FIxwaPFCjwTm8QpOz99YTKVPmeViiPRj,Sequence
609,611,611,germline_variant,FDA-Approved,FIxwaPFCjwTm8QpOz99YTKVPmeViiPRj,Sequence
610,612,612,germline_variant,Guideline,vJ-aBSTK3UlEGwrerRrVZCQ3wLi5om1L,Sequence
611,613,613,germline_variant,Guideline,vJ-aBSTK3UlEGwrerRrVZCQ3wLi5om1L,Sequence
612,614,614,germline_variant,Guideline,vJ-aBSTK3UlEGwrerRrVZCQ3wLi5om1L,Sequence
613,615,615,germline_variant,Guideline,vJ-aBSTK3UlEGwrerRrVZCQ3wLi5om1L,Sequence
614,616,616,germline_variant,FDA-Approved,vJ-aBSTK3UlEGwrerRrVZCQ3wLi5om1L,Sequence
615,617,617,germline_variant,FDA-Approved,vJ-aBSTK3UlEGwrerRrVZCQ3wLi5om1L,Sequence
616,618,618,germline_variant,FDA-Approved,vJ-aBSTK3UlEGwrerRrVZCQ3wLi5om1L,Sequence
617,619,619,germline_variant,FDA-Approved,vJ-aBSTK3UlEGwrerRrVZCQ3wLi5om1L,Sequence
618,620,620,germline_variant,FDA-Approved,vJ-aBSTK3UlEGwrerRrVZCQ3wLi5om1L,Sequence
619,621,621,germline_variant,FDA-Approved,vJ-aBSTK3UlEGwrerRrVZCQ3wLi5om1L,Sequence
620,622,622,germline_variant,FDA-Approved,vJ-aBSTK3UlEGwrerRrVZCQ3wLi5om1L,Sequence
621,623,623,germline_variant,FDA-Approved,vJ-aBSTK3UlEGwrerRrVZCQ3wLi5om1L,Sequence
622,624,624,germline_variant,Guideline,i3K0tcuhFKzBkb4jkwHaU0_NLz4NKKJj,Sequence
623,625,625,germline_variant,Clinical trial,i3K0tcuhFKzBkb4jkwHaU0_NLz4NKKJj,Sequence
624,626,626,germline_variant,Clinical evidence,i3K0tcuhFKzBkb4jkwHaU0_NLz4NKKJj,Sequence
625,627,627,germline_variant,FDA-Approved,vJ-aBSTK3UlEGwrerRrVZCQ3wLi5om1L,Sequence
626,628,628,germline_variant,Inferential,FTZUsnbP3NqV8v8EjtFZjdMmJZY4zkKl,Sequence
627,629,629,germline_variant,Inferential,FTZUsnbP3NqV8v8EjtFZjdMmJZY4zkKl,Sequence
628,630,630,germline_variant,Inferential,FTZUsnbP3NqV8v8EjtFZjdMmJZY4zkKl,Sequence
629,631,631,germline_variant,Inferential,FTZUsnbP3NqV8v8EjtFZjdMmJZY4zkKl,Sequence
630,632,632,germline_variant,Inferential,FTZUsnbP3NqV8v8EjtFZjdMmJZY4zkKl,Sequence
631,633,633,germline_variant,Inferential,FTZUsnbP3NqV8v8EjtFZjdMmJZY4zkKl,Sequence
632,634,634,germline_variant,Inferential,ilce3GzeWaqnJVKmNUEd3v6eoMiSTPoO,Sequence
633,635,635,germline_variant,Inferential,ilce3GzeWaqnJVKmNUEd3v6eoMiSTPoO,Sequence
634,636,636,germline_variant,Inferential,ilce3GzeWaqnJVKmNUEd3v6eoMiSTPoO,Sequence
635,637,637,germline_variant,Inferential,ilce3GzeWaqnJVKmNUEd3v6eoMiSTPoO,Sequence
636,638,638,germline_variant,Inferential,ilce3GzeWaqnJVKmNUEd3v6eoMiSTPoO,Sequence
637,639,639,germline_variant,Inferential,ilce3GzeWaqnJVKmNUEd3v6eoMiSTPoO,Sequence
638,640,640,germline_variant,Clinical evidence,21Dsk-EMxHX39g74q25xvvwO0y6DTj1W,Sequence
639,641,641,germline_variant,Guideline,THAXOo7-mz_eN5W-vv9xZGamw58EmHma,Region-Defined
640,642,642,germline_variant,Clinical evidence,feFkHIOWV4kBvbDHVewGLa52U8ZBt9Uo,Gene Function
641,643,643,germline_variant,Clinical evidence,5hzaroMLJ0ZYEpcpsH_2Jt9jLyW62MHv,Gene Function
642,644,644,germline_variant,Clinical evidence,8a97VEsDPJlUYwi12rRMrX0ja--y-7s0,Sequence
643,645,645,germline_variant,Clinical evidence,V4cNsne3fi9U4ltWfeWWDzBlQrltDesX,Sequence
644,646,646,germline_variant,Clinical evidence,F7zlpK1aGWOtp2A7EKFHY-lwGa6sLGlW,Sequence
645,647,647,germline_variant,Guideline,ePwF4HUueh4CDT4Fxx3p_FzUvSYJTnFf,Sequence
646,648,648,germline_variant,Clinical evidence,YE6iArMHoqQTYye9NvkzKXEx6PnSJJRS,Sequence
647,649,649,germline_variant,Clinical evidence,nPlW3oUsnH8RsPwmBn5DYqJ5SpVVWyHk,Gene Function
648,650,650,germline_variant,Clinical evidence,7FfPdZhemh1yAvAlb0t3RPP19sMnmGSt,Sequence
649,651,651,germline_variant,Clinical evidence,8l7P2RiSHxqU-HPz72HlADsaB-FZpopo,Sequence
650,652,652,germline_variant,Guideline,3pVcUSn2TP2EYFaiK_5i35sV05y6prGD,Sequence
651,653,653,germline_variant,Clinical evidence,3pVcUSn2TP2EYFaiK_5i35sV05y6prGD,Sequence
652,654,654,germline_variant,Guideline,jgShxgLTJ-JqPQvcTY1vXcN96mP2jg9B,Sequence
653,655,655,germline_variant,Clinical evidence,jgShxgLTJ-JqPQvcTY1vXcN96mP2jg9B,Sequence
654,656,656,germline_variant,Clinical evidence,ZxJsfglPn5R3PK7xWe0iHZU12tNzy7dr,Sequence
655,657,657,germline_variant,Inferential,YN2piIPmeWA9OCjbxrEEqwEB8mszLEz6,Sequence
656,658,658,germline_variant,Inferential,YN2piIPmeWA9OCjbxrEEqwEB8mszLEz6,Sequence
657,659,659,germline_variant,Inferential,YN2piIPmeWA9OCjbxrEEqwEB8mszLEz6,Sequence
658,660,660,germline_variant,Inferential,YN2piIPmeWA9OCjbxrEEqwEB8mszLEz6,Sequence
659,661,661,germline_variant,Inferential,YN2piIPmeWA9OCjbxrEEqwEB8mszLEz6,Sequence
660,662,662,germline_variant,Inferential,YN2piIPmeWA9OCjbxrEEqwEB8mszLEz6,Sequence
661,663,663,germline_variant,Clinical evidence,YN2piIPmeWA9OCjbxrEEqwEB8mszLEz6,Sequence
662,664,664,germline_variant,Clinical evidence,Fv4BCIYPFhRfungqi_N6TmguXE0WH24-,Sequence
663,665,665,germline_variant,Guideline,bJVsfKgRGP1_heiIBOg4iQuNHVYBWeIV,Sequence
664,666,666,germline_variant,Clinical evidence,27HW2aK6sjk6t2gSVaNdzZJFNDciObUG,Sequence
665,667,667,germline_variant,Clinical evidence,l8Mac3EePI09odrKvjqIWAxUM2BZZvCk,Sequence
666,668,668,germline_variant,Clinical evidence,ATwZUNIHq-0tiSDCPIrs0oWwPLFeBhP1,Gene Function
667,669,669,germline_variant,Clinical evidence,4L1PBseo1wfJZrv8O-7TmdGpUjXB0bn-,Sequence
668,670,670,germline_variant,Inferential,lZBFySeQVGi5w-ninMEISorE9ZMsZ6V4,Region-Defined
669,671,671,germline_variant,Inferential,lZBFySeQVGi5w-ninMEISorE9ZMsZ6V4,Region-Defined
670,672,672,germline_variant,Inferential,lZBFySeQVGi5w-ninMEISorE9ZMsZ6V4,Region-Defined
671,673,673,germline_variant,Inferential,lZBFySeQVGi5w-ninMEISorE9ZMsZ6V4,Region-Defined
672,674,674,germline_variant,Inferential,lZBFySeQVGi5w-ninMEISorE9ZMsZ6V4,Region-Defined
673,675,675,germline_variant,Inferential,lZBFySeQVGi5w-ninMEISorE9ZMsZ6V4,Region-Defined
674,676,676,germline_variant,Inferential,Jon_uyZtkLScJPl8h5GjWeRukH0tf74W,Region-Defined
675,677,677,germline_variant,Inferential,Jon_uyZtkLScJPl8h5GjWeRukH0tf74W,Region-Defined
676,678,678,germline_variant,Inferential,Jon_uyZtkLScJPl8h5GjWeRukH0tf74W,Region-Defined
677,679,679,germline_variant,Inferential,Jon_uyZtkLScJPl8h5GjWeRukH0tf74W,Region-Defined
678,680,680,germline_variant,Inferential,Jon_uyZtkLScJPl8h5GjWeRukH0tf74W,Region-Defined
679,681,681,germline_variant,Inferential,Jon_uyZtkLScJPl8h5GjWeRukH0tf74W,Region-Defined
680,682,682,germline_variant,Clinical evidence,oX9oFrniePyXTvJAEBLfobxCSqw90-Ah,Sequence
681,683,683,germline_variant,Clinical evidence,U9J8YephCXjisrsIcdan_Emo95gGJcE3,Sequence
682,684,684,copy_number,Guideline,3UARkl5LfrN5fT94YHt3JJwST92U91uz,Copy Number
683,685,685,copy_number,Guideline,3UARkl5LfrN5fT94YHt3JJwST92U91uz,Copy Number
684,686,686,copy_number,Guideline,3UARkl5LfrN5fT94YHt3JJwST92U91uz,Copy Number
685,687,687,copy_number,Inferential,3UARkl5LfrN5fT94YHt3JJwST92U91uz,Copy Number
686,688,688,copy_number,Preclinical,CeJMcYcphCXn-bteHK_zsq9jIpL1TzCu,Copy Number
687,689,689,copy_number,Preclinical,Dr1Pm_KfeOKKaCenc1fK59tzRBS8X2f5,Copy Number
688,690,690,copy_number,Preclinical,Dr1Pm_KfeOKKaCenc1fK59tzRBS8X2f5,Copy Number
689,691,691,copy_number,Preclinical,LNk2MJMn6OLtrRs6g6UfsfVNa6KrSieZ,Copy Number
690,692,692,copy_number,Preclinical,XQAdwR8KFJH995whMh9cQy_rrFOZrJVZ,Copy Number
691,693,693,copy_number,Clinical evidence,XQAdwR8KFJH995whMh9cQy_rrFOZrJVZ,Copy Number
692,694,694,copy_number,Clinical trial,3fbbonDJNdNcr5acoLv0MtyEiDeVZWWz,Copy Number
693,695,695,copy_number,Clinical trial,V8Xp2jT6S4Np9RxPpmPsFrQtcxJ8liKO,Copy Number
694,696,696,copy_number,Inferential,erQTbU6o86oQAhrgM-ieT__HGvqpvTXQ,Copy Number
695,697,697,copy_number,Preclinical,t3cnVbVv4PV3pP0q6nM4Py3-AT23EgRH,Copy Number
696,698,698,copy_number,Inferential,xyIijRLbdp3BEX7NVe-RYPxh9hjXsiE4,Copy Number
697,699,699,copy_number,Inferential,xyIijRLbdp3BEX7NVe-RYPxh9hjXsiE4,Copy Number
698,700,700,copy_number,Inferential,xyIijRLbdp3BEX7NVe-RYPxh9hjXsiE4,Copy Number
699,701,701,copy_number,Inferential,xyIijRLbdp3BEX7NVe-RYPxh9hjXsiE4,Copy Number
700,702,702,copy_number,Inferential,xyIijRLbdp3BEX7NVe-RYPxh9hjXsiE4,Copy Number
701,703,703,copy_number,Inferential,xyIijRLbdp3BEX7NVe-RYPxh9hjXsiE4,Copy Number
702,704,704,copy_number,Guideline,T5cW9UjmAyhaP33lAlUh43LvA-3El6g_,Copy Number
703,705,705,copy_number,Guideline,T5cW9UjmAyhaP33lAlUh43LvA-3El6g_,Copy Number
704,706,706,copy_number,Clinical trial,T5cW9UjmAyhaP33lAlUh43LvA-3El6g_,Copy Number
705,707,707,copy_number,Inferential,T5cW9UjmAyhaP33lAlUh43LvA-3El6g_,Copy Number
706,708,708,copy_number,Inferential,OgxJA8FALeGBbvyhGOz1AOUhqdRIhqUi,Copy Number
707,709,709,copy_number,Inferential,OgxJA8FALeGBbvyhGOz1AOUhqdRIhqUi,Copy Number
708,710,710,copy_number,Clinical evidence,zvZDCL2E643p_i5AGwHYZJpgH6HSvEoE,Copy Number
709,711,711,copy_number,Inferential,80SDHA3Db1z3OnImrevHR_FA861fOMJy,Copy Number
710,712,712,copy_number,Clinical evidence,ZO_qzPYa7oeSr1RbB-_s9x9GFiw91YEQ,Copy Number
711,713,713,copy_number,Clinical evidence,NSLxLV_fyl-wrLW2tZmkcruj_f59uIXk,Copy Number
712,714,714,copy_number,Clinical trial,PWxJ97XlgUgdA5hvLmyZENRIL9pTYY84,Copy Number
713,715,715,copy_number,FDA-Approved,PWxJ97XlgUgdA5hvLmyZENRIL9pTYY84,Copy Number
714,716,716,copy_number,FDA-Approved,PWxJ97XlgUgdA5hvLmyZENRIL9pTYY84,Copy Number
715,717,717,copy_number,FDA-Approved,PWxJ97XlgUgdA5hvLmyZENRIL9pTYY84,Copy Number
716,718,718,copy_number,FDA-Approved,PWxJ97XlgUgdA5hvLmyZENRIL9pTYY84,Copy Number
717,719,719,copy_number,FDA-Approved,PWxJ97XlgUgdA5hvLmyZENRIL9pTYY84,Copy Number
718,720,720,copy_number,FDA-Approved,PWxJ97XlgUgdA5hvLmyZENRIL9pTYY84,Copy Number
719,721,721,copy_number,FDA-Approved,PWxJ97XlgUgdA5hvLmyZENRIL9pTYY84,Copy Number
720,722,722,copy_number,FDA-Approved,PWxJ97XlgUgdA5hvLmyZENRIL9pTYY84,Copy Number
721,723,723,copy_number,Inferential,PWxJ97XlgUgdA5hvLmyZENRIL9pTYY84,Copy Number
722,724,724,copy_number,FDA-Approved,PWxJ97XlgUgdA5hvLmyZENRIL9pTYY84,Copy Number
723,725,725,copy_number,Inferential,PWxJ97XlgUgdA5hvLmyZENRIL9pTYY84,Copy Number
724,726,726,copy_number,Preclinical,PWxJ97XlgUgdA5hvLmyZENRIL9pTYY84,Copy Number
725,727,727,copy_number,FDA-Approved,PWxJ97XlgUgdA5hvLmyZENRIL9pTYY84,Copy Number
726,728,728,copy_number,FDA-Approved,PWxJ97XlgUgdA5hvLmyZENRIL9pTYY84,Copy Number
727,729,729,copy_number,FDA-Approved,PWxJ97XlgUgdA5hvLmyZENRIL9pTYY84,Copy Number
728,730,730,copy_number,FDA-Approved,PWxJ97XlgUgdA5hvLmyZENRIL9pTYY84,Copy Number
729,731,731,copy_number,FDA-Approved,PWxJ97XlgUgdA5hvLmyZENRIL9pTYY84,Copy Number
730,732,732,copy_number,Clinical evidence,weGHSrqx0QS-NrripohiTUuTiDNNoOc4,Copy Number
731,733,733,copy_number,Preclinical,QUgvpsBVla7Lh9uG-eRTql6e8RlNx71H,Copy Number
732,734,734,copy_number,Preclinical,M3nhslwAOtH53_1qKxTkH1lYwXjgZ_z9,Copy Number
733,735,735,copy_number,Preclinical,M3nhslwAOtH53_1qKxTkH1lYwXjgZ_z9,Copy Number
734,736,736,copy_number,Preclinical,M3nhslwAOtH53_1qKxTkH1lYwXjgZ_z9,Copy Number
735,737,737,copy_number,Preclinical,M3nhslwAOtH53_1qKxTkH1lYwXjgZ_z9,Copy Number
736,738,738,copy_number,Preclinical,MGV952wNyKzNH1M_SPLM-PVk54BkamV2,Copy Number
737,739,739,copy_number,Preclinical,MGV952wNyKzNH1M_SPLM-PVk54BkamV2,Copy Number
738,740,740,copy_number,Preclinical,MGV952wNyKzNH1M_SPLM-PVk54BkamV2,Copy Number
739,741,741,copy_number,Preclinical,MGV952wNyKzNH1M_SPLM-PVk54BkamV2,Copy Number
740,742,742,copy_number,Inferential,uonXJa8H4gY7Ay1b8W1psh3jIqUOVxfE,Copy Number
741,743,743,copy_number,Preclinical,QK1QwEI-gqzynERzSoude81D7x2kxLcr,Copy Number
742,744,744,copy_number,Guideline,qzEKvMFpbE_dfFT3A7K0oAlHz8_3MGyB,Copy Number
743,745,745,copy_number,Preclinical,qY1hkAVQG0Rzug6qT9e_iHiZXkGJF2nv,Copy Number
744,746,746,copy_number,Guideline,R35AqGG9zRzldKwKJlajqNkczld38vfF,Copy Number
745,747,747,copy_number,Guideline,R35AqGG9zRzldKwKJlajqNkczld38vfF,Copy Number
746,748,748,copy_number,Inferential,R35AqGG9zRzldKwKJlajqNkczld38vfF,Copy Number
747,749,749,copy_number,Clinical trial,R35AqGG9zRzldKwKJlajqNkczld38vfF,Copy Number
748,750,750,copy_number,Preclinical,uUp9ABPT-hM_4tBjdvlwWI0RMJts9aQf,Copy Number
749,751,751,copy_number,Preclinical,9E5bTdeGqbNenIh4t_rrGMVf9gjnKPX1,Copy Number
750,752,752,copy_number,Inferential,Sj19h0R_coV0BU0eTv0lMcdxo9bZ_Sa1,Copy Number
751,753,753,copy_number,Clinical evidence,DoCDvxtUDIVzKgHZWvZKh4CChw6FfQgK,Copy Number
752,754,754,copy_number,Clinical evidence,mDdd33FKFo4rC3PzUHOXa_m3JEEQFJ7G,Copy Number
753,755,755,copy_number,Clinical trial,R4mFLnFtoISZrSFmZlG9EntqEqBho3N9,Copy Number
754,756,756,copy_number,Clinical trial,R4mFLnFtoISZrSFmZlG9EntqEqBho3N9,Copy Number
755,757,757,copy_number,Clinical evidence,m_HMIzkE0ILVPJoX_nUV5mxKvK7tvXen,Copy Number
756,758,758,copy_number,Clinical trial,cRpyTEraUGrqwN___mV56-fawkFH0JsS,Copy Number
757,759,759,copy_number,Preclinical,Z1mXZIPM8quzVjDEYT6mUUg-lESJFbOw,Copy Number
758,760,760,copy_number,Clinical evidence,Z1mXZIPM8quzVjDEYT6mUUg-lESJFbOw,Copy Number
759,761,761,copy_number,Preclinical,Z1mXZIPM8quzVjDEYT6mUUg-lESJFbOw,Copy Number
760,762,762,copy_number,Clinical evidence,Z1mXZIPM8quzVjDEYT6mUUg-lESJFbOw,Copy Number
761,763,763,copy_number,Inferential,Z1mXZIPM8quzVjDEYT6mUUg-lESJFbOw,Copy Number
762,764,764,copy_number,Inferential,Z1mXZIPM8quzVjDEYT6mUUg-lESJFbOw,Copy Number
763,765,765,copy_number,Guideline,74sefftfAAoATyozxpxnrY04hp90_Uqc,Copy Number
764,766,766,copy_number,Guideline,m6p11DBVPA6m-IqiCaWNm7ySAPFiSH-L,Copy Number
765,767,767,copy_number,Preclinical,JLAZczXVHfBwLGHa-KBJZtp_6zU7BdkL,Copy Number
766,768,768,microsatellite_stability,FDA-Approved,_qME1HhQ3VL9-nJaeABduePIk-j5Uyk6,Other
767,769,769,microsatellite_stability,FDA-Approved,_qME1HhQ3VL9-nJaeABduePIk-j5Uyk6,Other
768,770,770,microsatellite_stability,Guideline,_qME1HhQ3VL9-nJaeABduePIk-j5Uyk6,Other
769,771,771,microsatellite_stability,Guideline,_qME1HhQ3VL9-nJaeABduePIk-j5Uyk6,Other
770,772,772,microsatellite_stability,Guideline,_qME1HhQ3VL9-nJaeABduePIk-j5Uyk6,Other
771,773,773,microsatellite_stability,Clinical trial,_qME1HhQ3VL9-nJaeABduePIk-j5Uyk6,Other
772,774,774,mutational_signature,Inferential,Q5fvZXn0RMp6gTloacbqJrfb04Jn26as,Other
773,775,775,mutational_signature,Inferential,ERLBogrth6iApcBJK7GlUQV4tpAa8YfV,Other
774,776,776,mutational_signature,Inferential,Q5fvZXn0RMp6gTloacbqJrfb04Jn26as,Other
775,777,777,mutational_signature,Inferential,ERLBogrth6iApcBJK7GlUQV4tpAa8YfV,Other
776,778,778,mutational_signature,Inferential,Q5fvZXn0RMp6gTloacbqJrfb04Jn26as,Other
777,779,779,mutational_signature,Inferential,ERLBogrth6iApcBJK7GlUQV4tpAa8YfV,Other
778,780,780,mutational_signature,Inferential,XJAaf1muLwitBFCnWz3UcRXusoZgTF_i,Sequence
779,781,781,mutational_signature,Inferential,XJAaf1muLwitBFCnWz3UcRXusoZgTF_i,Sequence
780,782,782,mutational_signature,Inferential,iIkI-etRVFJPm71ylYFFxMEGSbK5S1Ae,Sequence
781,783,783,mutational_signature,Inferential,iIkI-etRVFJPm71ylYFFxMEGSbK5S1Ae,Sequence
782,784,784,mutational_signature,Inferential,iIkI-etRVFJPm71ylYFFxMEGSbK5S1Ae,Sequence
783,785,785,mutational_signature,Inferential,iIkI-etRVFJPm71ylYFFxMEGSbK5S1Ae,Sequence
784,786,786,mutational_signature,Inferential,iIkI-etRVFJPm71ylYFFxMEGSbK5S1Ae,Sequence
785,787,787,mutational_signature,Inferential,iIkI-etRVFJPm71ylYFFxMEGSbK5S1Ae,Sequence
786,788,788,mutational_signature,Inferential,ZiZI0NHVWtJ7rhrjzJpDHHcCycxswiy5,Sequence
787,789,789,mutational_signature,Inferential,ZiZI0NHVWtJ7rhrjzJpDHHcCycxswiy5,Sequence
788,790,790,mutational_signature,Inferential,TaOA5-QIxfq1Uviw8CEDtQYm8EVb2Gva,Sequence
789,791,791,mutational_signature,Inferential,iIkI-etRVFJPm71ylYFFxMEGSbK5S1Ae,Sequence
790,792,792,mutational_signature,Inferential,iIkI-etRVFJPm71ylYFFxMEGSbK5S1Ae,Sequence
791,793,793,mutational_signature,Inferential,iIkI-etRVFJPm71ylYFFxMEGSbK5S1Ae,Sequence
792,794,794,mutational_burden,Guideline,pwhZHcviSpPBLad6obnKFXhgAtKDmikL,Other
793,795,795,mutational_burden,Guideline,pwhZHcviSpPBLad6obnKFXhgAtKDmikL,Other
794,796,796,mutational_burden,Clinical evidence,ryGtTBd4EjtjpbKqJ55hDUkqExqzqdqC,Other
795,797,797,mutational_burden,Clinical evidence,Tl_B-ZBISvRGHqhGmL2CjGLC5Y4di4Ya,Other
796,798,798,mutational_burden,Clinical evidence,Tl_B-ZBISvRGHqhGmL2CjGLC5Y4di4Ya,Other
797,799,799,mutational_burden,FDA-Approved,b9OBidL21xz3Dwfimm_xfmzguxamU73i,Other
798,800,800,knockdown,Preclinical,dZee9tR8S4Jgah8pAl4H9snoiUIGK_bV,Expression
799,801,801,knockdown,Preclinical,9xY2CBWXld8pgsFxHuyVI2ayo5pnBU3e,Expression
800,802,802,knockdown,Preclinical,9LjwcHsiQCrcsdPOKDUFlf9c2FeQFW0t,Expression
801,803,803,knockdown,Preclinical,xY1YU5jpfTD2fYyNMPUtFpz1NNXiJDVc,Expression
802,804,804,knockdown,Preclinical,z64w90G04OJx9JxXyOQ1ElrsEuyfcHCG,Expression
803,805,805,knockdown,Preclinical,xzM96S3TIukTFcAEchPwfvGWMut1vzXQ,Expression
804,806,806,knockdown,Preclinical,xzM96S3TIukTFcAEchPwfvGWMut1vzXQ,Expression
805,807,807,knockdown,Preclinical,qBmw_GPx-qxsgbfKpdb0wMW59yYvockY,Expression
806,808,808,knockdown,Preclinical,-wXUbReZ-RA1agFn4-QMIYsmhXT5HIeW,Expression
807,809,809,knockdown,Preclinical,hpQ2C3U-k90SPunc0qVsOZBH2SeODr3K,Expression
808,810,810,aneuploidy,Inferential,KQivIa013MUHQuIDflTvQHwNCggzGsv2,Copy Number
809,811,811,somatic_variant,FDA-Approved,IpbUYvcvcPuvnET_IyVv-Yi_IUKddyvg,Sequence
810,812,812,somatic_variant,FDA-Approved,Ys-a1dxwRj4Uueg2IDQn0AgUO2tfVLj6,Sequence
811,813,813,somatic_variant,FDA-Approved,m1oGkcWStk01eMRCcK2ZOVThWzNpKoe-,Sequence
812,814,814,somatic_variant,FDA-Approved,Ys-a1dxwRj4Uueg2IDQn0AgUO2tfVLj6,Sequence
813,815,815,somatic_variant,FDA-Approved,m1oGkcWStk01eMRCcK2ZOVThWzNpKoe-,Sequence
814,816,816,microsatellite_stability,Clinical trial,_qME1HhQ3VL9-nJaeABduePIk-j5Uyk6,Other
815,817,817,microsatellite_stability,FDA-Approved,_qME1HhQ3VL9-nJaeABduePIk-j5Uyk6,Other
816,818,818,germline_variant,Clinical trial,5UD28MjD2bPMEnlA6enWWTEftU7JVXzi,Sequence
817,819,819,germline_variant,Clinical trial,5UD28MjD2bPMEnlA6enWWTEftU7JVXzi,Sequence
818,820,820,germline_variant,Clinical trial,5UD28MjD2bPMEnlA6enWWTEftU7JVXzi,Sequence
819,821,821,germline_variant,Clinical trial,i3K0tcuhFKzBkb4jkwHaU0_NLz4NKKJj,Sequence
820,822,822,germline_variant,Clinical trial,i3K0tcuhFKzBkb4jkwHaU0_NLz4NKKJj,Sequence
821,823,823,germline_variant,Clinical trial,i3K0tcuhFKzBkb4jkwHaU0_NLz4NKKJj,Sequence
822,824,824,knockdown,Preclinical,8RSPRMrLRNeBjC2jsgde7Sjdkx43MQTu,Expression
823,825,825,knockdown,Preclinical,y7LQKBHvLkNfxOeTgHSYo5FXBUkQMpDF,Expression
824,826,826,rearrangement,FDA-Approved,g99yF3kKnB-We_fMS5RaVygoSuT7qA-I,Rearrangement
825,827,827,somatic_variant,Inferential,X4AWLMyiEUCuqnyjXXFAvX2Nw1FrBqOn,Sequence
826,828,828,somatic_variant,Inferential,-oC69-xj6Ke8jj0tYp3jacloI80rYfiU,Sequence
827,829,829,somatic_variant,Inferential,X4AWLMyiEUCuqnyjXXFAvX2Nw1FrBqOn,Sequence
828,830,830,somatic_variant,Inferential,-oC69-xj6Ke8jj0tYp3jacloI80rYfiU,Sequence
829,831,831,somatic_variant,Inferential,1P0QPdZ8A6GYuaR2VNbC1BuiQL0LxAHU,Sequence
830,832,832,somatic_variant,Inferential,X2oeIbQJg8b9Nejtb8iwBfz67SfOGCIg,Sequence
831,833,833,somatic_variant,Inferential,1P0QPdZ8A6GYuaR2VNbC1BuiQL0LxAHU,Sequence
832,834,834,somatic_variant,Inferential,X2oeIbQJg8b9Nejtb8iwBfz67SfOGCIg,Sequence
833,835,835,somatic_variant,Clinical evidence,1P0QPdZ8A6GYuaR2VNbC1BuiQL0LxAHU,Sequence
834,836,836,somatic_variant,Clinical evidence,X2oeIbQJg8b9Nejtb8iwBfz67SfOGCIg,Sequence
835,837,837,somatic_variant,Preclinical,ea2qIglmJkm8aY2xGC1uXn4WeiOi5U8U,Sequence
836,838,838,somatic_variant,Preclinical,P-Yipc2TvmaRgnUAp55FjaT-LTUt3Yfc,Sequence
837,839,839,copy_number,Inferential,23u2I1H20RgKGqj0zxFgbpiRH4rbn7M0,Copy Number
838,840,840,copy_number,Inferential,jLD_tOKaW8wX5P2RiZ7EkMT8yBzfA_U_,Copy Number
839,841,841,copy_number,Inferential,3fbbonDJNdNcr5acoLv0MtyEiDeVZWWz,Copy Number
840,842,842,copy_number,Clinical evidence,3fbbonDJNdNcr5acoLv0MtyEiDeVZWWz,Copy Number
841,843,843,copy_number,Clinical evidence,OgxJA8FALeGBbvyhGOz1AOUhqdRIhqUi,Copy Number
842,844,844,copy_number,Inferential,3ZPmhQucEgPWkaRLg9viECM4O4pEg-BU,Copy Number
843,845,845,copy_number,Inferential,79fbnkO5RYJXNUSA0LUY6lMMym1p-DhU,Copy Number
844,846,846,copy_number,Inferential,79fbnkO5RYJXNUSA0LUY6lMMym1p-DhU,Copy Number
845,847,847,copy_number,Inferential,79fbnkO5RYJXNUSA0LUY6lMMym1p-DhU,Copy Number
846,848,848,copy_number,Inferential,PMy_2m_A1l972wdetzk4ImGTh9MP71nx,Copy Number
847,849,849,copy_number,Clinical evidence,UYE-1dofAcf0kc44xdOY2hxwkMNUzjl7,Copy Number
848,850,850,copy_number,Inferential,s8SpNzXJuTJlGEqC0Rk-zd8ke9l4fq00,Copy Number
849,851,851,copy_number,Inferential,Z1mXZIPM8quzVjDEYT6mUUg-lESJFbOw,Copy Number
850,852,852,copy_number,Inferential,Z1mXZIPM8quzVjDEYT6mUUg-lESJFbOw,Copy Number
851,853,853,copy_number,Preclinical,LwEU_0YQA4iVchOdEiBrq_RmIciU-9EW,Copy Number
852,854,854,rearrangement,FDA-Approved,MpJsmn4LCLMXDsTNTTlyV5t3fKAnsJzL,Sequence
853,855,855,rearrangement,FDA-Approved,eq1HXqfjp621aqJX2pZS-B4n8dNJmNm_,Sequence
854,856,856,rearrangement,FDA-Approved,uk5_7GGejzt90de1xhJ0JBb7imfJakOa,Rearrangement
855,857,857,somatic_variant,FDA-Approved,m1oGkcWStk01eMRCcK2ZOVThWzNpKoe-,Sequence
856,858,858,somatic_variant,FDA-Approved,Ys-a1dxwRj4Uueg2IDQn0AgUO2tfVLj6,Sequence
857,859,859,somatic_variant,FDA-Approved,xEngbInsi1BKQp2pVFi44N8CYLj6ZEkD,Sequence
858,860,860,somatic_variant,FDA-Approved,fqvuveTjuO96HizOsbWgFQmfF76lGtdl,Sequence
859,861,861,somatic_variant,FDA-Approved,1JInmjKzPW9V9q9UKen4VODk1drBadA2,Sequence
860,862,862,somatic_variant,FDA-Approved,fakcYvzKfW8iRc3NOsxpYAHNWzO2rJtS,Sequence
861,863,863,copy_number,FDA-Approved,PWxJ97XlgUgdA5hvLmyZENRIL9pTYY84,Copy Number
862,864,864,somatic_variant,FDA-Approved,qXCY7CGzeFBIDXYsc18tEVBImkWB_43E,Sequence
863,865,865,somatic_variant,FDA-Approved,IpbUYvcvcPuvnET_IyVv-Yi_IUKddyvg,Sequence
864,866,866,somatic_variant,FDA-Approved,OQ7B9XkAYOPvcmJES3ULOTn7Ai9ZQec9,Sequence
865,867,867,somatic_variant,FDA-Approved,3CBFHlLnAU0h_OurUo6SY_Wlo04P03N5,Sequence
866,868,868,germline_variant,FDA-Approved,FIxwaPFCjwTm8QpOz99YTKVPmeViiPRj,Sequence
867,869,869,germline_variant,FDA-Approved,vJ-aBSTK3UlEGwrerRrVZCQ3wLi5om1L,Sequence
868,870,870,germline_variant,FDA-Approved,FIxwaPFCjwTm8QpOz99YTKVPmeViiPRj,Sequence
869,871,871,germline_variant,FDA-Approved,vJ-aBSTK3UlEGwrerRrVZCQ3wLi5om1L,Sequence
870,872,872,germline_variant,FDA-Approved,FIxwaPFCjwTm8QpOz99YTKVPmeViiPRj,Sequence
871,873,873,germline_variant,FDA-Approved,vJ-aBSTK3UlEGwrerRrVZCQ3wLi5om1L,Sequence
872,874,874,somatic_variant,FDA-Approved,7zzfuvoUDCwT7KOdkc_J6v15iCWlSdHo,Region-Defined
873,875,875,somatic_variant,FDA-Approved,la1NEYWBdiIyc7pFY3WCEc07SMmRbHYv,Region-Defined
874,876,876,somatic_variant,FDA-Approved,OQ7B9XkAYOPvcmJES3ULOTn7Ai9ZQec9,Sequence
875,877,877,somatic_variant,FDA-Approved,3CBFHlLnAU0h_OurUo6SY_Wlo04P03N5,Sequence
876,878,878,somatic_variant,FDA-Approved,2oHle2wihNcrEMNDkHRMtZ9y9o822--L,Sequence
877,879,879,somatic_variant,FDA-Approved,fGmSXmL03h92tz1U9l3puJKrp6BKJd5Z,Sequence
878,880,880,somatic_variant,FDA-Approved,mPC4szjbEkf6R9N7LNhZ1Tbf5-1seh8u,Region-Defined
879,881,881,somatic_variant,FDA-Approved,c3CkYcMt4ssh4AL4gpacJtFil8xl2TB2,Sequence
880,883,883,somatic_variant,FDA-Approved,B5m8cSgi6w2xRCg0X_dPpQU2dwbvtXk1,Region-Defined
881,884,884,somatic_variant,FDA-Approved,YLXf4Q8yr45bD0I_v6nkpDjBFuGPdFbd,Sequence
882,885,885,somatic_variant,FDA-Approved,I4I_C5W3WTcrJrDzfwB2fGzi3asCjwy9,Region-Defined
883,886,886,germline_variant,FDA-Approved,5UD28MjD2bPMEnlA6enWWTEftU7JVXzi,Sequence
884,887,887,somatic_variant,FDA-Approved,OQ7B9XkAYOPvcmJES3ULOTn7Ai9ZQec9,Sequence
885,888,888,germline_variant,FDA-Approved,i3K0tcuhFKzBkb4jkwHaU0_NLz4NKKJj,Sequence
886,889,889,somatic_variant,FDA-Approved,3CBFHlLnAU0h_OurUo6SY_Wlo04P03N5,Sequence
887,890,890,microsatellite_stability,FDA-Approved,_qME1HhQ3VL9-nJaeABduePIk-j5Uyk6,Other
888,891,891,somatic_variant,Preclinical,dntUKLZKZBksxrc-6t8ZxWPU0eyPw1vr,Sequence
889,892,892,somatic_variant,Preclinical,Bz3nITf8l5rMRbQJzEs-YOcBJc6QyGnt,Sequence
890,893,893,copy_number,Preclinical,M3nhslwAOtH53_1qKxTkH1lYwXjgZ_z9,Copy Number
891,894,894,copy_number,Preclinical,M3nhslwAOtH53_1qKxTkH1lYwXjgZ_z9,Copy Number
892,895,895,somatic_variant,Preclinical,Bz3nITf8l5rMRbQJzEs-YOcBJc6QyGnt,Sequence
893,896,896,copy_number,Preclinical,DoCDvxtUDIVzKgHZWvZKh4CChw6FfQgK,Copy Number
894,897,897,copy_number,Preclinical,sp4XhSqU2iYEgOjYDsLokBo1ILR0ODH9,Copy Number
895,898,898,copy_number,Preclinical,T5cW9UjmAyhaP33lAlUh43LvA-3El6g_,Copy Number
896,899,899,copy_number,Preclinical,Z1mXZIPM8quzVjDEYT6mUUg-lESJFbOw,Copy Number
897,900,900,copy_number,Preclinical,Z1mXZIPM8quzVjDEYT6mUUg-lESJFbOw,Copy Number
898,901,901,copy_number,Preclinical,vK1El17ts_9nuL1jZc_Lpl4SUgOfa0HM,Copy Number
899,902,902,copy_number,Preclinical,TkqSTsHoi0cPuurZ7rWTqxXsqsMEaDY9,Copy Number
900,903,903,copy_number,Preclinical,76YdZxkZ8we7YuzbxFWDh_DrAGg1taY_,Copy Number
901,904,904,copy_number,Preclinical,0k2yVxXMON1yWf2Yxg6UBGc9K5GE1iH9,Copy Number
902,905,905,copy_number,Preclinical,GHSGRmrvtS03Vfj3rF31gAH2XHMESpfJ,Copy Number
903,906,906,copy_number,Preclinical,MwtrOBW-DXvrfbyBN4e_y0o28UXOY0Fe,Copy Number
904,907,907,rearrangement,FDA-Approved,RnRyn89cJzVbVM93aw4OA44NIF5zblyP,Rearrangement
905,908,908,somatic_variant,FDA-Approved,j9rPyHVHG0rEcoGmAy7bMHIkQt4hgzzf,Sequence
906,909,909,somatic_variant,FDA-Approved,Ys-a1dxwRj4Uueg2IDQn0AgUO2tfVLj6,Sequence
907,910,910,somatic_variant,FDA-Approved,m1oGkcWStk01eMRCcK2ZOVThWzNpKoe-,Sequence
908,911,911,somatic_variant,FDA-Approved,IpbUYvcvcPuvnET_IyVv-Yi_IUKddyvg,Sequence
909,912,912,somatic_variant,Guideline,AycCLbIHRurWbvyNuacdMQmwi-T3XEyx,Sequence
910,913,913,somatic_variant,Guideline,KqHuruy3BXONuybpjgoK6XGetnwBSCGq,Sequence
911,914,914,somatic_variant,Guideline,pUNnGrpVni4X4vz0B5xJ-TSJAy52H94c,Sequence
912,915,915,somatic_variant,Guideline,QfT5mpFTFtVo8inZtj576PHJpj3TiBkr,Sequence
913,916,916,somatic_variant,Guideline,Xr3N90eaKjoWkdHFEnJoI5iR5lMl4bTa,Sequence
914,917,917,somatic_variant,Guideline,2UPqq1CjVZtPQcbo3Quu4zxIwPJropfm,Sequence
915,918,918,somatic_variant,Guideline,-CiwMDSGqQeedjNe7DA1SFMMbxdiajz7,Sequence
916,919,919,somatic_variant,Guideline,GSyGkTAyIwOSqqAU7Lx03xyY9UOUFXXb,Sequence
917,920,920,somatic_variant,Guideline,prj8dpgq9v0-WbSCHR1iovQEOzoN1xdj,Sequence
918,921,921,somatic_variant,Guideline,2QuHBgh6DqvwbNC6FZM4WV3c5aglmSIh,Sequence
919,922,922,somatic_variant,Guideline,6gH_GEl_6V9JBOJcXjOjqJ6h-jvgSO19,Sequence
920,923,923,somatic_variant,Guideline,HYOtvIAqxfuNhFu-IwhtxAFkozfbiVrR,Sequence
921,924,924,somatic_variant,Guideline,3yA91BqF8AlumQTjvKIfv4c5-eeTk5gV,Sequence
922,925,925,somatic_variant,Guideline,OJY-n2noBQbfiSX-rbQoeorVJBWDNnNJ,Sequence
923,926,926,somatic_variant,Guideline,P3kf9bmn_S7IEq7kVnlP9frzYQ53GIL3,Sequence
924,927,927,somatic_variant,Guideline,hbN2V2yFu9RL_8sV2ufPlXkI3wn1gHf7,Sequence
925,928,928,somatic_variant,Guideline,A0esJmaCuKzEPMQtpbZR3DVmaHc82-PW,Sequence
926,929,929,somatic_variant,Guideline,PoTEyK6WMNevyQKKnQUBYHKzgLX090C9,Sequence
927,930,930,somatic_variant,Guideline,5nfBRtyQPkk3ixtNfIwb59d9uYRVt4Qa,Sequence
928,931,931,somatic_variant,Guideline,Z62i2y44ZLZTBkm5ENgc-wZIjnEXhvb-,Sequence
929,932,932,somatic_variant,Guideline,f-AhZbqExdv5Ph0mN0c8HQEZ31jPhLzd,Sequence
930,933,933,somatic_variant,Guideline,IPk4rQ1eAdyoX-M6VQliEu-bO6FGh7SI,Sequence
931,934,934,somatic_variant,Guideline,n-ihfI4tIYL5o_cqV68kGTK-TRGFDn4s,Sequence
932,935,935,somatic_variant,Guideline,1KbdWJrRMPrBqij9mYcz0e2eBiJOBk2b,Sequence
933,937,937,somatic_variant,FDA-Approved,MQzbXY-UhWu_RsIL7uZvgmhY9ERkVXpY,Region-Defined
934,938,938,somatic_variant,FDA-Approved,CL5mmDVQ67akteI3ZPKlVactG2Idd03F,Sequence
935,939,939,somatic_variant,FDA-Approved,bdX9lwgaJQkqkULTNiFjIUhGHQ9nrZuQ,Gene Function
936,940,940,somatic_variant,FDA-Approved,5shG11rDfPgYu__5doOtxGar9TLwzAr9,Sequence
937,941,941,somatic_variant,FDA-Approved,EnRlwRBjozwjxjPagc4UmZ-qgVlc6u9-,Other
938,942,942,copy_number,FDA-Approved,Z1mXZIPM8quzVjDEYT6mUUg-lESJFbOw,Copy Number
939,943,943,copy_number,FDA-Approved,PWxJ97XlgUgdA5hvLmyZENRIL9pTYY84,Copy Number
940,944,944,somatic_variant,FDA-Approved,IpbUYvcvcPuvnET_IyVv-Yi_IUKddyvg,Sequence
941,945,945,somatic_variant,FDA-Approved,Tu113AeiWUeAJdlTpJX4BDssEQq_QA3U,Sequence
942,946,946,somatic_variant,FDA-Approved,BhL1-cG755UyMwLNzaTdc_gSRyxw8_pn,Sequence
943,947,947,somatic_variant,FDA-Approved,gWfgY_iv8apRnrKp4ymu6_BnAG1hpWYv,Sequence
944,948,948,somatic_variant,FDA-Approved,yN7CEE742jwNSExNLaD2PcrOnyWsLthA,Sequence
945,949,949,somatic_variant,FDA-Approved,gWfgY_iv8apRnrKp4ymu6_BnAG1hpWYv,Sequence
946,950,950,somatic_variant,FDA-Approved,yN7CEE742jwNSExNLaD2PcrOnyWsLthA,Sequence
947,951,951,somatic_variant,FDA-Approved,YKugPQESlTUJqBNc19AJKkZ2x31zHwP5,Other
948,952,952,somatic_variant,FDA-Approved,hmXorAKfznO_7WX-f5om2DHG8ZFpSIqa,Sequence
949,953,953,rearrangement,FDA-Approved,g99yF3kKnB-We_fMS5RaVygoSuT7qA-I,Rearrangement
950,954,954,rearrangement,FDA-Approved,yzNjLPO2biW_kdgqdjlMQXAEzDMrTxin,Rearrangement
951,955,955,rearrangement,FDA-Approved,epyvpNZ6iqlzfkpb8uVUL1SoVTRUfUbA,Sequence
952,956,956,somatic_variant,FDA-Approved,YOntQn-fL_3YdCwEFEqpVCNmzzxC8-4-,Sequence
953,957,957,rearrangement,FDA-Approved,RnRyn89cJzVbVM93aw4OA44NIF5zblyP,Rearrangement
954,958,958,rearrangement,FDA-Approved,RnRyn89cJzVbVM93aw4OA44NIF5zblyP,Rearrangement
955,959,959,rearrangement,FDA-Approved,RnRyn89cJzVbVM93aw4OA44NIF5zblyP,Rearrangement
956,960,960,somatic_variant,FDA-Approved,1ZF2zGmQI4p_iTMPh7nkrUKJ77tIOkGq,Sequence
957,961,961,somatic_variant,FDA-Approved,1ZF2zGmQI4p_iTMPh7nkrUKJ77tIOkGq,Sequence
958,962,962,rearrangement,FDA-Approved,g99yF3kKnB-We_fMS5RaVygoSuT7qA-I,Rearrangement
959,963,963,somatic_variant,FDA-Approved,Tu113AeiWUeAJdlTpJX4BDssEQq_QA3U,Sequence
960,964,964,rearrangement,FDA-Approved,yLodZXr73fFWpx8cIHv0ulWvyaHZcuO7,Rearrangement
961,965,965,rearrangement,FDA-Approved,sHaHVeGtfC5xdUaPl-qWIoSkAwucCCJF,Rearrangement
962,966,966,somatic_variant,FDA-Approved,gWfgY_iv8apRnrKp4ymu6_BnAG1hpWYv,Sequence
963,967,967,somatic_variant,FDA-Approved,yN7CEE742jwNSExNLaD2PcrOnyWsLthA,Sequence
964,968,968,somatic_variant,FDA-Approved,gWfgY_iv8apRnrKp4ymu6_BnAG1hpWYv,Sequence
965,969,969,somatic_variant,FDA-Approved,yN7CEE742jwNSExNLaD2PcrOnyWsLthA,Sequence
966,970,970,rearrangement,FDA-Approved,UdRuXHJeRbQxlGf56yifLzWtZRhV459Q,Rearrangement
967,971,971,rearrangement,FDA-Approved,Z0jlpcq9n4S9gu41mWGLPrSGpCqVUsRB,Rearrangement
968,972,972,rearrangement,FDA-Approved,ON6Ezh4WYs1PLjjduaf-ANSxWTlOay_9,Rearrangement
969,973,973,somatic_variant,FDA-Approved,fakcYvzKfW8iRc3NOsxpYAHNWzO2rJtS,Sequence
970,974,974,somatic_variant,FDA-Approved,j9rPyHVHG0rEcoGmAy7bMHIkQt4hgzzf,Sequence
971,975,975,somatic_variant,FDA-Approved,m1oGkcWStk01eMRCcK2ZOVThWzNpKoe-,Sequence
972,976,976,somatic_variant,FDA-Approved,xEngbInsi1BKQp2pVFi44N8CYLj6ZEkD,Sequence
973,977,977,somatic_variant,FDA-Approved,Ys-a1dxwRj4Uueg2IDQn0AgUO2tfVLj6,Sequence
974,978,978,somatic_variant,FDA-Approved,1JInmjKzPW9V9q9UKen4VODk1drBadA2,Sequence
975,979,979,somatic_variant,FDA-Approved,fqvuveTjuO96HizOsbWgFQmfF76lGtdl,Sequence
976,980,980,somatic_variant,FDA-Approved,4qVoeZa3k3VP28q38mCC6j6uZJBBSvKt,Sequence
977,981,981,somatic_variant,FDA-Approved,w60XgbYOquwZYLVLF5Opl-OWEX2IwoqR,Sequence
978,982,982,somatic_variant,FDA-Approved,jsnDTkZjGqQYzYDrnV2j1QT8adztw8Cx,Sequence
979,983,983,somatic_variant,FDA-Approved,j9rPyHVHG0rEcoGmAy7bMHIkQt4hgzzf,Sequence
980,984,984,somatic_variant,FDA-Approved,m1oGkcWStk01eMRCcK2ZOVThWzNpKoe-,Sequence
981,985,985,somatic_variant,FDA-Approved,xEngbInsi1BKQp2pVFi44N8CYLj6ZEkD,Sequence
982,986,986,somatic_variant,FDA-Approved,Ys-a1dxwRj4Uueg2IDQn0AgUO2tfVLj6,Sequence
983,987,987,somatic_variant,FDA-Approved,1JInmjKzPW9V9q9UKen4VODk1drBadA2,Sequence
984,988,988,somatic_variant,FDA-Approved,fqvuveTjuO96HizOsbWgFQmfF76lGtdl,Sequence
985,989,989,somatic_variant,FDA-Approved,4qVoeZa3k3VP28q38mCC6j6uZJBBSvKt,Sequence
986,990,990,somatic_variant,FDA-Approved,w60XgbYOquwZYLVLF5Opl-OWEX2IwoqR,Sequence
987,991,991,somatic_variant,FDA-Approved,yN7CEE742jwNSExNLaD2PcrOnyWsLthA,Sequence
988,992,992,somatic_variant,FDA-Approved,gWfgY_iv8apRnrKp4ymu6_BnAG1hpWYv,Sequence
989,993,993,somatic_variant,FDA-Approved,yN7CEE742jwNSExNLaD2PcrOnyWsLthA,Sequence
990,994,994,somatic_variant,FDA-Approved,gWfgY_iv8apRnrKp4ymu6_BnAG1hpWYv,Sequence
991,995,995,somatic_variant,FDA-Approved,gWfgY_iv8apRnrKp4ymu6_BnAG1hpWYv,Sequence
992,996,996,somatic_variant,FDA-Approved,CA6GXRgc9cm1ATKiFiDHAxqaa2BwNlS2,Sequence
993,997,997,rearrangement,FDA-Approved,RnRyn89cJzVbVM93aw4OA44NIF5zblyP,Rearrangement
994,998,998,rearrangement,FDA-Approved,RnRyn89cJzVbVM93aw4OA44NIF5zblyP,Rearrangement
995,999,999,somatic_variant,FDA-Approved,1ZF2zGmQI4p_iTMPh7nkrUKJ77tIOkGq,Sequence
996,1000,1000,somatic_variant,FDA-Approved,GFoQKE8QOMIG-9TMW-yRJKf8srTlmKjO,Region-Defined
997,1001,1001,rearrangement,FDA-Approved,ovD4rWJe1XrPFmQlHBHX5hm8pfN9rEXQ,Rearrangement
998,1002,1002,rearrangement,FDA-Approved,ovD4rWJe1XrPFmQlHBHX5hm8pfN9rEXQ,Rearrangement
999,1003,1003,rearrangement,FDA-Approved,Chis-9OH0cmLqTXQ87vB8KTXLeavBm0S,Rearrangement
1000,1004,1004,rearrangement,FDA-Approved,Chis-9OH0cmLqTXQ87vB8KTXLeavBm0S,Rearrangement
1001,1005,1005,rearrangement,FDA-Approved,e8PMq2A96-aBJ3Ip74ovx5VOUCztBTq7,Rearrangement
1002,1006,1006,somatic_variant,FDA-Approved,IpbUYvcvcPuvnET_IyVv-Yi_IUKddyvg,Sequence
1003,1007,1007,somatic_variant,FDA-Approved,fakcYvzKfW8iRc3NOsxpYAHNWzO2rJtS,Sequence
1004,1008,1008,rearrangement,FDA-Approved,yzNjLPO2biW_kdgqdjlMQXAEzDMrTxin,Rearrangement
1005,1009,1009,somatic_variant,FDA-Approved,fakcYvzKfW8iRc3NOsxpYAHNWzO2rJtS,Sequence
1006,1010,1010,somatic_variant,FDA-Approved,oHtby6jRuinPh1qwnS0YyEcfrARBfBcd,Sequence
