variant_id	query	moa_feature_type	category
71	ABL1 p.T315I	somatic_variant	Sequence Variants
73	ABL1 p.T315A	somatic_variant	Sequence Variants
75	ABL1 p.F317L	somatic_variant	Sequence Variants
76	ABL1 p.F317V	somatic_variant	Sequence Variants
77	ABL1 p.F317I	somatic_variant	Sequence Variants
78	ABL1 p.F317C	somatic_variant	Sequence Variants
80	ABL1 p.E255K	somatic_variant	Sequence Variants
81	ABL1 p.E255V	somatic_variant	Sequence Variants
82	ABL1 p.Y253H	somatic_variant	Sequence Variants
83	ABL1 p.F359V	somatic_variant	Sequence Variants
84	ABL1 p.F359C	somatic_variant	Sequence Variants
85	ABL1 p.F359I	somatic_variant	Sequence Variants
97	ABL1 p.V299L	somatic_variant	Sequence Variants
108	ABL1 p.T315I	somatic_variant	Sequence Variants
112	AKT1 p.E17K	somatic_variant	Sequence Variants
115	ALK p.G1202R	somatic_variant	Sequence Variants
116	ALK p.F1174C	somatic_variant	Sequence Variants
117	ALK p.L1196M	somatic_variant	Sequence Variants
118	ALK p.G1269A	somatic_variant	Sequence Variants
119	ALK p.S1206Y	somatic_variant	Sequence Variants
120	AR p.T878A	somatic_variant	Sequence Variants
121	AR p.L702H	somatic_variant	Sequence Variants
122	ARAF p.S214C	somatic_variant	Sequence Variants
134	ATM p.A1127D	somatic_variant	Sequence Variants
146	BCOR p.N1425S	somatic_variant	Sequence Variants
149	BRAF p.V600E	somatic_variant	Sequence Variants
151	BRAF p.V600K	somatic_variant	Sequence Variants
250	DNMT3A p.R882H	somatic_variant	Sequence Variants
254	EGFR p.T790M	somatic_variant	Sequence Variants
267	EGFR p.L858R	somatic_variant	Sequence Variants
284	EGFR p.L858R	somatic_variant	Sequence Variants
286	EGFR p.L858R	somatic_variant	Sequence Variants
294	ERRFI1 p.E384*	somatic_variant	Sequence Variants
300	EZH2 p.Y646*	somatic_variant	Sequence Variants
301	EZH2 p.Y646F	somatic_variant	Sequence Variants
302	EZH2 p.Y646N	somatic_variant	Sequence Variants
303	EZH2 p.A682G	somatic_variant	Sequence Variants
304	EZH2 p.A692V	somatic_variant	Sequence Variants
307	FGFR3 p.R248C	somatic_variant	Sequence Variants
308	FGFR3 p.S249C	somatic_variant	Sequence Variants
309	FGFR3 p.G370C	somatic_variant	Sequence Variants
310	FGFR3 p.Y373C	somatic_variant	Sequence Variants
317	FLT3 p.F691L	somatic_variant	Sequence Variants
318	FLT3 p.K663Q	somatic_variant	Sequence Variants
319	GATA3 p.M294K	somatic_variant	Sequence Variants
323	IDH1 p.R132H	somatic_variant	Sequence Variants
324	IDH1 p.R132C	somatic_variant	Sequence Variants
329	IDH2 p.R140Q	somatic_variant	Sequence Variants
330	IDH2 p.R172S	somatic_variant	Sequence Variants
331	IDH2 p.R172K	somatic_variant	Sequence Variants
334	IDH2 p.R140Q	somatic_variant	Sequence Variants
338	JAK1 p.V656F	somatic_variant	Sequence Variants
339	JAK1 p.A634D	somatic_variant	Sequence Variants
341	JAK2 p.V617F	somatic_variant	Sequence Variants
342	JAK3 p.A572T	somatic_variant	Sequence Variants
343	JAK3 p.M511I	somatic_variant	Sequence Variants
344	JAK3 p.L857Q	somatic_variant	Sequence Variants
352	KIT p.T670I	somatic_variant	Sequence Variants
353	KIT p.V654A	somatic_variant	Sequence Variants
361	KIT p.W557C	somatic_variant	Sequence Variants
362	KIT p.W557G	somatic_variant	Sequence Variants
363	KIT p.W557R	somatic_variant	Sequence Variants
364	KIT p.V559A	somatic_variant	Sequence Variants
365	KIT p.V559G	somatic_variant	Sequence Variants
366	KIT p.L576P	somatic_variant	Sequence Variants
367	KIT p.K642E	somatic_variant	Sequence Variants
369	KIT p.D816H	somatic_variant	Sequence Variants
374	KIT p.D816V	somatic_variant	Sequence Variants
387	KRAS p.G12C	somatic_variant	Sequence Variants
390	KRAS p.G12D	somatic_variant	Sequence Variants
402	MAP2K1 p.P124L	somatic_variant	Sequence Variants
403	MAP2K1 p.Q56P	somatic_variant	Sequence Variants
408	MAP2K1 p.C121S	somatic_variant	Sequence Variants
410	MAP2K2 p.Q60P	somatic_variant	Sequence Variants
411	MAPK1 p.E322K	somatic_variant	Sequence Variants
413	MET p.T1010I	somatic_variant	Sequence Variants
421	MPL p.W515L	somatic_variant	Sequence Variants
432	NRAS p.G12A	somatic_variant	Sequence Variants
433	NRAS p.G12C	somatic_variant	Sequence Variants
434	NRAS p.G12D	somatic_variant	Sequence Variants
435	NRAS p.G12R	somatic_variant	Sequence Variants
436	NRAS p.G12S	somatic_variant	Sequence Variants
437	NRAS p.G12V	somatic_variant	Sequence Variants
438	NRAS p.G13A	somatic_variant	Sequence Variants
439	NRAS p.G13D	somatic_variant	Sequence Variants
440	NRAS p.G13R	somatic_variant	Sequence Variants
441	NRAS p.G13V	somatic_variant	Sequence Variants
442	NRAS p.Q61E	somatic_variant	Sequence Variants
443	NRAS p.Q61H	somatic_variant	Sequence Variants
444	NRAS p.Q61L	somatic_variant	Sequence Variants
446	NRAS p.Q61P	somatic_variant	Sequence Variants
447	NRAS p.Q61R	somatic_variant	Sequence Variants
459	PDGFRA p.D842V	somatic_variant	Sequence Variants
467	PIK3CA p.E545Q	somatic_variant	Sequence Variants
468	PIK3CA p.C420R	somatic_variant	Sequence Variants
469	PIK3CA p.E542K	somatic_variant	Sequence Variants
470	PIK3CA p.E542Q	somatic_variant	Sequence Variants
471	PIK3CA p.E545A	somatic_variant	Sequence Variants
472	PIK3CA p.E545D	somatic_variant	Sequence Variants
474	PIK3CA p.E545G	somatic_variant	Sequence Variants
475	PIK3CA p.E545K	somatic_variant	Sequence Variants
476	PIK3CA p.G1049R	somatic_variant	Sequence Variants
477	PIK3CA p.G1049S	somatic_variant	Sequence Variants
478	PIK3CA p.H1047L	somatic_variant	Sequence Variants
479	PIK3CA p.H1047R	somatic_variant	Sequence Variants
480	PIK3CA p.H1047Y	somatic_variant	Sequence Variants
481	PIK3CA p.H701P	somatic_variant	Sequence Variants
482	PIK3CA p.M1043I	somatic_variant	Sequence Variants
484	PIK3CA p.P539R	somatic_variant	Sequence Variants
485	PIK3CA p.Q546K	somatic_variant	Sequence Variants
486	PIK3CA p.Y1021C	somatic_variant	Sequence Variants
488	POLD1 p.D316H	somatic_variant	Sequence Variants
489	POLD1 p.D316G	somatic_variant	Sequence Variants
490	POLD1 p.R409W	somatic_variant	Sequence Variants
491	POLD1 p.L474P	somatic_variant	Sequence Variants
495	POLE p.L424V	somatic_variant	Sequence Variants
529	RET p.V804M	somatic_variant	Sequence Variants
530	RET p.M918T	somatic_variant	Sequence Variants
534	SETBP1 p.E858K	somatic_variant	Sequence Variants
535	SETBP1 p.T864M	somatic_variant	Sequence Variants
537	SETBP1 p.D868N	somatic_variant	Sequence Variants
538	SETBP1 p.D868Y	somatic_variant	Sequence Variants
539	SETBP1 p.S869C	somatic_variant	Sequence Variants
540	SETBP1 p.G870S	somatic_variant	Sequence Variants
542	SF3B1 p.E622Q	somatic_variant	Sequence Variants
543	SF3B1 p.E622D	somatic_variant	Sequence Variants
544	SF3B1 p.Y623C	somatic_variant	Sequence Variants
545	SF3B1 p.R625C	somatic_variant	Sequence Variants
546	SF3B1 p.R625H	somatic_variant	Sequence Variants
547	SF3B1 p.N626H	somatic_variant	Sequence Variants
548	SF3B1 p.N626Y	somatic_variant	Sequence Variants
549	SF3B1 p.N626D	somatic_variant	Sequence Variants
550	SF3B1 p.H662R	somatic_variant	Sequence Variants
551	SF3B1 p.T663P	somatic_variant	Sequence Variants
552	SF3B1 p.K666N	somatic_variant	Sequence Variants
553	SF3B1 p.K666T	somatic_variant	Sequence Variants
554	SF3B1 p.K666E	somatic_variant	Sequence Variants
555	SF3B1 p.K700E	somatic_variant	Sequence Variants
557	SF3B1 p.G740E	somatic_variant	Sequence Variants
558	SF3B1 p.G740V	somatic_variant	Sequence Variants
559	SF3B1 p.G742D	somatic_variant	Sequence Variants
560	SF3B1 p.D781E	somatic_variant	Sequence Variants
653	IL12RB1 p.Q32*	germline_variant	Sequence Variants
654	IL12RB1 p.Q542*	germline_variant	Sequence Variants
660	MRE11 p.R576*	germline_variant	Sequence Variants
679	POT1 p.R363*	germline_variant	Sequence Variants
695	AR Amplification	copy_number	Copy Number Variants
700	AURKA Amplification	copy_number	Copy Number Variants
702	AURKB Amplification	copy_number	Copy Number Variants
703	BRAF Amplification	copy_number	Copy Number Variants
706	CCND1 Amplification	copy_number	Copy Number Variants
707	CCND1 Amplification	copy_number	Copy Number Variants
708	CCNE1 Amplification	copy_number	Copy Number Variants
709	CD274 Amplification	copy_number	Copy Number Variants
715	CDK4 Amplification	copy_number	Copy Number Variants
723	CRKL Amplification	copy_number	Copy Number Variants
724	EGFR Amplification	copy_number	Copy Number Variants
725	ERBB2 Amplification	copy_number	Copy Number Variants
743	ESR1 Amplification	copy_number	Copy Number Variants
745	FGFR1 Amplification	copy_number	Copy Number Variants
749	FGFR2 Amplification	copy_number	Copy Number Variants
753	HIF1a Amplification	copy_number	Copy Number Variants
755	KIT Amplification	copy_number	Copy Number Variants
756	MDM2 Amplification	copy_number	Copy Number Variants
757	MET Amplification	copy_number	Copy Number Variants
761	MIR17HG Amplification	copy_number	Copy Number Variants
763	MRE11 Amplification	copy_number	Copy Number Variants
764	MYC Amplification	copy_number	Copy Number Variants
765	MYC Amplification	copy_number	Copy Number Variants
766	PAK1 Amplification	copy_number	Copy Number Variants
769	PIK3CA Amplification	copy_number	Copy Number Variants
779	TPX2 Amplification	copy_number	Copy Number Variants
853	MAP2K4 Amplification	copy_number	Copy Number Variants
856	MAPK7 Amplification	copy_number	Copy Number Variants
857	MYOCD Amplification	copy_number	Copy Number Variants
858	PDGFRA Amplification	copy_number	Copy Number Variants
867	IDH1 p.R132G	somatic_variant	Sequence Variants
868	IDH1 p.R132S	somatic_variant	Sequence Variants
869	IDH1 p.R132L	somatic_variant	Sequence Variants
