variant_id	gene_name	variant_name	variant_accepted	civic_variant_types
748	MLH1	*757L	True	Stop Lost
467	KDR	A1065T	True	Missense Variant
807	RUNX1	A107P	True	Missense Variant
3683	JAK1	A1086S	False	Not provided
3030	BCL2	A113G	False	Not provided
3342	KRAS	A11_G12insGA	True	Not provided
3544	PTEN	A121E	False	Not provided
3528	PTEN	A126D	False	Not provided
3565	PTEN	A126S	False	Not provided
4131	TP53	A138K	False	Not provided
3416	TP53	A138V	False	Not provided
905	KRAS	A146P	True	Missense Variant
906	KRAS	A146T	True	Missense Variant
322	KRAS	A146V	True	Missense Variant
4134	TP53	A161D	False	Not provided
4116	TP53	A161G	False	Not provided
1114	TP53	A161T	True	Missense Variant
4136	TP53	A161V	False	Not provided
3976	BRCA1	A1708E	False	Not provided
3994	BRCA1	A1789T	False	Not provided
2929	PRPS1	A190T	True	Not provided
2928	PRPS1	A190V	False	Not provided
610	MTOR	A2034V	True	Missense Variant
3147	NTRK2	A203T	False	Not provided
1169	ATM	A2062V	True	Missense Variant
1522	CDKN2A	A20P	False	Missense Variant
3025	PML	A216T	False	Missense Variant
462	PML	A216V	True	Missense Variant
258	MTHFR	A222V	True	Missense Variant
1171	ATM	A2274T	False	Missense Variant
1217	ERBB3	A232V	False	Not provided
3708	AR	A234T	False	Not provided
1050	TP53	A276V	True	Missense Variant
996	EGFR	A289V	True	Missense Variant
4402	CDH1	A298T	False	Not provided
4126	TP53	A347G	False	Not provided
1607	ABL1	A365V	False	Missense Variant
1608	ABL1	A366G	False	Missense Variant
4023	FGFR3	A391E	True	Missense Variant
4636	ABL1	A397P	True	Missense Variant
752	MLH1	A424T	True	Missense Variant
1588	SMO	A459V	False	Not provided
4248	PTPN11	A461T	False	Not provided
1558	KIT	A502_Y503insAY	True	Inframe Insertion
2826	BRAF	A598V	True	Missense Variant
1646	POLE4	A59E	False	Not provided
760	MLH1	A681V	True	Missense Variant
4415	EZH2	A682G	True	Missense Variant
4414	EZH2	A692V	True	Missense Variant
2255	EGFR	A702S	False	Missense Variant
1198	BRAF	A728V	True	Missense Variant
3718	AR	A748V	False	Not provided
2332	EGFR	A750T	False	Missense Variant
1515	EGFR	A763_Y764insFQEA	True	Inframe Insertion
3725	AR	A765T	False	Not provided
4485	ERBB2	A775_G776ins YVMA	False	Not provided
4484	ERBB2	A775_G776insIVMA	False	Not provided
4723	ERBB2	A775_G776insTVMA	True	Not provided
4724	ERBB2	A775_G776insV	True	Not provided
4725	ERBB2	A775_G776insVVMA	True	Not provided
2658	ERBB2	A775_G776insYVMA	False	Not provided
4483	ERBB2	A775_G776insYVMA	False	Not provided
3591	RIT1	A77P	False	Not provided
3592	RIT1	A77S	False	Not provided
990	KIT	A829P	True	Missense Variant
4127	TP53	A83E	False	Not provided
1474	EGFR	A859T	False	Missense Variant
1187	EGFR	A864T	True	Missense Variant
3751	ARHGAP35	A865_L870delinsV	False	Not provided
4129	TP53	A86E	False	Not provided
4128	TP53	A86T	False	Not provided
2939	PRPS1	A87T	True	Not provided
153	FOXP1	AMPLIFICATION	True	Transcript Amplification
154	REL	AMPLIFICATION	True	Transcript Amplification
204	NCOA3	AMPLIFICATION	True	Transcript Amplification
224	TTF1	AMPLIFICATION	True	Transcript Amplification
2655	MYB	AMPLIFICATION	True	Not provided
362	AR	AR-V7	True	Alternatively Spliced Transcript
4547	NTRK1	ATRX	False	Not provided
18	CCND1	Amplification	True	Transcript Amplification
180	AURKA	Amplification	True	Transcript Amplification
187	CCNE1	Amplification	True	Transcript Amplification
190	EGFR	Amplification	True	Transcript Amplification
212	PIK3CA	Amplification	True	Transcript Amplification
219	TERT	Amplification	True	Transcript Amplification
251	BIRC7	Amplification	True	Transcript Amplification
267	FGFR1	Amplification	True	Transcript Amplification
270	MET	Amplification	True	Transcript Amplification
298	MYCN	Amplification	True	Transcript Amplification
306	ERBB2	Amplification	True	Transcript Amplification
321	MAPK1	Amplification	True	Transcript Amplification
330	NOTCH1	Amplification	True	Transcript Amplification
358	RSF1	Amplification	True	Transcript Amplification
371	TOP1	Amplification	True	Transcript Amplification
379	TYMS	Amplification	True	Transcript Amplification
407	ABCC3	Amplification	True	Transcript Amplification
409	ASNS	Amplification	True	Transcript Amplification
553	CDK4	Amplification	True	Transcript Amplification
573	RICTOR	Amplification	True	Transcript Amplification
586	KIT	Amplification	True	Transcript Amplification
591	RAF1	Amplification	True	Transcript Amplification
592	KRAS	Amplification	True	Transcript Amplification
629	FGFR2	Amplification	True	Transcript Amplification
630	FGF3	Amplification	True	Transcript Amplification
635	AKT2	Amplification	True	Transcript Amplification
716	PDGFRA	Amplification	True	Transcript Amplification
1261	MDM2	Amplification	False	Not provided
1268	MDM4	Amplification	False	Transcript Amplification
1269	BRAF	Amplification	True	Transcript Amplification
1276	SMO	Amplification	False	Not provided
1280	NTRK1	Amplification	True	Transcript Amplification
1281	NTRK3	Amplification	True	Transcript Amplification
1684	PSMD4	Amplification	False	Not provided
1685	CDK6	Amplification	False	Transcript Amplification
2205	FLT4	Amplification	False	Not provided
2240	TLK2	Amplification	True	Not provided
2397	CRKL	Amplification	False	Not provided
2550	NRAS	Amplification	False	Not provided
2564	MYC	Amplification	False	Not provided
2598	IRS2	Amplification	False	Not provided
2619	FLT3	Amplification	True	Not provided
2637	KDR	Amplification	False	Not provided
2746	CCND2	Amplification	True	Not provided
2747	CCND3	Amplification	True	Not provided
2844	MITF	Amplification	False	Not provided
2906	FGFR3	Amplification	True	Not provided
2907	FGFR4	Amplification	False	Not provided
3687	KMT2A	Amplification	False	Not provided
4301	ALK	Amplification	True	Not provided
4423	TBXT	Amplification	False	Not provided
4517	ROS1	Amplification	False	Not provided
4640	MAP2K4	Amplification	False	Not provided
4648	TFEB	Amplification	False	Not provided
4730	MCL1	Amplification	False	Not provided
4971	CD274	Amplification	False	Not provided
5000	YES1	Amplification	False	Not provided
5036	EMSY	Amplification	False	Not provided
4331	ALK	C1156Y	True	Missense Variant
627	MAP2K1	C121S	True	Missense Variant
4113	TP53	C124R	True	Not provided
3547	PTEN	C124S	False	Not provided
2840	MAP2K2	C125S	False	Not provided
198	FOXL2	C134W	True	Missense Variant
2719	TP53	C135F	False	Not provided
924	TP53	C135W	True	Missense Variant
1111	TP53	C135Y	False	Not provided
3382	PTEN	C136R	True	Not provided
1094	TP53	C141W	False	Not provided
2713	MTOR	C1483F	False	Not provided
3413	MTOR	C1483R	False	Not provided
543	MTOR	C1483Y	True	Missense Variant
3389	TP53	C176F	False	Not provided
4118	TP53	C176S	False	Not provided
1116	TP53	C176Y	False	Not provided
248	TERT	C228T	True	Regulatory Region Variant
3393	TP53	C238F	False	Not provided
2648	TP53	C238Y	True	Missense Variant
1062	TP53	C242F	True	Missense Variant
1063	TP53	C242S	True	Not provided
1064	TP53	C242Y	True	Missense Variant
1172	ATM	C2488Y	True	Missense Variant
4004	TERT	C250T	False	Regulatory Region Variant
4124	TP53	C275F	False	Not provided
917	TP53	C275Y	False	Not provided
4145	TP53	C277Y	False	Not provided
1647	POLD1	C284Y	True	Not provided
3357	FGFR2	C342R	False	Not provided
3358	FGFR2	C342Y	False	Not provided
4618	FGFR2	C383R	False	Not provided
931	PIK3CA	C420R	True	Missense Variant
1586	SMO	C469Y	False	Not provided
1639	ABL1	C475V	True	Splice Donor Variant
4017	BTK	C481R	False	Not provided
168	BTK	C481S	True	Missense Variant
4016	BTK	C481Y	False	Not provided
3605	EZH2	C576W	False	Missense Variant
3337	PIK3CA	C604R	True	Not provided
1260	RET	C609Y	True	Missense Variant
4786	RET	C618R	False	Not provided
1700	RET	C634R	False	Not provided
112	RET	C634W	True	Missense Variant
2936	PRPS1	C77S	True	Not provided
3003	EGFR	C797G	False	Missense Variant
415	EGFR	C797S	True	Missense Variant
1574	EGFR	C797Y	True	Missense Variant
1264	KIT	C809G	True	Missense Variant
5025	PDGFRB	C843G	True	Missense Variant
3756	BAP1	C91S	False	Not provided
2789	PIK3CA	C971R	False	Missense Variant
4697	RET	CLD1 Mutation	False	Not provided
1660	MET	D1010H	False	Not provided
1651	MET	D1010N	False	Missense Variant
1649	MET	D1010Y	False	Not provided
3062	BCL2	D103E	False	Not provided
3061	BCL2	D103V	False	Not provided
3058	BCL2	D103Y	False	Not provided
3380	CDKN2A	D108H	False	Not provided
3288	CDKN2A	D108N	False	Not provided
2791	CDKN2A	D108Y	False	Not provided
4015	PLCG2	D1140E	False	Not provided
649	MET	D1228N	True	Missense Variant
798	MET	D1228V	True	Missense Variant
2935	PRPS1	D139G	True	Not provided
3349	SPOP	D140G	False	Not provided
3553	PTEN	D162G	False	Not provided
135	NOTCH1	D1642H	True	Missense Variant
5092	NF1	D1644H	False	Not provided
1168	ATM	D1682H	True	Missense Variant
2196	DICER1	D1709E	True	Not provided
2195	DICER1	D1709G	True	Not provided
2051	DICER1	D1709N	True	Not provided
3802	TSC2	D1734E	False	Not provided
3980	BRCA1	D1739G	False	Not provided
3981	BRCA1	D1739V	False	Not provided
2197	DICER1	D1810H	False	Missense Variant
2199	DICER1	D1810N	False	Missense Variant
2198	DICER1	D1810Y	False	Missense Variant
2920	PRPS1	D183E	True	Not provided
2933	PRPS1	D183H	False	Not provided
1160	ATM	D1930V	True	Missense Variant
634	STK11	D194E	True	Missense Variant;Loss Of Heterozygosity
806	RUNX1	D198Y	True	Missense Variant;Loss Of Function Variant
1641	ROS1	D2033N	False	Not provided
3706	AR	D221H	False	Not provided
4551	ERCC2	D257N	False	Not provided
3401	TP53	D259V	True	Not provided
3610	BRCA2	D2611G	False	Not provided
3625	BRCA2	D2723A	False	Not provided
3631	BRCA2	D2723G	False	Not provided
3639	BRCA2	D2723H	False	Not provided
4218	ABL1	D276G	True	Missense Variant
4513	ERBB2	D277H	False	Not provided
1044	TP53	D281E	True	Not provided
1045	TP53	D281G	False	Not provided
3792	TP53	D281N	True	Not provided
4146	TP53	D281Y	False	Not provided
3495	ERBB3	D297Y	False	Not provided
650	CASP8	D302H	True	Missense Variant;Polymorphic Sequence Variant
3611	BRCA2	D3073G	False	Not provided
661	BRCA2	D3095E	True	Missense Variant
4222	AKT1	D323G	False	Not provided
3256	CTNNB1	D32Y	False	Not provided
4752	DDX3X	D347G	False	Not provided
1653	PIK3CA	D350G	True	Missense Variant
3338	PIK3CA	D350N	True	Not provided
2852	SMAD4	D351H	False	Not provided
2995	TP53BP1	D353E	False	Not provided
4637	ABL1	D363G	True	Missense Variant
1606	ABL1	D363Y	False	Missense Variant
240	NT5C2	D407A	True	Missense Variant
855	KIT	D419del	False	Conservative Inframe Deletion
4638	ABL1	D421G	True	Missense Variant
2468	PRKCB	D427N	True	Not provided
1560	SMO	D473G	False	Not provided
299	SMO	D473H	True	Missense Variant
1561	SMO	D473Y	False	Not provided
3959	SMAD4	D493H	False	Not provided
3713	AR	D528G	False	Not provided
2858	SMAD4	D537Y	False	Not provided
47	ESR1	D538G	True	Missense Variant
1547	KIT	D579_H580insIDPTQLPYD	False	Inframe Insertion
977	KIT	D579del	True	Conservative Inframe Deletion
4341	FLT3	D593del	False	Not provided
579	BRAF	D594A	True	Missense Variant
2799	BRAF	D594E	False	Not provided
611	BRAF	D594G	True	Missense Variant
2832	BRAF	D594H	False	Not provided
2833	NECTIN4	D594H	False	Not provided
2398	BRAF	D594K	True	Not provided
1107	BRAF	D594N	False	Missense Variant
580	BRAF	D594V	True	Missense Variant
3698	FGFR3	D617G	False	Missense Variant
2573	PTPN11	D61Y	False	Missense Variant
468	KDR	D717V	True	Missense Variant
1013	EGFR	D761N	False	Missense Variant
712	EGFR	D761Y	True	Missense Variant
35	ERBB2	D769H	True	Missense Variant
36	ERBB2	D769Y	True	Missense Variant
1512	EGFR	D770_N771insG	True	Inframe Insertion
1514	EGFR	D770_N771insGL	True	Inframe Insertion
1566	EGFR	D770_N771insGT	True	Inframe Insertion
1569	EGFR	D770_N771insNPG	True	Inframe Insertion
1445	EGFR	D770_N771insSVD	True	Not provided
2214	EGFR	D770delinsGY	True	Inframe Insertion;Delins
1559	KIT	D816E	True	Missense Variant
4419	KIT	D816F	False	Not provided
1402	KIT	D816G	False	Missense Variant
983	KIT	D816H	True	Missense Variant
65	KIT	D816V	True	Missense Variant
984	KIT	D816Y	False	Missense Variant
1265	KIT	D820A	True	Missense Variant
2736	KIT	D820E	False	Not provided
1266	KIT	D820G	True	Missense Variant
986	KIT	D820Y	True	Missense Variant
1397	FLT3	D835E	False	Missense Variant
4340	FLT3	D835G	False	Not provided
612	FLT3	D835H	True	Missense Variant
3075	FLT3	D835I	True	Not provided
4339	FLT3	D835N	False	Not provided
1302	FLT3	D835V	True	Missense Variant
3011	FLT3	D835Y	True	Missense Variant
3167	FLT3	D839A	False	Not provided
3160	FLT3	D839G	False	Not provided
3169	FLT3	D839H	False	Not provided
3168	FLT3	D839N	False	Not provided
98	PDGFRA	D842I	True	Missense Variant
99	PDGFRA	D842V	True	Missense Variant
100	PDGFRA	D842Y	True	Missense Variant
102	PDGFRA	D842_I843delinsVM	True	Missense Variant
1518	PDGFRA	D842_M844del	False	Inframe Deletion
3374	CDKN2A	D84G	False	Not provided
3334	CDKN2A	D84H	False	Not provided
3285	CDKN2A	D84N	False	Not provided
3375	CDKN2A	D84V	False	Not provided
3333	CDKN2A	D84Y	False	Not provided
2574	SETBP1	D868N	False	Not provided
4782	RET	D898_E901del	False	Not provided
3538	PTEN	D92A	False	Not provided
3539	PTEN	D92E	False	Not provided
3540	PTEN	D92G	False	Not provided
3541	PTEN	D92H	False	Not provided
3542	PTEN	D92V	False	Not provided
3293	PIK3CA	D939G	False	Missense Variant
2414	MAP2K1	E102_I103delEI	False	Not provided
3290	PIK3CB	E1051K	False	Not provided
3464	EGFR	E114K	True	Missense Variant
566	MAP2K7	E116K	True	Missense Variant
4329	ALK	E1210K	False	Not provided
2050	DICER1	E1705K	True	Missense Variant
544	MTOR	E1799K	True	Missense Variant
4	AKT1	E17K	True	Missense Variant
1227	AKT3	E17K	True	Missense Variant
3585	TP53	E180K	False	Not provided
5174	DICER1	E1813D	False	Not provided
2200	DICER1	E1813G	False	Missense Variant
2201	DICER1	E1813K	False	Missense Variant
2052	DICER1	E1813Q	True	Missense Variant
3707	AR	E198G	False	Not provided
572	MTOR	E2014K	True	Missense Variant
1626	MAP2K1	E203K	False	Missense Variant
1162	ATM	E2187*	True	Stop Gained
3780	TP53	E224K	True	Not provided
4427	MTOR	E2419K	True	Not provided
3	ABL1	E255K	True	Missense Variant
4606	ABL1	E255V	True	Missense Variant
1601	ABL1	E258D	False	Missense Variant
3772	TP53	E258K	True	Not provided
1552	MAPK1	E278E	False	Synonymous Variant
1526	ABL1	E279K	True	Missense Variant
1603	ABL1	E281K	False	Missense Variant
1043	TP53	E285K	True	Not provided
3462	TP53	E285V	False	Not provided
915	TP53	E286K	True	Not provided
2887	ABL1	E292L	True	Missense Variant
1183	ABL1	E292V	True	Missense Variant
3621	BRCA2	E3002K	False	Not provided
3496	ERBB4	E317K	False	Not provided
320	MAPK1	E322K	True	Missense Variant;Gain Of Function Variant
2853	SMAD4	E330A	False	Not provided
3521	SMAD4	E330K	False	Not provided
4609	ABL1	E355G	True	Missense Variant
1648	POLD1	E374K	True	Not provided
1674	ESR1	E380Q	False	Not provided
691	ERRFI1	E384*	True	Stop Gained;Loss Of Function Variant
3336	PIK3CA	E39K	False	Not provided
4589	ERBB2	E401G	False	Not provided
5086	TOP1	E418K	False	Not provided
4306	KLF5	E419K	True	Not provided
4307	KLF5	E419Q	True	Not provided
1619	ABL1	E450A	False	Missense Variant
1496	ABL1	E450G	False	Missense Variant
1617	ABL1	E450K	False	Missense Variant
1618	ABL1	E450Q	True	Missense Variant
1534	ABL1	E450V	True	Missense Variant
1536	ABL1	E453A	True	Missense Variant
1535	ABL1	E453K	True	Missense Variant
1509	ABL1	E453Q	True	Missense Variant
1620	ABL1	E453V	False	Missense Variant
1621	ABL1	E459G	False	Missense Variant
2370	ABL1	E459K	True	Missense Variant
3692	FGFR3	E466K	False	Missense Variant
3343	SPOP	E47K	False	Not provided
3682	JAK1	E483D	False	Not provided
773	MSH2	E483G	True	Missense Variant
3345	SPOP	E50K	False	Not provided
2282	DROSHA	E518K	False	Not provided
103	PIK3CA	E542K	True	Missense Variant
933	PIK3CA	E542Q	False	Missense Variant
882	PIK3CA	E545A	True	Missense Variant
934	PIK3CA	E545D	True	Missense Variant
883	PIK3CA	E545G	True	Missense Variant
104	PIK3CA	E545K	True	Missense Variant
881	PIK3CA	E545Q	True	Missense Variant
884	PIK3CA	E545V	False	Missense Variant
955	KIT	E554D	False	Missense Variant
3449	BRAF	E585K	False	Not provided
1631	FLT3	E588_Y589INSKYFYVDFRE	False	Inframe Insertion
4785	RET	E632_L633del	False	Not provided
4106	TP53	E68G	True	Not provided
4420	HBB	E6V	False	Not provided
1414	EGFR	E709A	False	Not provided
1412	EGFR	E709K	False	Missense Variant
1413	EGFR	E709Q	False	Missense Variant
4584	ERBB2	E717D	False	Not provided
1572	EGFR	E734Q	True	Missense Variant
724	EGFR	E746G	True	Missense Variant
1431	EGFR	E746K	False	Missense Variant
1005	EGFR	E746V	False	Not provided
1002	EGFR	E746_A750del	True	Inframe Deletion
1009	EGFR	E746_S752delinsD	False	Inframe Deletion
4280	EGFR	E746_S752insV	False	Not provided
1004	EGFR	E746_T751delinsA	False	Inframe Variant;Inframe Insertion;Inframe Deletion;Delins
1214	EGFR	E746_T751delinsVA	False	Inframe Deletion
3754	BACH2	E788K	False	Not provided
4476	TET2	E796K	False	Not provided
3504	ERCC2	E79D	False	Not provided
4320	NFE2L2	E79K	False	Not provided
3960	NFE2L2	E79Q	False	Not provided
1500	PIK3CA	E81K	True	Missense Variant
3430	NFE2L2	E82D	False	Not provided
4107	SOS1	E846K	False	Not provided
1482	EGFR	E868G	True	Missense Variant
3505	ERCC2	E86Q	False	Not provided
1390	EGFR	E884K	False	Missense Variant
3332	CDKN2A	E88K	False	Not provided
3537	PTEN	E91A	False	Not provided
2901	ABL1	E98G	True	Missense Variant
3484	FN1	EDB	False	Not provided
1158	ATM	F1025L	True	Missense Variant
3082	BCL2	F104I	True	Missense Variant
3028	BCL2	F104L	False	Not provided
3027	BCL2	F104S	False	Not provided
1492	ALK	F1174C	False	Missense Variant
8	ALK	F1174L	True	Missense Variant
1505	ALK	F1174V	False	Missense Variant
549	ALK	F1245C	True	Missense Variant
1295	ALK	F1245V	True	Missense Variant
1174	NOTCH1	F1592C	False	Not provided
1127	NOTCH1	F1592S	False	Missense Variant
2714	MTOR	F1888L	False	Not provided
470	MTOR	F2108L	True	Missense Variant
457	FCGR3A	F212V	True	Missense Variant
2285	CRLF2	F232C	False	Missense Variant
2802	BRAF	F247L	False	Not provided
1053	TP53	F270S	True	Not provided
1164	ATM	F2732V	True	Missense Variant
1507	ABL1	F311I	True	Missense Variant
1528	ABL1	F311L	True	Missense Variant
2359	ABL1	F317C	True	Missense Variant
1625	ABL1	F317I	True	Missense Variant
1028	ABL1	F317L	True	Missense Variant
2888	ABL1	F317R	True	Missense Variant
2343	ABL1	F317S	True	Missense Variant
1525	ABL1	F317V	True	Missense Variant
2063	STK11	F354L	False	Missense Variant
4610	ABL1	F359C	True	Missense Variant
4607	ABL1	F359I	True	Missense Variant
4598	ABL1	F359V	True	Missense Variant
3516	FGFR3	F384L	False	Missense Variant
2616	EGFR	F404I	False	Missense Variant
2617	EGFR	F404V	False	Missense Variant
4635	ABL1	F486S	True	Missense Variant
1538	ABL1	F486Y	False	Missense Variant
3240	KIT	F504A	False	Not provided
4514	KIT	F522C	False	Not provided
1270	MAP2K1	F53L	False	Missense Variant
2839	MAP2K1	F53Y	False	Not provided
4223	AKT1	F55Y	False	Not provided
1398	MAP2K2	F57C	False	Missense Variant
4510	NTRK1	F589L	True	Not provided
3450	BRAF	F594L	False	Not provided
1121	BRAF	F595L	False	Missense Variant
3468	NTRK3	F617L	True	Not provided
3071	FLT3	F691L	True	Not provided
2587	JAK2	F694L	True	Not provided
3593	RIT1	F82L	False	Not provided
1881	ATM	F858L	False	Not provided
175	AR	F877L	True	Missense Variant
3536	PTEN	F90L	False	Not provided
3667	PIK3CA	F930S	True	Not provided
3437	PIK3CA	G1007R	True	Not provided
3026	BCL2	G101A	False	Not provided
2960	BCL2	G101V	True	Missense Variant
940	PIK3CA	G1049R	True	Missense Variant
939	PIK3CA	G1049S	False	Missense Variant
3341	KRAS	G10_A11insG	True	Not provided
1673	ERBB4	G1109C	False	Missense Variant
2798	ALK	G1128A	False	Not provided
171	ALK	G1202R	True	Missense Variant
2813	ALK	G1202del	False	Deletion;Amino Acid Deletion;Conservative Inframe Deletion
5101	NF1	G1219E	False	Not provided
308	ALK	G1269A	True	Missense Variant
4334	ALK	G1269S	False	Not provided
3549	PTEN	G127E	False	Not provided
5082	MAP2K1	G128D	False	Not provided
2835	MAP2K1	G128V	False	Not provided
3563	PTEN	G129E	False	Not provided
3562	PTEN	G129R	False	Not provided
3561	PTEN	G129V	False	Not provided
148	KRAS	G12A	True	Missense Variant
78	KRAS	G12C	True	Missense Variant
897	NRAS	G12C	True	Missense Variant
79	KRAS	G12D	True	Missense Variant
878	NRAS	G12D	True	Missense Variant
1387	HRAS	G12D	False	Not provided
530	KRAS	G12R	True	Missense Variant
898	NRAS	G12S	False	Missense Variant
913	KRAS	G12S	True	Missense Variant
147	KRAS	G12V	False	Not provided
425	KRAS	G12V	True	Missense Variant
1175	NRAS	G12V	False	Missense Variant
1394	HRAS	G12V	False	Not provided
2873	MAP2K2	G132D	False	Not provided
2874	MAP2K2	G132S	False	Not provided
895	NRAS	G13C	False	Missense Variant
911	KRAS	G13C	False	Missense Variant
81	KRAS	G13D	True	Missense Variant
93	NRAS	G13D	True	Missense Variant
274	HRAS	G13D	True	Missense Variant
896	NRAS	G13R	True	Missense Variant
1393	HRAS	G13R	False	Not provided
1395	KRAS	G13R	False	Missense Variant
1396	KRAS	G13S	False	Missense Variant
1317	NRAS	G13V	False	Not provided
1489	HRAS	G13V	False	Not provided
1517	KRAS	G13V	True	Missense Variant
2676	EP300	G1506V	False	Not provided
3419	TP53	G154S	True	Not provided
3559	PTEN	G165E	False	Not provided
3560	PTEN	G165V	False	Not provided
3973	BRCA1	G1706A	False	Not provided
3972	BRCA1	G1706E	False	Not provided
2922	PRPS1	G174E	False	Not provided
3993	BRCA1	G1770V	False	Not provided
3793	TP53	G177E	False	Not provided
5111	DICER1	G1809R	False	Not provided
1271	ROS1	G2032R	True	Missense Variant
3152	GNA11	G209P	False	Not provided
3153	GNAQ	G209P	False	Not provided
518	ROS1	G2101A	True	Missense Variant
1060	TP53	G244S	True	Not provided
3397	TP53	G244V	False	Not provided
1036	TP53	G245D	True	Not provided
879	TP53	G245S	True	Missense Variant
3331	LZTR1	G248R	False	Not provided
1023	ABL1	G250E	True	Missense Variant
1599	ABL1	G250V	False	Missense Variant
3523	SMAD4	G252*	False	Not provided
141	DDR2	G253C	True	Missense Variant
3615	BRCA2	G2585R	False	Not provided
3628	BRCA2	G2609D	False	Not provided
4144	TP53	G262C	False	Not provided
3773	TP53	G262D	True	Not provided
3774	TP53	G266E	True	Not provided
1055	TP53	G266R	True	Not provided
4122	TP53	G266V	True	Not provided
2838	MAP2K1	G276W	False	Not provided
3613	BRCA2	G2793E	False	Not provided
3616	BRCA2	G2793R	False	Not provided
3791	TP53	G279E	True	Not provided
703	ERBB3	G284R	True	Missense Variant
4663	ERBB2	G292R	False	Not provided
3623	BRCA2	G3076E	False	Not provided
3620	BRCA2	G3076V	False	Not provided
38	ERBB2	G309A	True	Missense Variant
3457	NFE2L2	G31A	True	Not provided
2283	ACVR1	G328E	True	Gain Of Function Variant;Missense Variant
1686	ACVR1	G328V	True	Missense Variant
2280	ACVR1	G328W	True	Missense Variant
1657	ABL1	G340L	True	Coding Sequence Variant
3492	CTNNB1	G34E	False	Not provided
3253	CTNNB1	G34R	False	Not provided
3379	H3-3A	G34R	True	Not provided
2576	CTNNB1	G34V	False	Not provided
3378	H3-3A	G34V	False	Not provided
2421	H3-3A	G34W	True	Not provided
3662	ACVR1	G356D	True	Not provided
2788	PIK3CA	G363A	False	Missense Variant
3286	PTEN	G36R	False	Not provided
2406	FGFR3	G370C	True	Missense Variant
3381	PIK3R2	G373R	True	Not provided
2405	FGFR3	G380R	True	Missense Variant
3522	SMAD4	G386D	False	Not provided
1233	ABL1	G398R	True	Missense Variant
3520	SMAD4	G419V	False	Not provided
3432	BRAF	G463E	True	Not provided
3442	BRAF	G463V	False	Not provided
1106	BRAF	G464V	True	Missense Variant
3443	BRAF	G465A	False	Not provided
2603	EGFR	G465E	False	Missense Variant
443	EGFR	G465R	True	Missense Variant
2604	EGFR	G465V	False	Missense Variant
1196	BRAF	G466A	False	Missense Variant
2792	BRAF	G466E	False	Not provided
2222	BRAF	G466V	True	Missense Variant
3441	BRAF	G468A	False	Not provided
992	BRAF	G469A	True	Missense Variant
993	BRAF	G469E	True	Missense Variant
840	BRAF	G469R	False	Missense Variant
3425	BRAF	G469S	False	Not provided
841	BRAF	G469V	False	Missense Variant
2221	BRAF	G496A	True	Not provided
1584	SMO	G497W	False	Not provided
142	DDR2	G505S	True	Missense Variant
1624	ABL1	G514S	False	Missense Variant
4007	DDX41	G530D	False	Not provided
1678	FBXW7	G579W	False	Not provided
2823	BRAF	G593D	False	Not provided
2690	NTRK1	G595R	True	Not provided
694	BRAF	G596C	True	Missense Variant
1627	BRAF	G596R	True	Missense Variant
1650	BRAF	G596V	False	Missense Variant
997	EGFR	G598V	True	Missense Variant
2223	BRAF	G606E	True	Missense Variant
2855	NTRK3	G623E	False	Not provided
2691	NTRK3	G623R	True	Missense Variant
5136	NF1	G629R	False	Not provided
3215	FGFR4	G636C	False	Not provided
3699	FGFR3	G637W	False	Missense Variant
3488	EGFR	G63R	False	Missense Variant
759	MLH1	G65D	True	Missense Variant
4511	NTRK1	G667C	True	Not provided
4302	NTRK1	G667S	True	Not provided
757	MLH1	G67R	True	Missense Variant
1692	FGFR3	G691R	False	Missense Variant
4579	NTRK3	G696A	False	Not provided
4030	FGFR3	G697C	True	Missense Variant
2817	FLT3	G697R	False	Not provided
3212	FLT3	G697S	False	Not provided
999	EGFR	G719A	True	Missense Variant
998	EGFR	G719C	False	Missense Variant
1420	EGFR	G719D	True	Missense Variant
134	EGFR	G719S	True	Missense Variant
317	EGFR	G724S	True	Missense Variant
5184	FLT3	G73E	False	Not provided
3346	SPOP	G75R	False	Not provided
144	DDR2	G774V	True	Missense Variant
816	ERBB2	G776L	True	Missense Variant
4470	ERBB2	G776V	False	Not provided
4726	ERBB2	G776_V777delinsVCD	True	Not provided
4727	ERBB2	G776delinsCV	True	Not provided
4728	ERBB2	G776delinsLC	True	Not provided
4489	ERBB2	G776delinsVC	True	Not provided
4487	ERBB2	G778-779 insCPG	False	Not provided
4729	ERBB2	G778_S779insLPS	True	Not provided
3649	KDR	G800D	False	Not provided
3650	KDR	G800R	False	Not provided
4298	FGFR3	G802_X807del	False	Stop Lost;Inframe Deletion
1689	RET	G810A	False	Missense Variant
3226	RET	G810C	False	Not provided
1016	EGFR	G810S	False	Missense Variant
3227	RET	G810S	False	Not provided
3651	KDR	G843D	False	Not provided
772	HOXB13	G84E	True	Missense Variant
865	PDGFRA	G853D	True	Missense Variant
351	SETBP1	G870S	True	Missense Variant
1151	PIK3CA	H1047L	True	Missense Variant
107	PIK3CA	H1047R	True	Missense Variant
938	PIK3CA	H1047Y	True	Missense Variant
2957	MET	H1094L	False	Missense Variant
4112	TP53	H115Y	True	Not provided
3546	PTEN	H123D	False	Not provided
2872	MAP2K2	H123Q	False	Not provided
3803	SMAD4	H132Y	False	Not provided
456	FCGR2A	H167R	True	Missense Variant
3963	BRCA1	H1686Q	False	Not provided
3962	BRCA1	H1686R	False	Not provided
4138	TP53	H168Q	False	Not provided
4137	TP53	H168R	False	Not provided
3783	TP53	H168Y	True	Not provided
4103	TP53	H178P	True	Not provided
1082	TP53	H179R	True	Not provided
1083	TP53	H179Y	True	Not provided
3996	BRCA1	H1862L	False	Not provided
4119	TP53	H193L	False	Not provided
283	MTOR	H1968Y	True	Missense Variant;Gain Of Function Variant
1595	ABL1	H201L	False	Missense Variant
4335	TP53	H214R	False	Not provided
1531	ABL1	H396P	True	Missense Variant
4611	ABL1	H396R	True	Missense Variant
1446	EGFR	H773_V774insH	True	Not provided
1513	EGFR	H773_V774insNPH	True	Inframe Insertion
864	PDGFRA	H845Y	True	Missense Variant
874	ERBB2	H878Y	True	Missense Variant
3529	PTEN	H93D	False	Not provided
3530	PTEN	H93Q	False	Not provided
3340	PTEN	H93R	False	Not provided
3531	PTEN	H93Y	False	Not provided
4323	CBL	H94Y	False	Not provided
5104	CREBBP	HAT mutation	False	Not provided
259	GSTP1	I105V	True	Missense Variant
263	ABCB1	I1145I	True	Synonymous Variant
588	ALK	I1171N	True	Missense Variant
589	ALK	I1171S	True	Missense Variant
3371	ALK	I1171T	True	Not provided
3545	PTEN	I122S	False	Not provided
5127	NF1	I1445R	False	Not provided
787	CHEK2	I157T	True	Missense Variant
3768	TP53	I162F	True	Not provided
3555	PTEN	I168F	False	Not provided
458	FCGR2B	I232T	True	Missense Variant
1598	ABL1	I242T	False	Missense Variant
3758	U2AF1	I24T	False	Not provided
3630	BRCA2	I2627F	False	Not provided
3255	CTNNB1	I35K	False	Not provided
1235	PIK3CA	I391M	True	Missense Variant
1585	SMO	I408V	False	Not provided
1615	ABL1	I418S	False	Missense Variant
1614	ABL1	I418V	False	Missense Variant
1533	ABL1	I432T	False	Missense Variant
2599	EGFR	I462K	False	Missense Variant
2600	EGFR	I462R	False	Missense Variant
3448	BRAF	I462S	False	Not provided
2608	EGFR	I491K	False	Missense Variant
2609	EGFR	I491R	False	Missense Variant
4022	FGFR3	I538F	False	Missense Variant
143	DDR2	I638F	True	Missense Variant
2677	ERBB2	I654V	False	Missense Variant
758	MLH1	I68S	True	Missense Variant
2937	PRPS1	I72V	True	Not provided
2259	EGFR	I744_K745insKIPVAI	False	Not provided
3664	ERBB2	I767M	False	Not provided
3572	FLT3	I836S	False	Not provided
3573	FLT3	I836T	False	Not provided
101	PDGFRA	I843DEL	True	Inframe Deletion
755	MSH6	I972F	False	Missense Variant
1234	PIK3CA	K111N	True	Missense Variant
1120	KRAS	K117N	False	Missense Variant
3584	TP53	K120E	False	Not provided
3596	TP53	K120R	False	Not provided
3548	PTEN	K125E	False	Not provided
3564	PTEN	K128N	False	Not provided
3764	TP53	K139E	True	Not provided
770	MSH2	K172*	True	Stop Gained
2921	PRPS1	K176N	True	Not provided
3023	PML	K227_T233del	False	Inframe Deletion
2815	H3C2	K27M	True	Not provided
3939	H3-3A	K27M	False	Not provided
3944	H3C14	K27M	False	Not provided
3594	H3-3A	K27R	False	Not provided
2416	H3-3A	K28M	True	Non Conservative Missense Variant
1155	ATM	K293*	True	Stop Gained
3402	TP53	K305M	False	Not provided
4147	TP53	K305N	False	Not provided
2871	BRCA2	K3326*	True	Not provided
239	NT5C2	K359Q	True	Missense Variant
3745	CTCF	K365T	True	Not provided
2420	H3-3B	K36M	True	Not provided
3440	KLF4	K409Q	False	Not provided
2775	BRAF	K439Q	False	Not provided
2776	BRAF	K439T	False	Not provided
2605	EGFR	K467N	False	Not provided
455	EGFR	K467T	True	Missense Variant
581	BRAF	K483M	True	Missense Variant;Loss Of Function Variant
2622	KIT	K484_G487DEL	True	Not provided
2607	EGFR	K489E	False	Missense Variant
2606	EGFR	K489Q	False	Missense Variant
4050	FGFR3	K508M	False	Not provided
949	KIT	K550_K558del	True	Inframe Deletion
2696	KIT	K550_K559DEL	True	Not provided
948	KIT	K550_W557del	True	Inframe Deletion
963	KIT	K558Q	False	Missense Variant
965	KIT	K558R	False	Missense Variant
964	KIT	K558_V559del	True	Not provided
1549	KIT	K558delinsNP	True	Delins
1272	MAP2K1	K57N	True	Missense Variant
824	MAP2K1	K57T	False	Missense Variant
4475	MAP2K1	K57_G61del	False	Not provided
3455	BRAF	K600E	False	Not provided
584	BRAF	K601E	True	Missense Variant
733	MLH1	K618DEL	True	Inframe Deletion
978	KIT	K642E	True	Missense Variant
2592	KIT	K642R	False	Not provided
4024	FGFR3	K650D	True	Delins
1400	FGFR3	K650E	True	Missense Variant
4025	FGFR3	K650L	True	Not provided
4013	FGFR3	K650M	True	Missense Variant
3695	FGFR3	K650N	True	Missense Variant
4019	FGFR3	K650Q	True	Missense Variant
4021	FGFR3	K650T	True	Missense Variant
2947	FGFR2	K660E	False	Not provided
3166	FLT3	K663Q	False	Not provided
114	SF3B1	K666N	True	Missense Variant
565	SF3B1	K700E	True	Missense Variant
3490	EGFR	K708R	False	Missense Variant
3714	AR	K720E	False	Not provided
1638	EGFR	K745_E749delKELRE	False	Inframe Deletion
264	ERCC2	K751Q	True	Missense Variant
1312	ERBB2	K753E	False	Missense Variant
4409	EGFR	K754E	True	Not provided
4319	SMARCA2	K755R	True	Not provided
1314	ERBB2	K755S	False	Not provided
723	EGFR	K757R	True	Missense Variant
1895	EGFR	K806E	True	Missense Variant
802	RUNX1	K83E	True	Missense Variant
3666	PIK3CA	K944N	True	Not provided
3669	PIK3CA	K966E	True	Not provided
4111	TP53	L111R	True	Not provided
1554	ALK	L1152P	False	Missense Variant
307	ALK	L1152R	True	Missense Variant
4332	ALK	L1152V	False	Not provided
4324	ALK	L1196M	True	Missense Variant
1553	ALK	L1196Q	False	Missense Variant
1275	ALK	L1198F	True	Missense Variant
1556	ALK	L1198P	False	Missense Variant
3031	BCL2	L119V	False	Missense Variant
5121	NF1	L1221R	False	Not provided
3032	MYOD1	L122R	True	Missense Variant
2168	RAD50	L1237F	True	Not provided
5130	NF1	L1243R	False	Not provided
3660	CYSLTR2	L129Q	False	Not provided
1099	TP53	L130V	False	Not provided
3078	VHL	L135*	False	Not provided
4114	TP53	L139N	True	Not provided
4273	BRCA1	L1407P	False	Not provided
1032	NOTCH1	L1574P	False	Not provided
1145	NOTCH1	L1574Q	False	Missense Variant
1142	NOTCH1	L1585R	False	Missense Variant
4449	ERBB2	L15F	False	Not provided
1031	NOTCH1	L1600P	False	Missense Variant
1140	NOTCH1	L1600Q	False	Missense Variant
1034	NOTCH1	L1678P	False	Not provided
3335	CDKN2A	L16P	False	Not provided
2675	MSH2	L173P	False	Not provided
3982	BRCA1	L1764P	False	Not provided
2919	PRPS1	L191F	True	Not provided
1078	TP53	L194P	False	Not provided
3392	TP53	L194R	False	Not provided
516	ROS1	L2026M	True	Missense Variant
517	ROS1	L2155S	True	Missense Variant
463	PML	L218P	True	Missense Variant
2716	MTOR	L2230V	False	Not provided
140	DDR2	L239R	True	Missense Variant
1163	ATM	L2427P	True	Missense Variant
3414	MTOR	L2427Q	False	Not provided
2340	ABL1	L248R	True	Missense Variant
4632	ABL1	L248V	True	Missense Variant
3755	BACH2	L24P	False	Not provided
3624	BRCA2	L2510P	False	Not provided
3771	TP53	L252F	True	Not provided
3801	TP53	L257P	True	Not provided
3640	BRCA2	L2647P	False	Not provided
3642	BRCA2	L2653P	False	Not provided
3612	BRCA2	L2654P	False	Not provided
424	MYD88	L265P	True	Missense Variant;Gain Of Function Variant
3638	BRCA2	L2688P	False	Not provided
1602	ABL1	L273M	False	Missense Variant
3617	BRCA2	L2792P	False	Not provided
1506	ABL1	L298V	True	Missense Variant
3643	PIM1	L2V	True	Not provided
4125	TP53	L305M	False	Not provided
3775	TP53	L308M	True	Not provided
4322	NFE2L2	L30F	False	Not provided
3776	TP53	L323P	True	Not provided
3580	TP53	L330P	True	Not provided
3581	TP53	L330R	True	Not provided
3583	TP53	L344P	True	Not provided
1508	ABL1	L364I	True	Missense Variant
1530	ABL1	L364P	True	Missense Variant
1230	ABL1	L384M	True	Missense Variant
1232	ABL1	L387F	True	Missense Variant
1488	ABL1	L387M	True	Missense Variant
1570	SMO	L412F	True	Missense Variant
4313	POLE	L424I	False	Not provided
4158	POLE	L424V	False	Not provided
5070	ESR1	L469V	False	Not provided
2842	MAP2K2	L46F	False	Not provided
2804	BRAF	L485F	False	Not provided
658	BRAF	L505H	True	Missense Variant
2793	BRAF	L525R	False	Not provided
1191	AKT1	L52R	False	Not provided
5071	ESR1	L536H	False	Not provided
5072	ESR1	L536P	False	Not provided
46	ESR1	L536Q	True	Missense Variant
1675	ESR1	L536R	False	Not provided
72	KIT	L576P	True	Missense Variant
1540	PDGFRA	L579M	False	Missense Variant
3705	AR	L57Q	False	Not provided
3451	BRAF	L596V	False	Not provided
583	BRAF	L597Q	True	Missense Variant
288	BRAF	L597R	True	Missense Variant
582	BRAF	L597S	True	Missense Variant
585	BRAF	L597V	True	Missense Variant
2401	FGFR3	L608V	False	Missense Variant
1309	ERBB2	L638S	False	Not provided
139	DDR2	L63V	True	Missense Variant
2999	EGFR	L718Q	False	Not provided
3000	EGFR	L718V	False	Not provided
3717	AR	L744F	False	Not provided
1891	EGFR	L747P	True	Missense Variant
1006	EGFR	L747_A750delinsP	False	Not provided
1012	EGFR	L747_P753delinsS	True	Inframe Deletion
890	EGFR	L747_S752del	False	Inframe Deletion
1580	EGFR	L747_S752delinsQ	True	Inframe Insertion;Inframe Deletion;Delins
1007	EGFR	L747_T751delLREAT	False	Not provided
1010	EGFR	L747_T751delinsP	False	Not provided
1008	EGFR	L747_T751delinsQ	False	Not provided
1313	ERBB2	L753E	False	Not provided
4670	ERBB2	L755A	True	Not provided
4673	ERBB2	L755M	True	Not provided
1304	ERBB2	L755P	True	Missense Variant
4490	ERBB2	L755P	False	Not provided
39	ERBB2	L755S	True	Missense Variant
40	ERBB2	L755W	True	Missense Variant
37	ERBB2	L755_T759del	True	Inframe Deletion
1308	ERBB2	L768S	False	Missense Variant
4477	BAX	L76R	False	Not provided
3004	EGFR	L792H	False	Missense Variant
1457	EGFR	L838P	True	Missense Variant
1018	EGFR	L838V	True	Missense Variant
3648	KDR	L840F	False	Not provided
1473	EGFR	L858Q	False	Missense Variant
33	EGFR	L858R	True	Missense Variant
1020	EGFR	L861Q	True	Missense Variant
1477	EGFR	L861R	True	Missense Variant
496	ERBB2	L866M	True	Missense Variant
2330	ERBB2	L869R	False	Gain Of Function Variant;Missense Variant
3670	PIK3CA	L938*	True	Not provided
937	PIK3CA	M1043I	False	Missense Variant
936	PIK3CA	M1043V	False	Not provided
2940	PRPS1	M115T	True	Not provided
3301	SPOP	M117I	False	Not provided
3280	SPOP	M117V	False	Not provided
3372	MET	M1250T	False	Missense Variant
3966	BRCA1	M1628T	False	Not provided
3965	BRCA1	M1652I	False	Not provided
4401	BRCA1	M1775K	False	Not provided
4400	BRCA1	M1775R	False	Not provided
1248	BRCA2	M1I	True	Missense Variant
747	MLH1	M1L	True	Missense Variant
1247	BRCA2	M1R	True	Missense Variant
609	MTOR	M2327I	True	Missense Variant
1066	TP53	M237I	True	Missense Variant
1597	ABL1	M237V	False	Missense Variant
3396	TP53	M243T	False	Not provided
4597	ABL1	M244V	True	Missense Variant
3398	TP53	M246A	False	Not provided
3789	TP53	M246L	True	Not provided
4105	TP53	M246R	False	Not provided
3399	TP53	M246T	False	Not provided
1524	ABL1	M343T	True	Missense Variant
1029	ABL1	M351T	True	Missense Variant
1610	ABL1	M388L	True	Missense Variant
1622	ABL1	M472I	False	Missense Variant
769	MLH1	M490T	True	Missense Variant
1288	JAK3	M511I	False	Missense Variant
3515	FGFR3	M528I	False	Missense Variant
201	KIT	M541L	True	Missense Variant
951	KIT	M552_W557DEL	False	Inframe Deletion
4620	FGFR1	M563T	False	Not provided
3165	FLT3	M664I	False	Not provided
2745	EGFR	M766Q	False	Not provided
1664	EGFR	M766_A767insAI	True	Inframe Insertion
2213	EGFR	M766_A767insASV	True	Not provided
818	ERBB2	M774DELINSWLV	True	Inframe Indel
3588	RIT1	M90I	False	Not provided
113	RET	M918T	True	Missense Variant
3438	PIK3CA	N1044K	True	Not provided
2924	PRPS1	N114D	False	Not provided
2843	MAP2K2	N126D	False	Not provided
778	SLCO1B1	N130D	True	Missense Variant
2923	PRPS1	N144S	True	Not provided
2951	ABL1	N146S	True	Missense Variant
3281	ERCC2	N238S	False	Not provided
3394	TP53	N239D	False	Not provided
3787	TP53	N239S	True	Not provided
3395	TP53	N239T	False	Not provided
244	ATM	N2875H	True	Missense Variant
3641	BRCA2	N3124I	False	Not provided
1529	ABL1	N331S	True	Missense Variant
1640	ABL1	N336S	True	Missense Variant
930	PIK3CA	N345K	True	Missense Variant
3679	ETV6	N385_R418del	False	Not provided
5131	NF1	N412S	False	Not provided
3681	JAK1	N451S	False	Not provided
2794	BRAF	N486_P490del	True	Not provided
3237	KIT	N505I	False	Not provided
3238	KIT	N505R	False	Not provided
3216	FGFR4	N535K	False	Not provided
4028	FGFR3	N540D	False	Missense Variant
3693	FGFR3	N540K	False	Missense Variant
3694	FGFR3	N540S	False	Missense Variant
515	FGFR1	N546K	True	Missense Variant
2780	FGFR2	N549H	False	Not provided
545	FGFR2	N550K	True	Missense Variant;Gain Of Function Variant
751	MLH1	N551T	True	Missense Variant
1652	PIK3R2	N561D	True	Not provided
4014	PLCG2	N571S	False	Not provided
3444	BRAF	N580S	False	Not provided
1186	BRAF	N581S	True	Missense Variant
3053	FLT3	N676K	False	Missense Variant
3719	AR	N756D	False	Not provided
3304	EGFR	N771_P772insL	True	Not provided
1581	EGFR	N771delinsGY	False	Inframe Insertion;Inframe Deletion;Delins
1662	EGFR	N771delinsVH	False	Inframe Insertion
987	KIT	N822H	True	Missense Variant
1263	KIT	N822K	True	Missense Variant
1188	EGFR	N826S	True	Missense Variant
1896	EGFR	N826Y	True	Missense Variant
3201	FLT3	N841I	False	Not provided
3213	FLT3	N841K	False	Not provided
3308	FLT3	N841T	False	Not provided
1899	EGFR	N842S	True	Missense Variant
873	ERBB2	N857S	True	Missense Variant
3532	PTEN	N94I	False	Not provided
2837	MAP2K1	P124L	False	Not provided
82	MAP2K1	P124S	True	Missense Variant
734	MLH1	P138T	True	Not provided
761	MSH6	P138T	True	Missense Variant
1644	PXDNL	P1460T	False	Not provided
3418	TP53	P151A	False	Not provided
1093	TP53	P151H	True	Not provided
3765	TP53	P151S	True	Not provided
3767	TP53	P152L	True	Not provided
3794	TP53	P152T	True	Not provided
3556	PTEN	P169H	False	Not provided
3785	TP53	P177F	True	Not provided
3786	TP53	P177H	True	Not provided
3784	TP53	P177S	True	Not provided
3299	PPP2R1A	P179R	True	Not provided
3997	BRCA1	P1812R	False	Not provided
402	NQO1	P187S	True	Missense Variant
4141	TP53	P190H	False	Not provided
1080	TP53	P190L	False	Not provided
813	ETV6	P214L	False	Missense Variant
4473	ARAF	P216A	False	Not provided
3778	TP53	P219H	True	Not provided
284	MTOR	P2213S	True	Missense Variant;Gain Of Function Variant
3318	TP53	P250L	True	Not provided
2905	FGFR2	P253R	True	Not provided
1218	ERBB3	P262H	False	Missense Variant
3005	TP53	P278A	False	Missense Variant
1049	TP53	P278S	True	Not provided
4315	POLE	P286H	False	Not provided
1830	POLE	P286R	True	Not provided
3570	CCND1	P287S	False	Not provided
3571	CCND1	P287T	False	Not provided
367	RAC1	P29S	True	Missense Variant
3711	AR	P340L	False	Not provided
3266	KRAS	P34R	False	Not provided
3289	CTCF	P378L	False	Not provided
3602	ATXN7	P40Q	False	Not provided
1291	JAK1	P429S	False	Missense Variant
3603	ATXN7	P42_P43insP	False	Not provided
1616	ABL1	P441L	False	Missense Variant
3458	PIK3CA	P447_L455del	False	Not provided
4478	AXIN2	P455K	False	Not provided
294	PIK3CA	P471L	True	Missense Variant
504	TP53	P47S	True	Missense Variant
1537	ABL1	P480A	True	Missense Variant
1623	ABL1	P480L	False	Missense Variant
3377	CDKN2A	P48L	False	Not provided
2796	BRAF	P490_Q494del	False	Not provided
3712	AR	P504L	False	Not provided
1582	EGFR	P546S	False	Missense Variant
950	KIT	P551L	False	Missense Variant
1497	KIT	P551_E554delPMYE	True	Inframe Deletion
976	KIT	P577L	False	Missense Variant
862	PDGFRA	P577S	True	Missense Variant
2738	KIT	P577_D579DEL	False	Not provided
3489	EGFR	P596L	False	Missense Variant
2180	TSPYL1	P62S	False	Missense Variant;Polymorphic Sequence Variant
2990	BRCA2	P655R	False	Not provided
531	TP53	P72R	True	Missense Variant
2224	BRAF	P731T	True	Missense Variant
460	EGFR	P753S	True	Missense Variant
2217	EGFR	P772_H773insH	False	Not provided
1667	EGFR	P772_H773insYNP	True	Inframe Insertion
1668	EGFR	P772_V774insPHV	True	Inframe Insertion
2697	PAX5	P80R	True	Not provided
3644	PIM1	P81S	True	Not provided
3384	CDKN2A	P81T	False	Not provided
1465	EGFR	P848L	False	Missense Variant
3348	SPOP	P94A	False	Not provided
4304	SRSF2	P95H	True	Missense Variant
3533	PTEN	P95L	False	Not provided
4303	SRSF2	P95L	True	Missense Variant
3534	PTEN	P96Q	False	Not provided
3761	TP53	P98L	True	Not provided
3760	TP53	P98S	True	Not provided
3302	TYK2	Pro1104Ala	False	Not provided
1159	ATM	Q1084*	False	Stop Gained
469	TSC2	Q1178*	True	Stop Gained
5120	NF1	Q1189*	False	Not provided
260	ABCG2	Q141K	True	Missense Variant
3777	TP53	Q144P	True	Not provided
4132	TP53	Q144Q	False	Not provided
1246	BRCA1	Q1467*	True	Stop Gained
753	MLH1	Q149*	True	Stop Gained
4135	TP53	Q167R	False	Not provided
1654	NRAS	Q179X	True	Not provided
1593	PTCH1	Q17X	False	Not provided
4753	ARID1A	Q185*	False	Not provided
4413	GNA11	Q209L	True	Not provided
604	GNAQ	Q209P	True	Missense Variant
479	KRAS	Q22*	True	Stop Gained
1520	MTOR	Q2223K	False	Not provided
1643	SCN8A	Q225X	False	Not provided
4634	ABL1	Q252H	True	Missense Variant
1600	ABL1	Q252R	False	Missense Variant
2700	CBL	Q294E	False	Not provided
1527	ABL1	Q300R	True	Missense Variant
3601	ATXN7	Q30R	False	Not provided
5185	FLT3	Q338E	False	Not provided
261	XRCC1	Q399R	True	Missense Variant
3600	ATXN7	Q39P	False	Not provided
3590	RIT1	Q40L	False	Not provided
1510	ARID1A	Q456*	True	Stop Gained
1564	SMO	Q477E	False	Not provided
614	JAK1	Q503*	True	Stop Gained
3663	BRAF	Q524L	False	Not provided
886	PIK3CA	Q546E	True	Missense Variant
885	PIK3CA	Q546K	True	Missense Variant
887	PIK3CA	Q546P	False	Missense Variant
888	PIK3CA	Q546R	True	Missense Variant
1541	KIT	Q556_I571DEL	False	Inframe Deletion
83	MAP2K1	Q56P	True	Missense Variant
5192	MAP2K1	Q56_G61delinsL	False	Not provided
655	MAP2K1	Q56_V60del	True	Inframe Deletion
975	KIT	Q575L	False	Missense Variant
1104	KRAS	Q61E	False	Missense Variant
893	NRAS	Q61H	True	Missense Variant
907	KRAS	Q61H	True	Missense Variant
427	NRAS	Q61K	True	Missense Variant
910	KRAS	Q61K	True	Missense Variant
1392	HRAS	Q61K	False	Not provided
95	NRAS	Q61L	True	Missense Variant
854	HRAS	Q61L	False	Missense Variant
908	KRAS	Q61L	True	Missense Variant
1103	KRAS	Q61P	False	Missense Variant
96	NRAS	Q61R	True	Missense Variant
909	KRAS	Q61R	True	Missense Variant
1391	HRAS	Q61R	False	Not provided
4583	ERBB2	Q679L	False	Not provided
981	KIT	Q694K	False	Missense Variant
3576	ERBB2	Q709L	False	Not provided
3433	RRAS2	Q72L	False	Not provided
5043	PIK3CA	Q75E	False	Not provided
1592	PTCH1	Q787X	False	Not provided
3726	AR	Q798E	False	Not provided
169	AKT1	Q79K	True	Missense Variant
3589	RIT1	Q79L	False	Not provided
1157	ATM	Q984E	False	Missense Variant
741	MLH1	R100*	True	Stop Gained
2774	MET	R1004G	True	Missense Variant
3653	KDR	R1022Q	False	Not provided
3350	KDR	R1032Q	True	Not provided
702	ERBB3	R103G	True	Missense Variant
714	TSC1	R1062W	True	Missense Variant
994	EGFR	R108K	True	Missense Variant
3282	TP53	R110L	False	Not provided
4318	SMARCA2	R1159Q	True	Not provided
1661	ALK	R1192P	False	Missense Variant
3498	ERBB3	R1202W	False	Not provided
2645	KDM6A	R1213*	False	Not provided
3300	SPOP	R121Q	False	Not provided
776	MSH6	R1242C	True	Missense Variant
767	MSH6	R1242H	True	Missense Variant
9	ALK	R1275Q	True	Missense Variant
5100	NF1	R1276*	False	Not provided
3292	NF1	R1276Q	False	Missense Variant
3060	BCL2	R129L	False	Missense Variant
636	PTEN	R130*	True	Stop Gained
5133	NF1	R1306*	False	Not provided
1037	PTEN	R130G	False	Not provided
899	PTEN	R130Q	False	Not provided
59	IDH1	R132C	True	Missense Variant
927	IDH1	R132G	True	Missense Variant
420	IDH1	R132H	True	Missense Variant
880	IDH1	R132L	True	Missense Variant
4433	IDH1	R132Q	False	Not provided
928	IDH1	R132S	True	Missense Variant
4512	ERBB2	R143Q	False	Not provided
5105	CREBBP	R1446C	False	Not provided
5129	NF1	R1509H	False	Not provided
4102	TP53	R156H	True	Not provided
3795	TP53	R156P	True	Not provided
1170	ATM	R1575H	False	Missense Variant
3967	BRCA1	R1589P	False	Not provided
4133	TP53	R158C	False	Not provided
4115	TP53	R158G	True	Not provided
1695	TP53	R158H	True	Missense Variant
1699	TP53	R158L	True	Missense Variant
3543	PTEN	R15K	False	Not provided
1628	NF1	R163X	False	Stop Gained
1207	KRAS	R164Q	True	Missense Variant
814	DDX41	R164W	True	Missense Variant
3470	EGFR	R165Q	False	Missense Variant
4397	BRCA1	R1699Q	False	Not provided
3971	BRCA1	R1699W	False	Not provided
4459	IDH2	R172G	True	Not provided
2364	PREX2	R172I	True	Missense Variant
63	IDH2	R172K	True	Missense Variant
4460	IDH2	R172M	False	Not provided
4461	IDH2	R172S	False	Not provided
4462	IDH2	R172W	True	Not provided
838	PTEN	R173C	True	Missense Variant
3420	TP53	R174K	False	Not provided
1085	TP53	R174W	False	Not provided
116	TP53	R175H	True	Missense Variant
3796	TP53	R181C	True	Not provided
3797	TP53	R181G	True	Not provided
3798	TP53	R181H	True	Not provided
4140	TP53	R181L	False	Not provided
3390	TP53	R181P	True	Not provided
4412	GNA11	R183C	True	Not provided
471	RAD51D	R186*	True	Stop Gained
249	XRCC1	R194W	True	Missense Variant
4142	TP53	R196Q	False	Not provided
826	GNAS	R201C	True	Missense Variant
1319	GNAS	R201H	True	Not provided
4305	CIC	R201W	False	Not provided
1161	ATM	R2034P	False	Missense Variant
3661	ACVR1	R206H	True	Not provided
3575	PMS2	R20Q	False	Not provided
2711	TP53	R213*	False	Stop Gained
1109	TP53	R213P	True	Missense Variant
4121	TP53	R213Q	False	Not provided
1683	ALK	R214H	False	Missense Variant
3439	MTOR	R2152C	True	Not provided
3431	CIC	R215W	False	Not provided
3344	EGFR	R222C	True	Missense Variant
754	MLH1	R226*	True	Stop Gained
136	NOTCH1	R2327W	True	Missense Variant
110	PTEN	R233*	True	Stop Gained;Loss Of Function Variant
1252	BRCA2	R2336P	True	Missense Variant
2896	NT5C2	R238W	True	Not provided
1156	ATM	R2459C	False	Missense Variant
2403	FGFR3	R248C	True	Missense Variant
920	TP53	R248L	False	Not provided
117	TP53	R248Q	True	Missense Variant
118	TP53	R248W	True	Missense Variant
3400	TP53	R249G	False	Not provided
1696	TP53	R249S	True	Not provided
556	CDK4	R24C	True	Missense Variant
3961	EGFR	R252C	True	Not provided
2275	ACVR1	R258G	False	Missense Variant
3618	BRCA2	R2659G	False	Not provided
749	MLH1	R265G	True	Missense Variant
3421	TP53	R267Q	False	Not provided
4656	TP53	R267W	False	Not provided
121	TP53	R273C	True	Missense Variant
122	TP53	R273H	True	Missense Variant
918	TP53	R273L	True	Missense Variant
2753	PRKN	R275W	False	Not provided
3619	BRCA2	R2784Q	False	Not provided
3626	BRCA2	R2784W	False	Not provided
1697	TP53	R280K	True	Not provided
1698	TP53	R280T	True	Not provided
1108	TP53	R282L	True	Missense Variant
916	TP53	R282W	True	Not provided
3799	TP53	R283H	True	Not provided
3422	TP53	R283P	False	Not provided
3608	BRCA2	R2842C	False	Not provided
903	ATM	R3008C	True	Missense Variant
5134	NF1	R304*	False	Not provided
4148	TP53	R306E	False	Not provided
768	PMS2	R315*	True	Stop Gained
3423	TP53	R337C	False	Not provided
3424	TP53	R337H	False	Not provided
1112	TP53	R337L	False	Not provided
3582	TP53	R337P	True	Not provided
4149	TP53	R337S	False	Not provided
3579	TP53	R342P	True	Not provided
4599	ERBB2	R34Q	False	Not provided
1656	ABL1	R351W	True	Missense Variant
2851	SMAD4	R361C	True	Not provided
238	NT5C2	R367Q	True	Missense Variant
812	ETV6	R369Q	False	Missense Variant
3757	SMAD3	R373H	False	Not provided
3339	CTCF	R377H	False	Not provided
727	MSH2	R383*	True	Stop Gained
1680	RAF1	R391W	True	Missense Variant
811	ETV6	R399C	False	Missense Variant
3463	PALB2	R414X	False	Not provided
3678	ETV6	R418G	False	Not provided
454	EGFR	R451C	True	Missense Variant
3144	NTRK2	R458G	False	Not provided
3447	BRAF	R461I	False	Not provided
3671	FBXW7	R465C	False	Not provided
2647	FBXW7	R465H	False	Not provided
3672	FBXW7	R479Q	False	Not provided
3519	SMAD4	R496H	False	Not provided
1503	FBXW7	R505C	False	Missense Variant
1504	FBXW7	R505H	False	Not provided
3673	FBXW7	R505L	False	Not provided
2803	BRAF	R558Q	False	Not provided
1679	FBXW7	R658Q	False	Not provided
3696	FGFR3	R669G	False	Missense Variant
3697	FGFR3	R669Q	False	Missense Variant
4549	ERBB2	R678L	False	Not provided
42	ERBB2	R678Q	True	Missense Variant
2829	JAK2	R683G	False	Not provided
3604	EZH2	R690C	False	Missense Variant
2333	EGFR	R705K	True	Missense Variant
3716	AR	R726L	True	Not provided
4968	TP53	R72P	True	Not provided
4404	CDH1	R732Q	False	Not provided
3485	DNMT3A	R736H	False	Not provided
1181	EGFR	R776C	True	Missense Variant
1017	EGFR	R831H	True	Missense Variant
2741	EGFR	R832L	False	Missense Variant
863	PDGFRA	R841K	True	Missense Variant
2782	TEK	R849W	False	Not provided
3376	CDKN2A	R87P	False	Not provided
1125	DNMT3A	R882H	False	Not provided
1124	DNMT3A	R882P	False	Not provided
929	PIK3CA	R88Q	True	Missense Variant
43	ERBB2	R896C	True	Missense Variant
3434	PIK3CA	R93Q	False	Not provided
1178	PIK3CA	R93W	True	Missense Variant
502	KDR	R961W	True	Missense Variant
2790	PIK3CA	R975S	False	Missense Variant
4515	MET	R988C	False	Not provided
3685	PTPRD	R995C	False	Not provided
3429	ARHGAP35	R997*	False	Not provided
4542	DICER1	RNase IIIb Mutation	False	Not provided
2925	PRPS1	S103I	True	Not provided
2926	PRPS1	S103N	True	Not provided
2927	PRPS1	S103T	True	Not provided
3497	ERBB2	S1050L	False	Not provided
2165	FANCA	S1088F	False	Missense Variant
3647	KDR	S1100F	False	Not provided
4333	ALK	S1206R	False	Not provided
172	ALK	S1206Y	True	Missense Variant
4130	TP53	S127Y	False	Not provided
3969	BRCA1	S1486C	False	Not provided
1499	PIK3CA	S158L	True	Missense Variant
3964	BRCA1	S1655F	False	Not provided
3557	PTEN	S170R	False	Not provided
3391	TP53	S183L	False	Not provided
4393	BRCA1	S1841N	False	Not provided
4394	BRCA1	S1841R	False	Not provided
2347	IL7R	S185C	False	Not provided
1671	ROS1	S1986F	False	Missense Variant
1670	ROS1	S1986Y	False	Not provided
4290	MPL	S204P	False	Not provided
10	ARAF	S214C	True	Missense Variant
4410	ARAF	S214F	True	Not provided
3024	PML	S214L	False	Missense Variant
2715	MTOR	S2215F	False	Not provided
542	MTOR	S2215Y	True	Missense Variant
4472	ARAF	S225V	False	Not provided
4143	TP53	S227C	False	Not provided
243	ATM	S2289*	True	Frameshift Truncation
1065	TP53	S241C	False	Not provided
2777	TP53	S241F	True	Not provided
3788	TP53	S241T	True	Not provided
628	FGFR3	S249C	True	Missense Variant
3674	NOTCH1	S2514A	False	Not provided
3676	NOTCH1	S2514E	False	Not provided
3677	NOTCH1	S2514P	False	Not provided
4312	SMAD2	S276L	True	Not provided
1562	SMO	S278I	False	Not provided
3709	AR	S296R	False	Not provided
4492	ERBB2	S310F	True	Not provided
1215	ERBB2	S310Y	False	Not provided
2946	FGFR2	S320C	False	Not provided
3710	AR	S334P	False	Not provided
4493	ERBB2	S335C	False	Not provided
3254	CTNNB1	S33F	False	Not provided
4749	PLCG1	S345F	False	Not provided
2281	CTNNB1	S37C	False	Not provided
1613	ABL1	S417Y	True	Missense Variant
4582	ERBB2	S423R	False	Not provided
1495	ABL1	S438C	True	Missense Variant
2615	EGFR	S442I	False	Missense Variant
2614	EGFR	S442R	False	Missense Variant
2897	NT5C2	S445F	True	Gain Of Function Variant;Missense Variant
3502	ERCC2	S44L	False	Not provided
1832	POLE	S459F	True	Not provided
1286	CTNNB1	S45F	True	Missense Variant
1287	CTNNB1	S45P	True	Missense Variant
692	ESR1	S463P	True	Missense Variant
2601	EGFR	S464L	False	Missense Variant
2602	EGFR	S464T	False	Missense Variant
825	ARAF	S490T	True	Missense Variant
2610	EGFR	S492C	False	Missense Variant
453	EGFR	S492R	True	Missense Variant
1206	KIT	S501_A502INSAY	False	Inframe Insertion
1589	SMO	S533N	False	Not provided
1290	JAK3	S61C	False	Missense Variant
1659	KIT	S628N	True	Missense Variant
4408	EGFR	S645C	True	Not provided
2956	JAK1	S646F	False	Not provided
4541	ERBB2	S653C	False	Not provided
980	KIT	S692L	False	Missense Variant
822	JAK1	S703I	True	Missense Variant
3680	JAK1	S729C	False	Not provided
891	EGFR	S752_I759delSPKANKEI	False	Inframe Deletion
3723	AR	S759P	False	Not provided
562	EGFR	S768I	True	Missense Variant
1443	EGFR	S768N	False	Missense Variant
145	DDR2	S768R	True	Missense Variant
1182	EGFR	S784F	False	Missense Variant
2701	CBL	S80N	False	Not provided
3347	SPOP	S80R	False	Not provided
3750	ARHGAP35	S866F	False	Not provided
262	ABCB1	S893T	True	Missense Variant
3652	KDR	S925F	False	Not provided
3645	PIM1	S97N	True	Not provided
4516	MET	T1010I	False	Not provided
4330	ALK	T1151K	False	Not provided
1493	ALK	T1151M	False	Missense Variant
743	MLH1	T117M	True	Missense Variant
3417	TP53	T125R	False	Not provided
3684	TP53	T125T	True	Not provided
3558	PTEN	T160I	False	Not provided
4398	BRCA1	T1700A	False	Not provided
3979	BRCA1	T1720A	False	Not provided
2712	MTOR	T1977K	True	Not provided
3412	MTOR	T1977R	False	Not provided
540	FLT3	T227M	True	Missense Variant;Snp
3782	TP53	T230S	True	Not provided
1587	SMO	T241M	False	Not provided
3675	NOTCH1	T2512A	False	Not provided
5085	TACSTD2	T256R	False	Not provided
995	EGFR	T263P	True	Missense Variant
901	ATM	T2666A	True	Missense Variant
3629	BRCA2	T2722R	False	Not provided
3407	PTEN	T277A	False	Not provided
3406	PTEN	T277I	False	Not provided
3403	PTEN	T277R	False	Not provided
2918	PRPS1	T303S	True	Not provided
4548	ERBB2	T306M	False	Not provided
4645	ABL1	T315A	True	Missense Variant
2	ABL1	T315I	True	Missense Variant
5109	ABL1	T315L	False	Not provided
5110	ABL1	T315M	False	Not provided
2885	ABL1	T315V	True	Missense Variant
870	BTK	T316A	True	Missense Variant
2618	EGFR	T415M	False	Not provided
1546	KIT	T417_D419DELTYDINSI	False	Not provided
2620	KIT	T417_D419delinsY	True	Not provided
1285	CTNNB1	T41A	True	Missense Variant
3503	ERCC2	T46S	False	Not provided
4552	ERCC2	T484M	False	Not provided
2795	BRAF	T488_P492del	False	Not provided
974	KIT	T574A	False	Missense Variant
3445	BRAF	T598I	False	Not provided
2824	BRAF	T599_V600insT	False	Not provided
2387	CSF3R	T618I	True	Missense Variant
979	KIT	T661I	False	Missense Variant
1267	KIT	T670I	True	Missense Variant
577	PDGFRA	T674I	True	Missense Variant
861	EGFR	T725M	False	Missense Variant
3686	PTPRD	T781A	False	Not provided
1573	EGFR	T785A	True	Missense Variant
34	EGFR	T790M	True	Missense Variant
4907	ERBB2	T790M	False	Not provided
2331	ERBB2	T798I	True	Missense Variant
1305	ERBB2	T798M	True	Missense Variant
4321	NFE2L2	T80K	False	Not provided
1463	EGFR	T847I	True	Missense Variant
1467	EGFR	T854A	False	Missense Variant
871	ERBB2	T862A	True	Missense Variant
4781	RET	T930K	False	Not provided
4783	RET	T930M	False	Not provided
4780	RET	T930P	False	Not provided
4882	MYB	Truncation	True	Not provided
5056	UBTF	UBTF-TD	False	Not provided
701	ERBB3	V104M	True	Missense Variant
528	ALK	V1180L	True	Missense Variant
2624	TP53	V135A	False	Not provided
1254	TP53	V143A	False	Missense Variant
4411	ARAF	V145L	True	Not provided
2991	KRAS	V14I	False	Not provided
3968	BRCA1	V1534M	False	Not provided
2836	MAP2K1	V154I	False	Not provided
3059	BCL2	V156D	False	Not provided
1143	NOTCH1	V1577A	False	Missense Variant
1144	NOTCH1	V1577E	False	Missense Variant
3574	TP53	V157D	False	Not provided
1092	TP53	V157F	True	Missense Variant
1249	BRCA2	V159M	True	Missense Variant
3554	PTEN	V166I	False	Not provided
3970	BRCA1	V1688del	False	Not provided
5183	FLT3	V16L	False	Not provided
4399	BRCA1	V1713A	False	Not provided
4117	TP53	V173G	False	Not provided
1086	TP53	V173L	False	Not provided
4139	TP53	V173M	False	Not provided
3998	BRCA1	V1804D	False	Not provided
4396	BRCA1	V1838E	False	Not provided
3595	TP53	V197E	False	Not provided
4120	TP53	V197L	False	Not provided
2805	MAP2K1	V211D	False	Not provided
1251	BRCA2	V211I	True	Missense Variant
1250	BRCA2	V211L	True	Missense Variant
4657	TP53	V218E	False	Not provided
3507	ERCC2	V242F	False	Not provided
2348	IL7R	V253G	False	Not provided
792	PTPRD	V253I	True	Missense Variant
4123	TP53	V272G	True	Not provided
1035	TP53	V272L	False	Not provided
3790	TP53	V274F	True	Not provided
2751	TP53	V274S	False	Not provided
1604	ABL1	V289I	True	Missense Variant
4639	ABL1	V299L	True	Missense Variant
2277	CRLF2	V2del	False	Not provided
1576	SMO	V321M	False	Missense Variant
775	MSH6	V352I	True	Missense Variant
2841	MAP2K2	V35M	False	Not provided
1609	ABL1	V379I	True	Missense Variant
2702	CBL	V391I	False	Not provided
1831	POLE	V411L	True	Not provided
2612	EGFR	V441D	False	Missense Variant
2613	EGFR	V441F	True	Missense Variant
2611	EGFR	V441G	False	Missense Variant
745	MLH1	V49A	True	Missense Variant
728	MLH1	V534R	True	Missense Variant
2938	PRPS1	V53A	True	Not provided
3217	FGFR4	V550E	False	Not provided
2399	FGFR3	V555L	False	Missense Variant
2400	FGFR3	V555M	True	Missense Variant
1543	KIT	V555_I571DEL	False	Inframe Deletion
957	KIT	V555_P573DEL	False	Inframe Deletion
956	KIT	V555_Q556DEL	False	Inframe Deletion
2695	KIT	V555_V559DEL	True	Not provided
969	KIT	V559A	False	Missense Variant
968	KIT	V559D	True	Missense Variant
966	KIT	V559DEL	False	Inframe Deletion
970	KIT	V559G	False	Missense Variant
967	KIT	V559_V560DEL	False	Inframe Deletion
971	KIT	V560D	True	Missense Variant
202	KIT	V560DEL	True	Amino Acid Deletion;Inframe Deletion
972	KIT	V560G	True	Missense Variant
1550	KIT	V560_L576DEL	True	Inframe Deletion
5181	KIT	V560_Y578del	True	Not provided
247	PDGFRA	V561A	True	Missense Variant
941	PDGFRA	V561D	True	Missense Variant
2781	FGFR1	V561M	False	Not provided
1551	KIT	V569_L576DEL	False	Inframe Deletion
1632	FLT3	V592_D593INSDFREY	False	Not provided
3446	BRAF	V599E	False	Not provided
3453	BRAF	V599K	False	Not provided
3454	BRAF	V599R	False	Not provided
11	BRAF	V600D	True	Missense Variant
3452	BRAF	V600D	False	Not provided
12	BRAF	V600E	True	Missense Variant
1199	BRAF	V600G	False	Not provided
563	BRAF	V600K	True	Missense Variant
1404	BRAF	V600L	False	Not provided
1405	BRAF	V600M	True	Missense Variant
16	BRAF	V600R	False	Missense Variant
1658	BRAF	V600_K601DELINSD	False	Inframe Deletion
3241	BRAF	V600_S605delinsDV	False	Not provided
2825	BRAF	V601E	False	Not provided
2834	MAP2K1	V60E	False	Not provided
64	JAK2	V617F	True	Missense Variant;Gain Of Function Variant
73	KIT	V654A	True	Missense Variant
3205	PDGFRA	V658A	False	Not provided
4491	ERBB2	V659E	False	Not provided
1289	JAK3	V722I	False	Missense Variant
3230	RET	V738A	False	Not provided
1001	EGFR	V742A	True	Missense Variant
3721	AR	V757A	False	Not provided
3722	AR	V757I	False	Not provided
1578	EGFR	V769A	False	Missense Variant
736	EGFR	V769_D770insASV	True	Direct Tandem Duplication
872	ERBB2	V773A	True	Missense Variant
1311	ERBB2	V773L	False	Missense Variant
1892	EGFR	V774A	True	Missense Variant
1894	EGFR	V774M	True	Missense Variant
1567	EGFR	V774_C775insHV	False	Inframe Insertion
44	ERBB2	V777L	True	Missense Variant
4550	ERBB2	V777M	False	Not provided
1688	RET	V804L	False	Missense Variant
2568	RET	V804M	True	Not provided
1897	EGFR	V834I	True	Not provided
45	ERBB2	V842I	True	Missense Variant
4588	ERBB2	V842I	False	Not provided
1466	EGFR	V851I	True	Missense Variant
781	ERBB3	V855A	True	Missense Variant
3668	PIK3CA	V955G	True	Not provided
3001	PIK3CA	V955I	True	Missense Variant
1521	CDKN2A	W110*	False	Stop Gained
3691	PTPRB	W130R	False	Not provided
1590	PTCH1	W170X	False	Not provided
3978	BRCA1	W1718C	False	Not provided
1555	BRCA1	W1815X	True	Stop Gained
3995	BRCA1	W1837R	False	Not provided
3627	BRCA2	W2626C	False	Not provided
1563	SMO	W281C	False	Not provided
1583	SMO	W281L	False	Not provided
2945	FGFR2	W290C	False	Not provided
4403	CDH1	W409R	False	Not provided
3688	ABL2	W469C	True	Not provided
2667	MPL	W515L	False	Not provided
837	SMO	W535L	False	Missense Variant
959	KIT	W557G	False	Missense Variant
958	KIT	W557R	False	Missense Variant
960	KIT	W557T	False	Missense Variant
962	KIT	W557_E561del	False	Inframe Deletion
961	KIT	W557_K558del	True	Conservative Inframe Deletion
1498	KIT	W557_V559insC	False	Not provided
1539	PDGFRA	W559_R560DELWR	False	Inframe Deletion
1292	JAK1	W690*	False	Stop Gained
1591	PTCH1	W712X	False	Not provided
1571	EGFR	W731L	True	Missense Variant
2703	CBL	W802*	False	Not provided
3250	VHL	W88*	False	Not provided
5128	NF1	W9*	False	Not provided
2913	MET	Y1003H	False	Missense Variant
4525	MET	Y1003N	False	Not provided
4523	MET	Y1003S	False	Not provided
935	PIK3CA	Y1021C	False	Missense Variant
4519	MET	Y1230C	False	Not provided
4520	MET	Y1230H	False	Not provided
3762	TP53	Y126D	True	Not provided
3763	TP53	Y126S	True	Not provided
3456	EP300	Y1414C	False	Not provided
3500	ERCC2	Y14C	False	Not provided
1645	PAPPA2	Y1520X	False	Not provided
1087	TP53	Y163C	False	Not provided
3769	TP53	Y163H	True	Not provided
3800	TP53	Y163N	True	Not provided
5098	NF1	Y1783*	False	Not provided
4395	BRCA1	Y1853C	False	Not provided
3506	ERCC2	Y209C	False	Not provided
922	TP53	Y220C	True	Missense Variant
3779	TP53	Y220H	True	Not provided
1596	ABL1	Y232S	False	Missense Variant
1068	TP53	Y234C	True	Missense Variant
3781	TP53	Y234H	True	Not provided
3770	TP53	Y236S	True	Not provided
3501	ERCC2	Y24C	False	Not provided
4942	ABL1	Y253F	True	Not provided
4529	ABL1	Y253H	True	Missense Variant
803	RUNX1	Y260*	True	Stop Gained
3614	BRCA2	Y2660D	False	Not provided
3609	BRCA2	Y2726C	False	Not provided
3690	PTPRB	Y309C	False	Not provided
2934	PRPS1	Y311C	False	Not provided
5099	NF1	Y333*	False	Not provided
3405	PTEN	Y336*	False	Not provided
1605	ABL1	Y342H	False	Missense Variant
2377	RHEB	Y35N	False	Not provided
2638	CBL	Y371H	True	Not provided
2404	FGFR3	Y373C	True	Missense Variant
3356	FGFR2	Y375C	False	Not provided
3065	FGFR2	Y376C	False	Not provided
1611	ABL1	Y393C	False	Missense Variant
5093	NF1	Y489C	False	Not provided
3239	KIT	Y503A	False	Not provided
946	KIT	Y503_F504insAY	True	Inframe Insertion
1669	LYN	Y508F	False	Not provided
48	ESR1	Y537C	True	Missense Variant
5069	ESR1	Y537D	False	Not provided
49	ESR1	Y537N	True	Missense Variant
50	ESR1	Y537S	True	Missense Variant
952	KIT	Y553D	False	Missense Variant
2737	KIT	Y553N	False	Not provided
953	KIT	Y553_K558DEL	False	Inframe Deletion
1542	KIT	Y553_W557DELYEVQW	False	Inframe Deletion
1548	KIT	Y570_L576DEL	False	Inframe Deletion
3233	FLT3	Y589D	False	Not provided
1630	FLT3	Y591_V592INSVDFREYE	False	Not provided
3607	EZH2	Y646C	True	Missense Variant
2989	EZH2	Y646F	True	Missense Variant
3364	EZH2	Y646H	True	Missense Variant
4090	EZH2	Y646N	True	Missense Variant
2666	EZH2	Y646S	True	Missense Variant
3514	FGFR3	Y647C	False	Missense Variant
2986	STAT5B	Y665F	False	Not provided
3499	ERCC2	Y72C	False	Not provided
3606	EZH2	Y731D	False	Missense Variant
3724	AR	Y763C	False	Not provided
1665	EGFR	Y764_V765insHH	True	Inframe Insertion
1575	EGFR	Y801H	True	Missense Variant
3228	RET	Y806C	False	Not provided
3229	RET	Y806N	False	Not provided
989	KIT	Y823D	True	Missense Variant
3665	ERBB2	Y835F	False	Not provided
3070	FLT3	Y842C	True	Not provided
3234	FLT3	Y842H	False	Not provided
3535	PTEN	Y88C	False	Not provided
1642	POLD1	Y956N	False	Not provided
5189	BRAF	delL485_P490insY	False	Not provided
4777	HNRNPH1	non-coding mutations	False	Not provided
3045	VHL	p.F76del	False	Not provided
3310	HDAC9	p.L33R	False	Not provided
5102	NF1	p.W426*	False	Not provided
4659	CDKN2A	p16 R80*	False	Not provided
5067	CLDN18	positive	False	Not provided
