variant_id	query	query_type	variant_accepted	civic_variant_types	exception_raised	message	warnings
748	MLH1 *757L	protein	True	Stop Lost	False	unable to normalize	['Unable to tokenize: *757L']
3718	AR A748V	protein	False	Not provided	False	unable to normalize	['Unable to translate AR A748V']
3725	AR A765T	protein	False	Not provided	False	unable to normalize	['Unable to translate AR A765T']
4485	ERBB2 A775_G776ins YVMA	protein	False	Not provided	False	unable to normalize	['Unable to tokenize: A775_G776ins', 'Unable to tokenize: YVMA']
248	TERT C228T	protein	True	Regulatory Region Variant	False	unable to normalize	['Unable to translate TERT C228T']
4004	TERT C250T	protein	False	Regulatory Region Variant	False	unable to normalize	['Unable to translate TERT C250T']
4697	RET CLD1 Mutation	protein	False	Not provided	False	unable to normalize	['Unable to tokenize: Mutation']
3706	AR D221H	protein	False	Not provided	False	unable to normalize	['Unable to translate AR D221H']
3713	AR D528G	protein	False	Not provided	False	unable to normalize	['Unable to translate AR D528G']
2833	NECTIN4 D594H	protein	False	Not provided	False	unable to normalize	['Unable to translate NECTIN4 D594H']
3707	AR E198G	protein	False	Not provided	False	unable to normalize	['Unable to translate AR E198G']
1631	FLT3 E588_Y589INSKYFYVDFRE	protein	False	Inframe Insertion	False	unable to normalize	['Unable to tokenize: E588_Y589INSKYFYVDFRE']
4420	HBB E6V	protein	False	Not provided	False	unable to normalize	['Unable to translate HBB E6V']
457	FCGR3A F212V	protein	True	Missense Variant	False	unable to normalize	['Unable to translate FCGR3A F212V']
3450	BRAF F594L	protein	False	Not provided	False	unable to normalize	['Unable to translate BRAF F594L']
3793	TP53 G177E	protein	False	Not provided	False	unable to normalize	['Unable to translate TP53 G177E']
3152	GNA11 G209P	protein	False	Not provided	False	unable to normalize	['Unable to translate GNA11 G209P']
3153	GNAQ G209P	protein	False	Not provided	False	unable to normalize	['Unable to translate GNAQ G209P']
3443	BRAF G465A	protein	False	Not provided	False	unable to normalize	['Unable to translate BRAF G465A']
3441	BRAF G468A	protein	False	Not provided	False	unable to normalize	['Unable to translate BRAF G468A']
4487	ERBB2 G778-779 insCPG	protein	False	Not provided	False	unable to normalize	['Unable to tokenize: G778-779', 'Unable to tokenize: insCPG']
4298	FGFR3 G802_X807del	protein	False	Stop Lost;Inframe Deletion	False	unable to normalize	['Unable to translate FGFR3 G802_X807del']
5104	CREBBP HAT mutation	protein	False	Not provided	False	unable to normalize	['Unable to tokenize: mutation']
3448	BRAF I462S	protein	False	Not provided	False	unable to normalize	['Unable to translate BRAF I462S']
3023	PML K227_T233del	protein	False	Inframe Deletion	False	unable to normalize	['Unable to translate PML K227_T233del']
2815	H3C2 K27M	protein	True	Not provided	False	unable to normalize	['Unable to translate H3C2 K27M']
3939	H3-3A K27M	protein	False	Not provided	False	unable to normalize	['Unable to translate H3-3A K27M']
3944	H3C14 K27M	protein	False	Not provided	False	unable to normalize	['Unable to translate H3C14 K27M']
3594	H3-3A K27R	protein	False	Not provided	False	unable to normalize	['Unable to translate H3-3A K27R']
2420	H3-3B K36M	protein	True	Not provided	False	unable to normalize	['Unable to translate H3-3B K36M']
2622	KIT K484_G487DEL	protein	True	Not provided	False	unable to normalize	['Unable to tokenize: K484_G487DEL']
2696	KIT K550_K559DEL	protein	True	Not provided	False	unable to normalize	['Unable to tokenize: K550_K559DEL']
3455	BRAF K600E	protein	False	Not provided	False	unable to normalize	['Unable to translate BRAF K600E']
3714	AR K720E	protein	False	Not provided	False	unable to normalize	['Unable to translate AR K720E']
4114	TP53 L139N	protein	True	Not provided	False	unable to normalize	['Unable to translate TP53 L139N']
424	MYD88 L265P	protein	True	Missense Variant;Gain Of Function Variant	False	unable to normalize	['Unable to translate MYD88 L265P']
1540	PDGFRA L579M	protein	False	Missense Variant	False	unable to normalize	['Unable to translate PDGFRA L579M']
1309	ERBB2 L638S	protein	False	Not provided	False	unable to normalize	['Unable to translate ERBB2 L638S']
3717	AR L744F	protein	False	Not provided	False	unable to normalize	['Unable to translate AR L744F']
951	KIT M552_W557DEL	protein	False	Inframe Deletion	False	unable to normalize	['Unable to tokenize: M552_W557DEL']
3719	AR N756D	protein	False	Not provided	False	unable to normalize	['Unable to translate AR N756D']
3711	AR P340L	protein	False	Not provided	False	unable to normalize	['Unable to translate AR P340L']
3712	AR P504L	protein	False	Not provided	False	unable to normalize	['Unable to translate AR P504L']
2738	KIT P577_D579DEL	protein	False	Not provided	False	unable to normalize	['Unable to tokenize: P577_D579DEL']
1643	SCN8A Q225X	protein	False	Not provided	False	unable to normalize	['Unable to translate SCN8A Q225X']
2700	CBL Q294E	protein	False	Not provided	False	unable to normalize	['Unable to translate CBL Q294E']
1541	KIT Q556_I571DEL	protein	False	Inframe Deletion	False	unable to normalize	['Unable to tokenize: Q556_I571DEL']
3726	AR Q798E	protein	False	Not provided	False	unable to normalize	['Unable to translate AR Q798E']
3447	BRAF R461I	protein	False	Not provided	False	unable to normalize	['Unable to translate BRAF R461I']
3716	AR R726L	protein	True	Not provided	False	unable to normalize	['Unable to translate AR R726L']
4968	TP53 R72P	protein	True	Not provided	False	unable to normalize	['Unable to translate TP53 R72P']
4542	DICER1 RNase IIIb Mutation	protein	False	Not provided	False	unable to normalize	['Unable to tokenize: IIIb', 'Unable to tokenize: Mutation', 'Unable to tokenize: RNase']
3674	NOTCH1 S2514A	protein	False	Not provided	False	unable to normalize	['Unable to translate NOTCH1 S2514A']
3676	NOTCH1 S2514E	protein	False	Not provided	False	unable to normalize	['Unable to translate NOTCH1 S2514E']
3677	NOTCH1 S2514P	protein	False	Not provided	False	unable to normalize	['Unable to translate NOTCH1 S2514P']
3709	AR S296R	protein	False	Not provided	False	unable to normalize	['Unable to translate AR S296R']
1206	KIT S501_A502INSAY	protein	False	Inframe Insertion	False	unable to normalize	['Unable to tokenize: S501_A502INSAY']
3723	AR S759P	protein	False	Not provided	False	unable to normalize	['Unable to translate AR S759P']
3675	NOTCH1 T2512A	protein	False	Not provided	False	unable to normalize	['Unable to translate NOTCH1 T2512A']
1546	KIT T417_D419DELTYDINSI	protein	False	Not provided	False	unable to normalize	['Unable to tokenize: T417_D419DELTYDINSI']
3445	BRAF T598I	protein	False	Not provided	False	unable to normalize	['Unable to translate BRAF T598I']
4882	MYB Truncation	protein	True	Not provided	False	unable to normalize	['Unable to tokenize: Truncation']
5056	UBTF UBTF-TD	protein	False	Not provided	False	unable to normalize	['Unable to tokenize: UBTF-TD']
2624	TP53 V135A	protein	False	Not provided	False	unable to normalize	['Unable to translate TP53 V135A']
1543	KIT V555_I571DEL	protein	False	Inframe Deletion	False	unable to normalize	['Unable to tokenize: V555_I571DEL']
957	KIT V555_P573DEL	protein	False	Inframe Deletion	False	unable to normalize	['Unable to tokenize: V555_P573DEL']
956	KIT V555_Q556DEL	protein	False	Inframe Deletion	False	unable to normalize	['Unable to tokenize: V555_Q556DEL']
2695	KIT V555_V559DEL	protein	True	Not provided	False	unable to normalize	['Unable to tokenize: V555_V559DEL']
967	KIT V559_V560DEL	protein	False	Inframe Deletion	False	unable to normalize	['Unable to tokenize: V559_V560DEL']
1550	KIT V560_L576DEL	protein	True	Inframe Deletion	False	unable to normalize	['Unable to tokenize: V560_L576DEL']
1551	KIT V569_L576DEL	protein	False	Inframe Deletion	False	unable to normalize	['Unable to tokenize: V569_L576DEL']
1632	FLT3 V592_D593INSDFREY	protein	False	Not provided	False	unable to normalize	['Unable to tokenize: V592_D593INSDFREY']
3446	BRAF V599E	protein	False	Not provided	False	unable to normalize	['Unable to translate BRAF V599E']
3453	BRAF V599K	protein	False	Not provided	False	unable to normalize	['Unable to translate BRAF V599K']
3454	BRAF V599R	protein	False	Not provided	False	unable to normalize	['Unable to translate BRAF V599R']
1658	BRAF V600_K601DELINSD	protein	False	Inframe Deletion	False	unable to normalize	['Unable to tokenize: V600_K601DELINSD']
2825	BRAF V601E	protein	False	Not provided	False	unable to normalize	['Unable to translate BRAF V601E']
3721	AR V757A	protein	False	Not provided	False	unable to normalize	['Unable to translate AR V757A']
3722	AR V757I	protein	False	Not provided	False	unable to normalize	['Unable to translate AR V757I']
1539	PDGFRA W559_R560DELWR	protein	False	Inframe Deletion	False	unable to normalize	['Unable to tokenize: W559_R560DELWR']
953	KIT Y553_K558DEL	protein	False	Inframe Deletion	False	unable to normalize	['Unable to tokenize: Y553_K558DEL']
1542	KIT Y553_W557DELYEVQW	protein	False	Inframe Deletion	False	unable to normalize	['Unable to tokenize: Y553_W557DELYEVQW']
1548	KIT Y570_L576DEL	protein	False	Inframe Deletion	False	unable to normalize	['Unable to tokenize: Y570_L576DEL']
1630	FLT3 Y591_V592INSVDFREYE	protein	False	Not provided	False	unable to normalize	['Unable to tokenize: Y591_V592INSVDFREYE']
3724	AR Y763C	protein	False	Not provided	False	unable to normalize	['Unable to translate AR Y763C']
5189	BRAF delL485_P490insY	protein	False	Not provided	False	unable to normalize	['Unable to tokenize: delL485_P490insY']
4777	HNRNPH1 non-coding mutations	protein	False	Not provided	False	unable to normalize	['Unable to tokenize: mutations', 'Unable to tokenize: non-coding']
4659	CDKN2A p16 R80*	protein	False	Not provided	False	unable to normalize	['Unable to find classification for: CDKN2A p16 R80*']
5067	CLDN18 positive	protein	False	Not provided	False	unable to normalize	['Unable to tokenize: positive']
