,assertion_id,feature_id,feature_type,predictive_implication,feature_digest
0,1,1,rearrangement,FDA-Approved,RnRyn89cJzVbVM93aw4OA44NIF5zblyP
1,2,2,rearrangement,FDA-Approved,RnRyn89cJzVbVM93aw4OA44NIF5zblyP
2,3,3,rearrangement,FDA-Approved,RnRyn89cJzVbVM93aw4OA44NIF5zblyP
3,4,4,rearrangement,FDA-Approved,RnRyn89cJzVbVM93aw4OA44NIF5zblyP
4,5,5,rearrangement,FDA-Approved,RnRyn89cJzVbVM93aw4OA44NIF5zblyP
5,6,6,rearrangement,Guideline,RnRyn89cJzVbVM93aw4OA44NIF5zblyP
6,7,7,rearrangement,Guideline,RnRyn89cJzVbVM93aw4OA44NIF5zblyP
7,8,8,rearrangement,Guideline,RnRyn89cJzVbVM93aw4OA44NIF5zblyP
8,9,9,rearrangement,Guideline,RnRyn89cJzVbVM93aw4OA44NIF5zblyP
9,10,10,rearrangement,Clinical trial,RnRyn89cJzVbVM93aw4OA44NIF5zblyP
10,11,11,rearrangement,FDA-Approved,RnRyn89cJzVbVM93aw4OA44NIF5zblyP
11,12,12,rearrangement,FDA-Approved,g99yF3kKnB-We_fMS5RaVygoSuT7qA-I
12,13,13,rearrangement,FDA-Approved,g99yF3kKnB-We_fMS5RaVygoSuT7qA-I
13,14,14,rearrangement,FDA-Approved,g99yF3kKnB-We_fMS5RaVygoSuT7qA-I
14,15,15,rearrangement,FDA-Approved,e8PMq2A96-aBJ3Ip74ovx5VOUCztBTq7
15,16,16,rearrangement,Guideline,g99yF3kKnB-We_fMS5RaVygoSuT7qA-I
16,17,17,rearrangement,Clinical trial,e8PMq2A96-aBJ3Ip74ovx5VOUCztBTq7
17,18,18,rearrangement,Guideline,DxfRiRV-3J6zRON4pnzNJjXkJf2bsp20
18,19,19,rearrangement,Guideline,DxfRiRV-3J6zRON4pnzNJjXkJf2bsp20
19,20,20,rearrangement,Clinical trial,DxfRiRV-3J6zRON4pnzNJjXkJf2bsp20
20,21,21,rearrangement,Preclinical,BRsPjsZSCyDXnKtBt9XgsWX2JDNWY3FP
21,22,22,rearrangement,Inferential,SKcLy2rHf7eu-vDBhMCL5sp5m0Ge6BZP
22,23,23,rearrangement,Clinical evidence,SKcLy2rHf7eu-vDBhMCL5sp5m0Ge6BZP
23,24,24,rearrangement,Inferential,hJgxx_vTgVVIufYAt9-6taWjvQ73ULXl
24,25,25,rearrangement,Guideline,WQYT08aw3iRSKer48_OBNNytHMnKbnE6
25,26,26,rearrangement,Clinical evidence,0GLCikikpwB7PQoD0pqz82O2gUIWUtLP
26,27,27,rearrangement,Guideline,0GLCikikpwB7PQoD0pqz82O2gUIWUtLP
27,28,28,rearrangement,Preclinical,s2qQICZmHsSN0qSTvgNwSk40MQTlk3Zj
28,29,29,rearrangement,Preclinical,s2qQICZmHsSN0qSTvgNwSk40MQTlk3Zj
29,30,30,rearrangement,Guideline,pUZs-qSdABdRhwzYEqEz9m4gzpB86A4J
30,31,31,rearrangement,Clinical evidence,gHNKzqbv9gXBbshb4fSg6eHyw17imIxj
31,32,32,rearrangement,FDA-Approved,cIJ7onUZjNsRc20yX2KVs36yT1kNQXi0
32,33,33,rearrangement,FDA-Approved,cIJ7onUZjNsRc20yX2KVs36yT1kNQXi0
33,34,34,rearrangement,FDA-Approved,eq1HXqfjp621aqJX2pZS-B4n8dNJmNm_
34,35,35,rearrangement,FDA-Approved,cIJ7onUZjNsRc20yX2KVs36yT1kNQXi0
35,36,36,rearrangement,FDA-Approved,9zKku-NHHDhrG5ckdbiYHM4cdKKYU2N_
36,37,37,rearrangement,Clinical evidence,kqiaUQ78Jo6MWqtFeHG4DmmBcN7l0oZN
37,38,38,rearrangement,Guideline,jl8lV7AwGidPVEC8u9XrOWVKSJsy9U7d
38,39,39,rearrangement,Guideline,rqx_B_yi8h8ZrLnX5rw7Wa6hxrbCFqFM
39,40,40,rearrangement,FDA-Approved,RNLB8FeKuOdnZcn7fz10yWFMej3lVgup
40,41,41,rearrangement,Clinical evidence,RNLB8FeKuOdnZcn7fz10yWFMej3lVgup
41,42,42,rearrangement,FDA-Approved,Z0jlpcq9n4S9gu41mWGLPrSGpCqVUsRB
42,43,43,rearrangement,FDA-Approved,f21bwP0bfU-p2x2v6JWY8f0zB9gSFPWm
43,44,44,rearrangement,Clinical evidence,f21bwP0bfU-p2x2v6JWY8f0zB9gSFPWm
44,45,45,rearrangement,FDA-Approved,Z0jlpcq9n4S9gu41mWGLPrSGpCqVUsRB
45,46,46,rearrangement,FDA-Approved,FvXiNHrpn_RVKYnzy7S18D-3_zknyXdF
46,47,47,rearrangement,Clinical evidence,FvXiNHrpn_RVKYnzy7S18D-3_zknyXdF
47,48,48,rearrangement,FDA-Approved,ON6Ezh4WYs1PLjjduaf-ANSxWTlOay_9
48,49,49,rearrangement,FDA-Approved,ShWaocKACrvLUOmcajI95WbIws5vZOm3
49,50,50,rearrangement,FDA-Approved,Y1js_3Q4dVbXHWTRGkbWc8hpk3R0X9Zi
50,51,51,rearrangement,Clinical evidence,cNA1NIA6K02hiaZldnnes7yr5gqUY7NY
51,52,52,rearrangement,FDA-Approved,4l4MdbqBubDMtKwtSeasZP6zly9Atphq
52,53,53,rearrangement,Guideline,M1HM4TNq5HDzOwQZhT__j2IZxcwHk6Rb
53,54,54,rearrangement,Guideline,_RpmvdbjtQAr3Zh1dxpl5-QIl8g1euZ6
54,55,55,rearrangement,Guideline,L2PLlbz2_ouG16_c0VvfagK6ayNMBhiv
55,56,56,rearrangement,Guideline,L2PLlbz2_ouG16_c0VvfagK6ayNMBhiv
56,57,57,rearrangement,Clinical trial,uk5_7GGejzt90de1xhJ0JBb7imfJakOa
57,58,58,rearrangement,FDA-Approved,uk5_7GGejzt90de1xhJ0JBb7imfJakOa
58,59,59,rearrangement,FDA-Approved,uk5_7GGejzt90de1xhJ0JBb7imfJakOa
59,60,60,rearrangement,FDA-Approved,uk5_7GGejzt90de1xhJ0JBb7imfJakOa
60,61,61,rearrangement,FDA-Approved,uk5_7GGejzt90de1xhJ0JBb7imfJakOa
61,62,62,rearrangement,FDA-Approved,yzNjLPO2biW_kdgqdjlMQXAEzDMrTxin
62,63,63,rearrangement,FDA-Approved,yzNjLPO2biW_kdgqdjlMQXAEzDMrTxin
63,64,64,rearrangement,Preclinical,c7ZV1g0Qzz24iEBzwFod3euZvdLYTbac
64,65,65,rearrangement,Preclinical,TK8Cy5dZ6DbhsdvY8TH2UkoUC5hR373K
65,66,66,rearrangement,Preclinical,TK8Cy5dZ6DbhsdvY8TH2UkoUC5hR373K
66,67,67,rearrangement,Preclinical,mCVPDCLCssjdHhsHNips2X8Awf9Q7DvB
67,68,68,rearrangement,Clinical evidence,mCVPDCLCssjdHhsHNips2X8Awf9Q7DvB
68,69,69,rearrangement,Clinical trial,mCVPDCLCssjdHhsHNips2X8Awf9Q7DvB
69,70,70,rearrangement,Clinical trial,mCVPDCLCssjdHhsHNips2X8Awf9Q7DvB
70,71,71,somatic_variant,Preclinical,KgolzM3HWhww4t4HywFYCySUtGRIQ_mx
71,72,72,somatic_variant,Clinical evidence,5afOJbUvLSLOWF9Vurqjk70KZvuN3xF3
72,73,73,somatic_variant,Clinical evidence,j3HtSnIdrU8CcuW8_Qs3qVxOn-kMJV1T
73,74,74,somatic_variant,Clinical evidence,KgolzM3HWhww4t4HywFYCySUtGRIQ_mx
74,75,75,somatic_variant,Clinical evidence,X_Az48pPjt4IODuY2a50Yl2_1tGopcuF
75,76,76,somatic_variant,Clinical evidence,LQQXFXpA4FCOQ3Fz4988x2vynER4J-Wh
76,77,77,somatic_variant,Clinical evidence,DKoCqZUY0WBdUnoly9DL_PAjBBZTs51d
77,78,78,somatic_variant,Clinical evidence,3JX5tSP0tVWD_3emgshzeEL2NC4J6gZ4
78,79,79,somatic_variant,Clinical evidence,GRDaCn8rRMq4jivBFkpwmyyibOodyLuY
79,80,80,somatic_variant,Clinical evidence,cpi3H1c6iCEDGT0AjMkKgqlLFyBJEnio
80,81,81,somatic_variant,Clinical evidence,bmS7LLLK3aEI9cWGR1vx6MI2UyTfj2XU
81,82,82,somatic_variant,Clinical evidence,2hN0RPV8rQlz_CJjsJs_gp0aLM90E-yq
82,83,83,somatic_variant,Clinical evidence,tjDlRosLPCQD9nw5np_3bpdxZTxKg5sE
83,84,84,somatic_variant,Clinical evidence,tUCY3ukUhzmBwix1z7axMdE0x49CDDaz
84,85,85,somatic_variant,Clinical evidence,lMaUa1hyyhXBEEldqW0SdcRTncJhN6p-
85,86,86,somatic_variant,Guideline,2hN0RPV8rQlz_CJjsJs_gp0aLM90E-yq
86,87,87,somatic_variant,Guideline,cpi3H1c6iCEDGT0AjMkKgqlLFyBJEnio
87,88,88,somatic_variant,Guideline,bmS7LLLK3aEI9cWGR1vx6MI2UyTfj2XU
88,89,89,somatic_variant,Guideline,tjDlRosLPCQD9nw5np_3bpdxZTxKg5sE
89,90,90,somatic_variant,Guideline,tUCY3ukUhzmBwix1z7axMdE0x49CDDaz
90,91,91,somatic_variant,Guideline,lMaUa1hyyhXBEEldqW0SdcRTncJhN6p-
91,92,92,somatic_variant,Guideline,X_Az48pPjt4IODuY2a50Yl2_1tGopcuF
92,93,93,somatic_variant,Guideline,LQQXFXpA4FCOQ3Fz4988x2vynER4J-Wh
93,94,94,somatic_variant,Guideline,DKoCqZUY0WBdUnoly9DL_PAjBBZTs51d
94,95,95,somatic_variant,Guideline,3JX5tSP0tVWD_3emgshzeEL2NC4J6gZ4
95,96,96,somatic_variant,Guideline,j3HtSnIdrU8CcuW8_Qs3qVxOn-kMJV1T
96,97,97,somatic_variant,Guideline,psm9mPweFHYqZx_sEGJOaCx0d3vXL5VA
97,98,98,somatic_variant,Guideline,cpi3H1c6iCEDGT0AjMkKgqlLFyBJEnio
98,99,99,somatic_variant,Guideline,bmS7LLLK3aEI9cWGR1vx6MI2UyTfj2XU
99,100,100,somatic_variant,Guideline,X_Az48pPjt4IODuY2a50Yl2_1tGopcuF
100,101,101,somatic_variant,Guideline,LQQXFXpA4FCOQ3Fz4988x2vynER4J-Wh
101,102,102,somatic_variant,Guideline,DKoCqZUY0WBdUnoly9DL_PAjBBZTs51d
102,103,103,somatic_variant,Guideline,3JX5tSP0tVWD_3emgshzeEL2NC4J6gZ4
103,104,104,somatic_variant,Guideline,tjDlRosLPCQD9nw5np_3bpdxZTxKg5sE
104,105,105,somatic_variant,Guideline,tUCY3ukUhzmBwix1z7axMdE0x49CDDaz
105,106,106,somatic_variant,Guideline,j3HtSnIdrU8CcuW8_Qs3qVxOn-kMJV1T
106,107,107,somatic_variant,Guideline,2hN0RPV8rQlz_CJjsJs_gp0aLM90E-yq
107,108,108,somatic_variant,Guideline,aho-pYWRQD1JoJbfaMCZdvOVGwp5PckV
108,109,109,somatic_variant,Guideline,aho-pYWRQD1JoJbfaMCZdvOVGwp5PckV
109,110,110,somatic_variant,Guideline,lMaUa1hyyhXBEEldqW0SdcRTncJhN6p-
110,111,111,somatic_variant,Preclinical,ccIwAxRMXJFRy270b9baKZDOfm5XaaWa
111,112,112,somatic_variant,Preclinical,apbz71McfvdMlo8NOHigp4kVyRHVfrBn
112,113,113,somatic_variant,Preclinical,bTLvO0_2ddAudNKcRp8XBG4FHy-Rvxcx
113,114,114,somatic_variant,Preclinical,YxmWusiYAa9bOE-_OVLzwg-_Rb4oCaia
114,115,115,somatic_variant,Preclinical,1UagldWU1P-cDIIMKDe-BXBbGYgzNZen
115,116,116,somatic_variant,Preclinical,ECIgngcc1CBOkKWvY3ikmGwUZAJ7TgIQ
116,117,117,somatic_variant,Preclinical,fR46HOudPERy-nbqsaFyoBLHiEdKR6GU
117,118,118,somatic_variant,Preclinical,s4eMW8TysWugWbzUXlOkBf_LEreHt6gl
118,119,119,somatic_variant,Preclinical,J0woJV9eEA6m4kre8j2I2u4w2_jaOiWe
119,120,120,somatic_variant,Clinical evidence,bA7OdXInY-JEwYqLoHfg1jlPC4g9RBLY
120,121,121,somatic_variant,Clinical evidence,59eW8MIi1GMID4ia-XePKIdI-Qmachdk
121,122,122,somatic_variant,Clinical evidence,X8DTGWVGHsu65fG6-FhzUY5KwJkmWtqN
122,123,123,somatic_variant,Preclinical,5IKmrkh-MmkHWXltT33MVVVFZn03OM1X
123,124,124,somatic_variant,Preclinical,DWVoWO3eD4T51fLkZ6pWGdK9TGcrIcIk
124,125,125,somatic_variant,Clinical evidence,WbQnc6p6fyW8N5VYZtgJzFFwqpMLQHre
125,126,126,somatic_variant,Guideline,-A3AoT03ta3kOYoOXLrYqIm0hAD2fL5A
126,127,127,somatic_variant,Guideline,y_BKeE3NYaKcXv_9wMq0QPf8yn_AbZqY
127,128,128,somatic_variant,Clinical trial,dU2iR7EKRWpuwKyW7aMEIdhPX8igdYfQ
128,129,129,somatic_variant,Clinical trial,3S_LOXB0BoRguMHfnLg1Rp2fDtcSai7R
129,130,130,somatic_variant,Clinical trial,y2M1GnXkB3UP93HB_d5yfNSl2wry4iYh
130,131,131,somatic_variant,Clinical evidence,dU2iR7EKRWpuwKyW7aMEIdhPX8igdYfQ
131,132,132,somatic_variant,Clinical evidence,3S_LOXB0BoRguMHfnLg1Rp2fDtcSai7R
132,133,133,somatic_variant,Clinical evidence,y2M1GnXkB3UP93HB_d5yfNSl2wry4iYh
133,134,134,somatic_variant,Preclinical,TLNEnKJtTj81lE08Hc21pkbZt-tMNYUP
134,135,135,somatic_variant,FDA-Approved,7zzfuvoUDCwT7KOdkc_J6v15iCWlSdHo
135,136,136,somatic_variant,Inferential,Ru7m2r3M04OPMvvUTWL3ZHLr0cjlyygh
136,137,137,somatic_variant,Inferential,Ru7m2r3M04OPMvvUTWL3ZHLr0cjlyygh
137,138,138,somatic_variant,Inferential,Ru7m2r3M04OPMvvUTWL3ZHLr0cjlyygh
138,139,139,somatic_variant,Inferential,Ru7m2r3M04OPMvvUTWL3ZHLr0cjlyygh
139,140,140,somatic_variant,Inferential,Ru7m2r3M04OPMvvUTWL3ZHLr0cjlyygh
140,141,141,somatic_variant,Inferential,Ru7m2r3M04OPMvvUTWL3ZHLr0cjlyygh
141,142,142,somatic_variant,FDA-Approved,Ru7m2r3M04OPMvvUTWL3ZHLr0cjlyygh
142,143,143,somatic_variant,Guideline,L7SldQblxn1Ig5bkhFjVa5OXimde_Afl
143,144,144,somatic_variant,Guideline,QAgZ0ncy25bkYd5e6Th0gJ7cPcRgd85j
144,145,145,somatic_variant,Guideline,PFPJ5XUIR6tr-YcB0wL5Qy7uYuql9IeN
145,146,146,somatic_variant,Clinical evidence,WCzMkz8u8fhv03bTrGZ_jhOuPQerlDih
146,147,147,somatic_variant,Clinical evidence,yG9RENCVDdCMkKA4eNPU0mdHMWWpvdZl
147,148,148,somatic_variant,Clinical evidence,oClL4PAk3c3tkdrghaecJPNYDg9WVpk8
148,149,149,somatic_variant,FDA-Approved,IpbUYvcvcPuvnET_IyVv-Yi_IUKddyvg
149,150,150,somatic_variant,FDA-Approved,IpbUYvcvcPuvnET_IyVv-Yi_IUKddyvg
150,151,151,somatic_variant,FDA-Approved,Tu113AeiWUeAJdlTpJX4BDssEQq_QA3U
151,152,152,somatic_variant,FDA-Approved,IpbUYvcvcPuvnET_IyVv-Yi_IUKddyvg
152,153,153,somatic_variant,FDA-Approved,Tu113AeiWUeAJdlTpJX4BDssEQq_QA3U
153,154,154,somatic_variant,FDA-Approved,IpbUYvcvcPuvnET_IyVv-Yi_IUKddyvg
154,155,155,somatic_variant,FDA-Approved,IpbUYvcvcPuvnET_IyVv-Yi_IUKddyvg
155,156,156,somatic_variant,FDA-Approved,Tu113AeiWUeAJdlTpJX4BDssEQq_QA3U
156,157,157,somatic_variant,FDA-Approved,Tu113AeiWUeAJdlTpJX4BDssEQq_QA3U
157,158,158,somatic_variant,FDA-Approved,IpbUYvcvcPuvnET_IyVv-Yi_IUKddyvg
158,159,159,somatic_variant,FDA-Approved,IpbUYvcvcPuvnET_IyVv-Yi_IUKddyvg
159,160,160,somatic_variant,FDA-Approved,IpbUYvcvcPuvnET_IyVv-Yi_IUKddyvg
160,161,161,somatic_variant,Guideline,IpbUYvcvcPuvnET_IyVv-Yi_IUKddyvg
161,162,162,somatic_variant,Guideline,IpbUYvcvcPuvnET_IyVv-Yi_IUKddyvg
162,163,163,somatic_variant,Guideline,IpbUYvcvcPuvnET_IyVv-Yi_IUKddyvg
163,164,164,somatic_variant,Guideline,IpbUYvcvcPuvnET_IyVv-Yi_IUKddyvg
164,165,165,somatic_variant,Guideline,IpbUYvcvcPuvnET_IyVv-Yi_IUKddyvg
165,166,166,somatic_variant,Guideline,IpbUYvcvcPuvnET_IyVv-Yi_IUKddyvg
166,167,167,somatic_variant,Guideline,IpbUYvcvcPuvnET_IyVv-Yi_IUKddyvg
167,168,168,somatic_variant,Clinical trial,IpbUYvcvcPuvnET_IyVv-Yi_IUKddyvg
168,169,169,somatic_variant,Clinical trial,IpbUYvcvcPuvnET_IyVv-Yi_IUKddyvg
169,170,170,somatic_variant,Preclinical,IpbUYvcvcPuvnET_IyVv-Yi_IUKddyvg
170,171,171,somatic_variant,Preclinical,IpbUYvcvcPuvnET_IyVv-Yi_IUKddyvg
171,172,172,somatic_variant,Preclinical,Hb1DEj27Wswiosz_Pgy_kFr7dcvzAMOS
172,173,173,somatic_variant,Preclinical,IpbUYvcvcPuvnET_IyVv-Yi_IUKddyvg
173,174,174,somatic_variant,Preclinical,IpbUYvcvcPuvnET_IyVv-Yi_IUKddyvg
174,175,175,somatic_variant,Clinical trial,IpbUYvcvcPuvnET_IyVv-Yi_IUKddyvg
175,176,176,somatic_variant,Clinical trial,IpbUYvcvcPuvnET_IyVv-Yi_IUKddyvg
176,177,177,somatic_variant,Clinical trial,IpbUYvcvcPuvnET_IyVv-Yi_IUKddyvg
177,178,178,somatic_variant,Preclinical,IpbUYvcvcPuvnET_IyVv-Yi_IUKddyvg
178,179,179,somatic_variant,Clinical evidence,IpbUYvcvcPuvnET_IyVv-Yi_IUKddyvg
179,180,180,somatic_variant,Clinical evidence,IpbUYvcvcPuvnET_IyVv-Yi_IUKddyvg
180,181,181,somatic_variant,Preclinical,IpbUYvcvcPuvnET_IyVv-Yi_IUKddyvg
181,182,182,somatic_variant,Preclinical,IpbUYvcvcPuvnET_IyVv-Yi_IUKddyvg
182,183,183,somatic_variant,Preclinical,IpbUYvcvcPuvnET_IyVv-Yi_IUKddyvg
183,184,184,somatic_variant,Clinical evidence,Hb1DEj27Wswiosz_Pgy_kFr7dcvzAMOS
184,185,185,somatic_variant,Clinical evidence,Hb1DEj27Wswiosz_Pgy_kFr7dcvzAMOS
185,186,186,somatic_variant,Clinical evidence,Hb1DEj27Wswiosz_Pgy_kFr7dcvzAMOS
186,187,187,somatic_variant,Clinical evidence,Hb1DEj27Wswiosz_Pgy_kFr7dcvzAMOS
187,188,188,somatic_variant,Clinical evidence,IpbUYvcvcPuvnET_IyVv-Yi_IUKddyvg
188,189,189,somatic_variant,Preclinical,IpbUYvcvcPuvnET_IyVv-Yi_IUKddyvg
189,190,190,somatic_variant,Guideline,IpbUYvcvcPuvnET_IyVv-Yi_IUKddyvg
190,191,191,somatic_variant,Guideline,IpbUYvcvcPuvnET_IyVv-Yi_IUKddyvg
191,192,192,somatic_variant,Clinical trial,IpbUYvcvcPuvnET_IyVv-Yi_IUKddyvg
192,193,193,somatic_variant,FDA-Approved,OQ7B9XkAYOPvcmJES3ULOTn7Ai9ZQec9
193,194,194,somatic_variant,FDA-Approved,OQ7B9XkAYOPvcmJES3ULOTn7Ai9ZQec9
194,195,195,somatic_variant,FDA-Approved,OQ7B9XkAYOPvcmJES3ULOTn7Ai9ZQec9
195,196,196,somatic_variant,FDA-Approved,Llmzy8Hk0_FY0W-jLxddrxoaMDlsK2Wk
196,197,197,somatic_variant,FDA-Approved,Llmzy8Hk0_FY0W-jLxddrxoaMDlsK2Wk
197,198,198,somatic_variant,FDA-Approved,Llmzy8Hk0_FY0W-jLxddrxoaMDlsK2Wk
198,199,199,somatic_variant,Clinical evidence,OQ7B9XkAYOPvcmJES3ULOTn7Ai9ZQec9
199,200,200,somatic_variant,Clinical evidence,OQ7B9XkAYOPvcmJES3ULOTn7Ai9ZQec9
200,201,201,somatic_variant,Clinical evidence,OQ7B9XkAYOPvcmJES3ULOTn7Ai9ZQec9
201,202,202,somatic_variant,FDA-Approved,OQ7B9XkAYOPvcmJES3ULOTn7Ai9ZQec9
202,203,203,somatic_variant,FDA-Approved,OQ7B9XkAYOPvcmJES3ULOTn7Ai9ZQec9
203,204,204,somatic_variant,FDA-Approved,OQ7B9XkAYOPvcmJES3ULOTn7Ai9ZQec9
204,205,205,somatic_variant,FDA-Approved,OQ7B9XkAYOPvcmJES3ULOTn7Ai9ZQec9
205,206,206,somatic_variant,FDA-Approved,OQ7B9XkAYOPvcmJES3ULOTn7Ai9ZQec9
206,207,207,somatic_variant,FDA-Approved,OQ7B9XkAYOPvcmJES3ULOTn7Ai9ZQec9
207,208,208,somatic_variant,FDA-Approved,OQ7B9XkAYOPvcmJES3ULOTn7Ai9ZQec9
208,209,209,somatic_variant,FDA-Approved,3CBFHlLnAU0h_OurUo6SY_Wlo04P03N5
209,210,210,somatic_variant,FDA-Approved,3CBFHlLnAU0h_OurUo6SY_Wlo04P03N5
210,211,211,somatic_variant,FDA-Approved,3CBFHlLnAU0h_OurUo6SY_Wlo04P03N5
211,212,212,somatic_variant,FDA-Approved,3CBFHlLnAU0h_OurUo6SY_Wlo04P03N5
212,213,213,somatic_variant,FDA-Approved,3CBFHlLnAU0h_OurUo6SY_Wlo04P03N5
213,214,214,somatic_variant,FDA-Approved,3CBFHlLnAU0h_OurUo6SY_Wlo04P03N5
214,215,215,somatic_variant,FDA-Approved,8RmZ_t3Iw4XgvPCqUvz5sf5xiQmBLFQH
215,216,216,somatic_variant,FDA-Approved,8RmZ_t3Iw4XgvPCqUvz5sf5xiQmBLFQH
216,217,217,somatic_variant,FDA-Approved,8RmZ_t3Iw4XgvPCqUvz5sf5xiQmBLFQH
217,218,218,somatic_variant,Clinical evidence,3CBFHlLnAU0h_OurUo6SY_Wlo04P03N5
218,219,219,somatic_variant,Clinical evidence,3CBFHlLnAU0h_OurUo6SY_Wlo04P03N5
219,220,220,somatic_variant,Clinical trial,3CBFHlLnAU0h_OurUo6SY_Wlo04P03N5
220,221,221,somatic_variant,Clinical evidence,3CBFHlLnAU0h_OurUo6SY_Wlo04P03N5
221,222,222,somatic_variant,Clinical evidence,1P0QPdZ8A6GYuaR2VNbC1BuiQL0LxAHU
222,223,223,somatic_variant,FDA-Approved,3CBFHlLnAU0h_OurUo6SY_Wlo04P03N5
223,224,224,somatic_variant,FDA-Approved,3CBFHlLnAU0h_OurUo6SY_Wlo04P03N5
224,225,225,somatic_variant,FDA-Approved,3CBFHlLnAU0h_OurUo6SY_Wlo04P03N5
225,226,226,somatic_variant,FDA-Approved,3CBFHlLnAU0h_OurUo6SY_Wlo04P03N5
226,227,227,somatic_variant,Inferential,EFnQfPffgfrNDaueeiR-8iBgECCRtOiu
227,228,228,somatic_variant,Inferential,EFnQfPffgfrNDaueeiR-8iBgECCRtOiu
228,229,229,somatic_variant,Inferential,EFnQfPffgfrNDaueeiR-8iBgECCRtOiu
229,230,230,somatic_variant,Inferential,EFnQfPffgfrNDaueeiR-8iBgECCRtOiu
230,231,231,somatic_variant,Inferential,EFnQfPffgfrNDaueeiR-8iBgECCRtOiu
231,232,232,somatic_variant,Inferential,EFnQfPffgfrNDaueeiR-8iBgECCRtOiu
232,233,233,somatic_variant,FDA-Approved,EFnQfPffgfrNDaueeiR-8iBgECCRtOiu
233,234,234,somatic_variant,FDA-Approved,2oHle2wihNcrEMNDkHRMtZ9y9o822--L
234,235,235,somatic_variant,Inferential,07RDzeDtqSNyrSGNhlA_EHYpbAKvxagN
235,236,236,somatic_variant,Inferential,07RDzeDtqSNyrSGNhlA_EHYpbAKvxagN
236,237,237,somatic_variant,Inferential,07RDzeDtqSNyrSGNhlA_EHYpbAKvxagN
237,238,238,somatic_variant,Inferential,07RDzeDtqSNyrSGNhlA_EHYpbAKvxagN
238,239,239,somatic_variant,Inferential,07RDzeDtqSNyrSGNhlA_EHYpbAKvxagN
239,240,240,somatic_variant,Inferential,07RDzeDtqSNyrSGNhlA_EHYpbAKvxagN
240,241,241,somatic_variant,FDA-Approved,07RDzeDtqSNyrSGNhlA_EHYpbAKvxagN
241,242,242,somatic_variant,Inferential,fGmSXmL03h92tz1U9l3puJKrp6BKJd5Z
242,243,243,somatic_variant,Inferential,fGmSXmL03h92tz1U9l3puJKrp6BKJd5Z
243,244,244,somatic_variant,Inferential,fGmSXmL03h92tz1U9l3puJKrp6BKJd5Z
244,245,245,somatic_variant,Inferential,fGmSXmL03h92tz1U9l3puJKrp6BKJd5Z
245,246,246,somatic_variant,Inferential,fGmSXmL03h92tz1U9l3puJKrp6BKJd5Z
246,247,247,somatic_variant,Inferential,fGmSXmL03h92tz1U9l3puJKrp6BKJd5Z
247,248,248,somatic_variant,FDA-Approved,fGmSXmL03h92tz1U9l3puJKrp6BKJd5Z
248,249,249,somatic_variant,Clinical evidence,2_NY15Xb33mUJQuMdGiZIqN8n-Smrtzc
249,250,250,somatic_variant,Guideline,209Ose_9LhrK5MASJz59E0IOvquYZ3rJ
250,251,251,somatic_variant,Guideline,Ul46TuwemG-QV_cmsPmikoETCBKRMDKP
251,252,252,somatic_variant,Guideline,yRVhnRrpB5510fvJRVjE-OQUqf1g88J7
252,253,253,somatic_variant,Guideline,WculgjfPhOr4Ie0BH8Ur_Vml4leqSbgK
253,254,254,somatic_variant,FDA-Approved,CA6GXRgc9cm1ATKiFiDHAxqaa2BwNlS2
254,255,255,somatic_variant,Guideline,ajASQTs3E5liPOoH9vYDsgYk_YTgxCPN
255,256,256,somatic_variant,Guideline,ajASQTs3E5liPOoH9vYDsgYk_YTgxCPN
256,257,257,somatic_variant,Guideline,CA6GXRgc9cm1ATKiFiDHAxqaa2BwNlS2
257,258,258,somatic_variant,Guideline,ajASQTs3E5liPOoH9vYDsgYk_YTgxCPN
258,259,259,somatic_variant,Guideline,ajASQTs3E5liPOoH9vYDsgYk_YTgxCPN
259,260,260,somatic_variant,Guideline,BhL1-cG755UyMwLNzaTdc_gSRyxw8_pn
260,261,261,somatic_variant,Clinical trial,CA6GXRgc9cm1ATKiFiDHAxqaa2BwNlS2
261,262,262,somatic_variant,Clinical trial,ajASQTs3E5liPOoH9vYDsgYk_YTgxCPN
262,263,263,somatic_variant,Clinical trial,CA6GXRgc9cm1ATKiFiDHAxqaa2BwNlS2
263,264,264,somatic_variant,Clinical trial,ajASQTs3E5liPOoH9vYDsgYk_YTgxCPN
264,265,265,somatic_variant,Clinical trial,ajASQTs3E5liPOoH9vYDsgYk_YTgxCPN
265,266,266,somatic_variant,Clinical trial,ajASQTs3E5liPOoH9vYDsgYk_YTgxCPN
266,267,267,somatic_variant,Clinical trial,yN7CEE742jwNSExNLaD2PcrOnyWsLthA
267,268,268,somatic_variant,Clinical trial,ajASQTs3E5liPOoH9vYDsgYk_YTgxCPN
268,269,269,somatic_variant,Clinical trial,CA6GXRgc9cm1ATKiFiDHAxqaa2BwNlS2
269,270,270,somatic_variant,Clinical trial,CA6GXRgc9cm1ATKiFiDHAxqaa2BwNlS2
270,271,271,somatic_variant,Clinical evidence,ajASQTs3E5liPOoH9vYDsgYk_YTgxCPN
271,272,272,somatic_variant,Clinical evidence,CA6GXRgc9cm1ATKiFiDHAxqaa2BwNlS2
272,273,273,somatic_variant,Clinical evidence,yN7CEE742jwNSExNLaD2PcrOnyWsLthA
273,274,274,somatic_variant,Clinical evidence,CA6GXRgc9cm1ATKiFiDHAxqaa2BwNlS2
274,275,275,somatic_variant,Clinical evidence,yN7CEE742jwNSExNLaD2PcrOnyWsLthA
275,276,276,somatic_variant,Clinical evidence,CA6GXRgc9cm1ATKiFiDHAxqaa2BwNlS2
276,277,277,somatic_variant,Clinical evidence,CA6GXRgc9cm1ATKiFiDHAxqaa2BwNlS2
277,278,278,somatic_variant,Clinical evidence,CA6GXRgc9cm1ATKiFiDHAxqaa2BwNlS2
278,279,279,somatic_variant,FDA-Approved,ajASQTs3E5liPOoH9vYDsgYk_YTgxCPN
279,280,280,somatic_variant,FDA-Approved,hx6_3C8SxBqguf4_Yo43Cz1YyWSg-W-i
280,281,281,somatic_variant,FDA-Approved,yN7CEE742jwNSExNLaD2PcrOnyWsLthA
281,282,282,somatic_variant,Clinical evidence,ajASQTs3E5liPOoH9vYDsgYk_YTgxCPN
282,283,283,somatic_variant,Clinical trial,epSlFQac8CSSgleyAG6SbW26vJTyHXie
283,284,284,somatic_variant,Clinical trial,dSapZ7jOnLYTiAlm952j0sy_LYccDU4T
284,285,285,somatic_variant,FDA-Approved,gWfgY_iv8apRnrKp4ymu6_BnAG1hpWYv
285,286,286,somatic_variant,FDA-Approved,6l3dJrzv86Gz06OtgVbIkDLxR3kT1I0h
286,287,287,somatic_variant,FDA-Approved,BhL1-cG755UyMwLNzaTdc_gSRyxw8_pn
287,288,288,somatic_variant,FDA-Approved,BhL1-cG755UyMwLNzaTdc_gSRyxw8_pn
288,289,289,somatic_variant,Clinical evidence,SYJGKpcaCrYohA9XzyYWLbzYqrkGn29b
289,290,290,somatic_variant,Guideline,syvqO7N3nJc3jTA_2rYcqLzXeQwTvWU-
290,291,291,somatic_variant,Clinical evidence,0AIo1dE5thQ6eEn7kg5h--mbjD4AHtpD
291,292,292,somatic_variant,Clinical evidence,HJR8dRC8svoFfO98J8r24z8PJ67UdD5X
292,293,293,somatic_variant,Clinical evidence,HJR8dRC8svoFfO98J8r24z8PJ67UdD5X
293,294,294,somatic_variant,Clinical evidence,XIdRpB9XDixubW6tuEKruxrxbDweQY9-
294,295,295,somatic_variant,Clinical evidence,hgu-phBP1ch2J8FCXp__-T6Xa98lT14W
295,296,296,somatic_variant,Guideline,dbBtLmu1UqfygHjQPXwP3MsML9FkbVbw
296,297,297,somatic_variant,Guideline,kXbwGPHu2p0ZIw1nkKabCqjLvv8nyt40
297,298,298,somatic_variant,Guideline,eOJyZmOSwyTl3skhrYNqu_iusLNnbu8e
298,299,299,somatic_variant,Guideline,wM705QxZw2lSx_QdWC07xK7H9AFaFHSu
299,300,300,somatic_variant,FDA-Approved,vMX7_AFYT73PDiNeAxUEoq5zNg-5dgg0
300,301,301,somatic_variant,FDA-Approved,lJI8l8z-K4C35YPOBR0bGRYjNnbbJ3Fi
301,302,302,somatic_variant,FDA-Approved,loPI2tfHzit5CL3sZcpV5dq2LcemBk-n
302,303,303,somatic_variant,FDA-Approved,FYWrKFuEZtY37fpglEHPXAr2kzP9lYA8
303,304,304,somatic_variant,FDA-Approved,Tw19nntZq3XuticWJbk3Lk37tJf9aaXi
304,305,305,somatic_variant,FDA-Approved,N6yrcgjXyIO69h-3xUAuKzqMIcs8yZD6
305,306,306,somatic_variant,Preclinical,3aZ-wRDGLHP2602SiH83Km9O5y_nf0AU
306,307,307,somatic_variant,FDA-Approved,pcvTddijF9oILBoA_0RFLYXyzZ13ic38
307,308,308,somatic_variant,FDA-Approved,7yRmtKj6XBtHMl2vKqm3_YX3AJHbZGHg
308,309,309,somatic_variant,FDA-Approved,HxqBq-V4IPl9VOKP3lxSPRbffTb2lbjb
309,310,310,somatic_variant,FDA-Approved,oqPxnyx7dC1rvOFtdwfxKvbnivbGqPP-
310,311,311,somatic_variant,Clinical evidence,78ZpCUYI1PGCwDzpIgfszwBcZ6OlccLH
311,312,312,somatic_variant,Clinical evidence,78ZpCUYI1PGCwDzpIgfszwBcZ6OlccLH
312,313,313,somatic_variant,Clinical evidence,78ZpCUYI1PGCwDzpIgfszwBcZ6OlccLH
313,314,314,somatic_variant,Clinical evidence,05G5IhlyJrN6vjp1gIN0LJuabA1t-w6Z
314,315,315,somatic_variant,Clinical evidence,05G5IhlyJrN6vjp1gIN0LJuabA1t-w6Z
315,316,316,somatic_variant,Clinical evidence,05G5IhlyJrN6vjp1gIN0LJuabA1t-w6Z
316,317,317,somatic_variant,Clinical evidence,nF_ruAlDfRMUPvVfI_74mNKTDvF3fyaK
317,318,318,somatic_variant,Preclinical,Y-q4BpHbycxqjL4bDeLHTkoBqt--faDS
318,319,319,somatic_variant,Clinical evidence,15IpVJmgYeLMTvqvFPMyAZGYwYkxCWhk
319,320,320,somatic_variant,FDA-Approved,5ceTclGLI0NocQ6uK3z13ZcpgytDgwyV
320,321,321,somatic_variant,Guideline,5ceTclGLI0NocQ6uK3z13ZcpgytDgwyV
321,322,322,somatic_variant,Guideline,5ceTclGLI0NocQ6uK3z13ZcpgytDgwyV
322,323,323,somatic_variant,FDA-Approved,Ys-a1dxwRj4Uueg2IDQn0AgUO2tfVLj6
323,324,324,somatic_variant,FDA-Approved,m1oGkcWStk01eMRCcK2ZOVThWzNpKoe-
324,325,325,somatic_variant,FDA-Approved,Ys-a1dxwRj4Uueg2IDQn0AgUO2tfVLj6
325,326,326,somatic_variant,FDA-Approved,m1oGkcWStk01eMRCcK2ZOVThWzNpKoe-
326,327,327,somatic_variant,FDA-Approved,5ceTclGLI0NocQ6uK3z13ZcpgytDgwyV
327,328,328,somatic_variant,FDA-Approved,5ceTclGLI0NocQ6uK3z13ZcpgytDgwyV
328,329,329,somatic_variant,FDA-Approved,5CTDvLJpOFicl23TqIp-YXIyaVCR2hiq
329,330,330,somatic_variant,FDA-Approved,PUvxN8FqHy3YamqDOpflLuAlVbwkDeoE
330,331,331,somatic_variant,FDA-Approved,38jryjiTyAkeobIIsh3A2GNnGCf9C7cX
331,332,332,somatic_variant,Guideline,4qVoeZa3k3VP28q38mCC6j6uZJBBSvKt
332,333,333,somatic_variant,Guideline,4qVoeZa3k3VP28q38mCC6j6uZJBBSvKt
333,334,334,somatic_variant,Guideline,A1mNurLibAh3_uo5eyP1aYapInSvqJhu
334,335,335,somatic_variant,Guideline,PUvxN8FqHy3YamqDOpflLuAlVbwkDeoE
335,336,336,somatic_variant,Guideline,38jryjiTyAkeobIIsh3A2GNnGCf9C7cX
336,337,337,somatic_variant,Clinical evidence,auITFECTrlGI1UTBH6-aWAQEhoaJRHMR
337,338,338,somatic_variant,Preclinical,Zn_WyPX25vtkid5hDiABa4gs0QXpBVts
338,339,339,somatic_variant,Preclinical,fwZ60AcCJ6kQgckN9kGTftzFXPfp3Aeo
339,340,340,somatic_variant,Clinical evidence,WHpkobZOwEELWL4ApS4aKWhrjk0KRsSL
340,341,341,somatic_variant,Clinical evidence,Rjk1qSjogNxv6rP4fbzU5PvhMSVGsWqD
341,342,342,somatic_variant,Preclinical,tHXleL4pCWmAXuVSNa7kBSWak8dWNjw9
342,343,343,somatic_variant,Preclinical,s0im3cLAV7Gtr-3ZYX1DmvrxBniy3NzK
343,344,344,somatic_variant,Preclinical,3TmsXwYSgDwismzYlFAItNei7XlgcDcJ
344,345,345,somatic_variant,Preclinical,tHXleL4pCWmAXuVSNa7kBSWak8dWNjw9
345,346,346,somatic_variant,Preclinical,s0im3cLAV7Gtr-3ZYX1DmvrxBniy3NzK
346,347,347,somatic_variant,Preclinical,3TmsXwYSgDwismzYlFAItNei7XlgcDcJ
347,348,348,somatic_variant,FDA-Approved,OhYZ4_vkgDtL5Lndk-j2lZhDdZogLxlw
348,349,349,somatic_variant,FDA-Approved,xgX8nejHHDaXeCUMVe5t-lvNZ3uAdEDE
349,350,350,somatic_variant,FDA-Approved,OhYZ4_vkgDtL5Lndk-j2lZhDdZogLxlw
350,351,351,somatic_variant,FDA-Approved,xgX8nejHHDaXeCUMVe5t-lvNZ3uAdEDE
351,352,352,somatic_variant,FDA-Approved,7DaMzcEXkI0K96pIDLYqrXublLUGxuuA
352,353,353,somatic_variant,FDA-Approved,rwjIoNNuu57UEQwy6HowMlwdgKKcdM8i
353,354,354,somatic_variant,FDA-Approved,xgX8nejHHDaXeCUMVe5t-lvNZ3uAdEDE
354,355,355,somatic_variant,FDA-Approved,7DaMzcEXkI0K96pIDLYqrXublLUGxuuA
355,356,356,somatic_variant,FDA-Approved,rwjIoNNuu57UEQwy6HowMlwdgKKcdM8i
356,357,357,somatic_variant,Guideline,OhYZ4_vkgDtL5Lndk-j2lZhDdZogLxlw
357,358,358,somatic_variant,Guideline,OhYZ4_vkgDtL5Lndk-j2lZhDdZogLxlw
358,359,359,somatic_variant,Guideline,KH5cDdTin0DOJUjksguu6lAlX0F7AJIy
359,360,360,somatic_variant,Guideline,IQxSmCCLUapm7akMQMKelHgPg1gPwGIz
360,361,361,somatic_variant,Guideline,tlQCcDXuiICn9tPO5K6qOZbk07cSEdPZ
361,362,362,somatic_variant,Guideline,DdT7S2azgEU9SjFI-SjoktoluPngDd8k
362,363,363,somatic_variant,Guideline,nSP_SSS-6m8mdNqEiW7aPcgOFj2r-umB
363,364,364,somatic_variant,Guideline,Ng4up2lkW5rKSF863niux2ZIeUfwRpGL
364,365,365,somatic_variant,Guideline,Dsvvpkzv4LGBjykfH7SlHPMbu2ahF-IH
365,366,366,somatic_variant,Guideline,aWllmN65hK58kNLQZqQUx4ZtvGIZBWsu
366,367,367,somatic_variant,Guideline,RdoZ6C42_0XlczrQWCByw9LIjq3P4E_X
367,368,368,somatic_variant,Guideline,k3YTR16QSym7EnYwtNCwJAH0DjcR3-GM
368,369,369,somatic_variant,Guideline,ddTcSkAnGip4Sfu6OMPj9wlsYj2oiGHA
369,370,370,somatic_variant,Guideline,OhYZ4_vkgDtL5Lndk-j2lZhDdZogLxlw
370,371,371,somatic_variant,Guideline,KH5cDdTin0DOJUjksguu6lAlX0F7AJIy
371,372,372,somatic_variant,Guideline,Vlr_W05yLPW-bQRqayPEnl2cpUILSi6P
372,373,373,somatic_variant,Guideline,OhYZ4_vkgDtL5Lndk-j2lZhDdZogLxlw
373,374,374,somatic_variant,Preclinical,6lOPAwIK3RUtg4yd_04HWPvq5Gtqb5j0
374,375,375,somatic_variant,Preclinical,k3YTR16QSym7EnYwtNCwJAH0DjcR3-GM
375,376,376,somatic_variant,Preclinical,OhYZ4_vkgDtL5Lndk-j2lZhDdZogLxlw
376,377,377,somatic_variant,Preclinical,KH5cDdTin0DOJUjksguu6lAlX0F7AJIy
377,378,378,somatic_variant,Preclinical,Ch4JcsgRY1j9t-mbOYSc5PGPvrDUoB4S
378,379,379,somatic_variant,Clinical trial,Ch4JcsgRY1j9t-mbOYSc5PGPvrDUoB4S
379,380,380,somatic_variant,Guideline,eeg-oafZ-3D22nVAFqJNWTXyLinbZQHa
380,381,381,somatic_variant,Guideline,eeg-oafZ-3D22nVAFqJNWTXyLinbZQHa
381,382,382,somatic_variant,Guideline,ppk6p0D0ellIvd7_2TM4XxCPWlsMWzmh
382,383,383,somatic_variant,Guideline,ppk6p0D0ellIvd7_2TM4XxCPWlsMWzmh
383,384,384,somatic_variant,Guideline,89PwaowPz22KvPbsFpiaJ77-SAM7teDY
384,385,385,somatic_variant,Guideline,89PwaowPz22KvPbsFpiaJ77-SAM7teDY
385,386,386,somatic_variant,Guideline,Ch4JcsgRY1j9t-mbOYSc5PGPvrDUoB4S
386,387,387,somatic_variant,FDA-Approved,txWE0iDd8r36tzSRZw9tyMcMz9-L5M0g
387,388,388,somatic_variant,Clinical trial,txWE0iDd8r36tzSRZw9tyMcMz9-L5M0g
388,389,389,somatic_variant,Guideline,Ch4JcsgRY1j9t-mbOYSc5PGPvrDUoB4S
389,390,390,somatic_variant,Clinical evidence,i_eSRW_QfoMryhqKxHyMK2GhF2oDuer8
390,391,391,somatic_variant,Clinical trial,XLDR_3CYrDRLR1W6OSy_G857RtXTxZRS
391,392,392,somatic_variant,Clinical trial,b4D3mgUV9D85JQVqGEuK-Erdk3v4R0v9
392,393,393,somatic_variant,Clinical trial,9-Wnuf1h3Q-_BsOtpjRS-ndPAt68Lucg
393,394,394,somatic_variant,Preclinical,Ch4JcsgRY1j9t-mbOYSc5PGPvrDUoB4S
394,395,395,somatic_variant,Preclinical,Ch4JcsgRY1j9t-mbOYSc5PGPvrDUoB4S
395,396,396,somatic_variant,Clinical evidence,Ch4JcsgRY1j9t-mbOYSc5PGPvrDUoB4S
396,397,397,somatic_variant,Clinical evidence,Ch4JcsgRY1j9t-mbOYSc5PGPvrDUoB4S
397,398,398,somatic_variant,Preclinical,Ch4JcsgRY1j9t-mbOYSc5PGPvrDUoB4S
398,399,399,somatic_variant,Preclinical,Ch4JcsgRY1j9t-mbOYSc5PGPvrDUoB4S
399,400,400,somatic_variant,Clinical evidence,Ch4JcsgRY1j9t-mbOYSc5PGPvrDUoB4S
400,401,401,somatic_variant,Clinical evidence,Ch4JcsgRY1j9t-mbOYSc5PGPvrDUoB4S
401,402,402,somatic_variant,Preclinical,_H63Puh0zQPE4C6m8hSBiKv5rbCNmQOO
402,403,403,somatic_variant,Preclinical,6-unJZuwArgEy461BbG0iwfHz-LaZyjv
403,404,404,somatic_variant,Clinical evidence,_H63Puh0zQPE4C6m8hSBiKv5rbCNmQOO
404,405,405,somatic_variant,Preclinical,6-unJZuwArgEy461BbG0iwfHz-LaZyjv
405,406,406,somatic_variant,Preclinical,6-unJZuwArgEy461BbG0iwfHz-LaZyjv
406,407,407,somatic_variant,Preclinical,6-unJZuwArgEy461BbG0iwfHz-LaZyjv
407,408,408,somatic_variant,Preclinical,3hjl-vIDPzcOLqf3V4mlala0hyeqITU-
408,409,409,somatic_variant,Preclinical,3hjl-vIDPzcOLqf3V4mlala0hyeqITU-
409,410,410,somatic_variant,Clinical evidence,fxt-XWEa-GIHSeprsdahNoqln1ODtkBb
410,411,411,somatic_variant,Preclinical,NVsY7slv2TzQiszoxOfSdCCedxuZFdyO
411,412,412,somatic_variant,Clinical evidence,6dThk5ei-83JMyRaJqwD8UWCPPDJTq-D
412,413,413,somatic_variant,Preclinical,1p2lzuJJ3xYpAc2j9YStPgVVtAuZUDaK
413,414,414,somatic_variant,Guideline,YKugPQESlTUJqBNc19AJKkZ2x31zHwP5
414,415,415,somatic_variant,Guideline,hmXorAKfznO_7WX-f5om2DHG8ZFpSIqa
415,416,416,somatic_variant,Guideline,ohbWtSa60FoUIcsNy4_C9sogh0DHwxdw
416,417,417,somatic_variant,FDA-Approved,YKugPQESlTUJqBNc19AJKkZ2x31zHwP5
417,418,418,somatic_variant,FDA-Approved,hmXorAKfznO_7WX-f5om2DHG8ZFpSIqa
418,419,419,somatic_variant,FDA-Approved,ohbWtSa60FoUIcsNy4_C9sogh0DHwxdw
419,420,420,somatic_variant,Clinical evidence,Tnor4FhXVjkemW3fZxO1tA77JS8-5AQq
420,421,421,somatic_variant,Preclinical,ZLUXhQidHZcPZI3fNqHDkjSdniV75zAw
421,422,422,somatic_variant,Clinical evidence,cgUDlsxiMhpjuk9lWPYIA7_Hz7VCOFj9
422,423,423,somatic_variant,Clinical evidence,z4PehjbLk8hZhDwVqHhvqWNBgyOve7vO
423,424,424,somatic_variant,Clinical trial,SeyvjqY1D23n8Bck7cvfRsZQHhJYuEnB
424,425,425,somatic_variant,Inferential,4ACkjf6yB8Tl-uwoHFH8DW2GFtkWkF39
425,426,426,somatic_variant,Preclinical,aseEiKVwNZgBIBvWamwrXzaUUdS-_SWh
426,427,427,somatic_variant,Guideline,IczHNjOqXt6p219RTpF0y8WKjvYSGhin
427,428,428,somatic_variant,Guideline,IczHNjOqXt6p219RTpF0y8WKjvYSGhin
428,429,429,somatic_variant,Guideline,_70pP7zFOCYObMQFid6gVx0vJM-gTLG4
429,430,430,somatic_variant,Guideline,_70pP7zFOCYObMQFid6gVx0vJM-gTLG4
430,431,431,somatic_variant,Guideline,_70pP7zFOCYObMQFid6gVx0vJM-gTLG4
431,432,432,somatic_variant,Clinical evidence,zxs2GTx7qrPsAVr5ldSwBVocxH_AZobp
432,433,433,somatic_variant,Clinical evidence,NTr6V4RiDzGVGD4FsUmaGxqqyA1mn3Yw
433,434,434,somatic_variant,Clinical evidence,_6QuOOW52v43h7yqrxt4SdI6rRn7Q6Y0
434,435,435,somatic_variant,Clinical evidence,6XzIfRmoQbUqY8sYQiPI6l5Qy7R2hiKj
435,436,436,somatic_variant,Clinical evidence,lPF24EgmPJErDH0FPZ7SoWb4De4hkoDN
436,437,437,somatic_variant,Clinical evidence,440hsGQzX-e1BifENJtHvnxTZAqcevWA
437,438,438,somatic_variant,Clinical evidence,B7H_uWIWrPpdH_xoeTqeBSePCqOeuMGK
438,439,439,somatic_variant,Clinical evidence,O8gr4sO6oTiDERX7UkEzDRfIi9Ewh2SH
439,440,440,somatic_variant,Clinical evidence,r3Tk1d4ZFbyhmj9akHqNvSos17cDJ2f6
440,441,441,somatic_variant,Clinical evidence,QPpZoKY2orQ0DsNht496DST42u0TlXlp
441,442,442,somatic_variant,Clinical evidence,l--eG_BWy8Ku77c_0_n_E4W-V8xfsU02
442,443,443,somatic_variant,Clinical evidence,Qj9vESybbyv0H1Wn5be5NA0pjQ13EziM
443,444,444,somatic_variant,Clinical evidence,7ObsHadxSFWVUT1J5bBs2w18AQOyzPZ6
444,445,445,somatic_variant,Clinical evidence,7ObsHadxSFWVUT1J5bBs2w18AQOyzPZ6
445,446,446,somatic_variant,Clinical evidence,zfCQ6wBJtJv4GfQVr7gdlhSAuAM6ZA0j
446,447,447,somatic_variant,Clinical evidence,O7YkBO-ZiaHqthNy7OFAHDl0QLQsaLkN
447,448,448,somatic_variant,Clinical evidence,IczHNjOqXt6p219RTpF0y8WKjvYSGhin
448,449,449,somatic_variant,Inferential,YLXf4Q8yr45bD0I_v6nkpDjBFuGPdFbd
449,450,450,somatic_variant,Inferential,YLXf4Q8yr45bD0I_v6nkpDjBFuGPdFbd
450,451,451,somatic_variant,Inferential,YLXf4Q8yr45bD0I_v6nkpDjBFuGPdFbd
451,452,452,somatic_variant,Inferential,YLXf4Q8yr45bD0I_v6nkpDjBFuGPdFbd
452,453,453,somatic_variant,Inferential,YLXf4Q8yr45bD0I_v6nkpDjBFuGPdFbd
453,454,454,somatic_variant,Inferential,YLXf4Q8yr45bD0I_v6nkpDjBFuGPdFbd
454,455,455,somatic_variant,Clinical evidence,YLXf4Q8yr45bD0I_v6nkpDjBFuGPdFbd
455,456,456,somatic_variant,FDA-Approved,YLXf4Q8yr45bD0I_v6nkpDjBFuGPdFbd
456,457,457,somatic_variant,Clinical evidence,1d8qprONBVH0DCf33DxRrESsdKGmwq-w
457,458,458,somatic_variant,Guideline,s7a-0im0qk6uZJKCjwU38ZDRhZOTPRgy
458,459,459,somatic_variant,Guideline,lJ2CHg6lvjbJxxbakrDp7HI8APl3DbcE
459,460,460,somatic_variant,Preclinical,lJ2CHg6lvjbJxxbakrDp7HI8APl3DbcE
460,461,461,somatic_variant,FDA-Approved,0FC2ntgPhdwYWHZsU1ZWj5n95qDgJ3ef
461,462,462,somatic_variant,FDA-Approved,lJ2CHg6lvjbJxxbakrDp7HI8APl3DbcE
462,463,463,somatic_variant,Clinical evidence,LcUlUJSOjCqsRLJmRnO96gb8Vkx93Tax
463,464,464,somatic_variant,FDA-Approved,GFoQKE8QOMIG-9TMW-yRJKf8srTlmKjO
464,465,465,somatic_variant,Preclinical,MQzbXY-UhWu_RsIL7uZvgmhY9ERkVXpY
465,466,466,somatic_variant,Clinical trial,MQzbXY-UhWu_RsIL7uZvgmhY9ERkVXpY
466,467,467,somatic_variant,Preclinical,pl6EApAp5Gs0hXZu11K48MMRjisSafWf
467,468,468,somatic_variant,Preclinical,mPQ2_tTAkL-zEJXmNVhoKr2eEvpMq4Mx
468,469,469,somatic_variant,Preclinical,G3imftXHyRbAoFDZe7ZkVv2HX0ajIonr
469,470,470,somatic_variant,Preclinical,QK3P4ufEbSj19kSOflD_iX52EvCKxGIg
470,471,471,somatic_variant,Preclinical,ZymeDYbYMFLJrv5_qA_-0DESukyIvinP
471,472,472,somatic_variant,Preclinical,2cB2VP_fJ5zmzZDufHtGW3MRXVPM72_9
472,473,473,somatic_variant,Preclinical,2cB2VP_fJ5zmzZDufHtGW3MRXVPM72_9
473,474,474,somatic_variant,Preclinical,VOhT9JZw6JEqfC107oZhfsaxp8IzfTFr
474,475,475,somatic_variant,Preclinical,K7ETVD7cCoYDCBCw-AE8RO1KptJNKpB4
475,476,476,somatic_variant,Preclinical,Oop2NClmNbZVoO2Copr51MU_ZnXpVEuL
476,477,477,somatic_variant,Preclinical,JK7HLi9q4bp4N1ZTNv9QBBnv0A4fLk5A
477,478,478,somatic_variant,Preclinical,fVDb9yeVrrXlQlkP_2e_Bvvc2fm6KAmZ
478,479,479,somatic_variant,Preclinical,QGnAZJzZ9B-C_we-vawRBj2Zt0Yiz7as
479,480,480,somatic_variant,Preclinical,OjU4HLS4nwUasl01PXz0ivZNMvEKlGJq
480,481,481,somatic_variant,Preclinical,a43zv5cZPDUI-fNWfpGH28P0x65VmWnY
481,482,482,somatic_variant,Preclinical,Ru4k8eTJD-cVNB6TbcqZUt9SndWtuKGn
482,483,483,somatic_variant,Preclinical,Ru4k8eTJD-cVNB6TbcqZUt9SndWtuKGn
483,484,484,somatic_variant,Preclinical,Ynfqwzszug_EFnTycKF_gfSKp8KNu1mS
484,485,485,somatic_variant,Preclinical,7sAQco8aSgDzyUHIznLP2FTTfSGf8AWb
485,486,486,somatic_variant,Preclinical,HvfbgB8dY5EkpmfNQg_k3OOl_6f4TW7Y
486,487,487,somatic_variant,Preclinical,2-d-ckMKsse2YrgCCEBVDRHDx48B2K09
487,488,488,somatic_variant,Clinical evidence,_AN-uU4YjdeFkwj_rjtAq3QfT7dRBfK1
488,489,489,somatic_variant,Clinical evidence,VcdozBvrNWYPg4qIFSymoJVHXpoHuGVy
489,490,490,somatic_variant,Clinical evidence,nSPS4-G5aaqLaAY1C4YmUG9IAn4j8sF8
490,491,491,somatic_variant,Clinical evidence,xXmb-xmrNBmW1BzWWU5zcj4qSx2K6WOz
491,492,492,somatic_variant,Inferential,KGCaHZMsoObEpd491MLOZVeSxa63NlYj
492,493,493,somatic_variant,Inferential,KGCaHZMsoObEpd491MLOZVeSxa63NlYj
493,494,494,somatic_variant,Inferential,KGCaHZMsoObEpd491MLOZVeSxa63NlYj
494,495,495,somatic_variant,Clinical evidence,jrezEsrySwFPkKRfB-hmHD6lgNYLDwm5
495,496,496,somatic_variant,Inferential,N1i1nKhMG7GQXxSJzRt-8006xVhl-Aio
496,497,497,somatic_variant,Inferential,N1i1nKhMG7GQXxSJzRt-8006xVhl-Aio
497,498,498,somatic_variant,Inferential,N1i1nKhMG7GQXxSJzRt-8006xVhl-Aio
498,499,499,somatic_variant,Guideline,zuHzqS3SqirWZcTcDnD-jrCVaktuqza2
499,500,500,somatic_variant,Preclinical,zym8g8peUxw3epBJ3G9c7t8ZVGdxxMqr
500,501,501,somatic_variant,Preclinical,QB_T2oCqP--I5z13QaeInPQuaEWl3n0F
501,502,502,somatic_variant,Preclinical,eKFPMq1HSg-lyFhmtFQWDpcHjWBGmXa8
502,503,503,somatic_variant,Clinical evidence,zym8g8peUxw3epBJ3G9c7t8ZVGdxxMqr
503,504,504,somatic_variant,Clinical evidence,QB_T2oCqP--I5z13QaeInPQuaEWl3n0F
504,505,505,somatic_variant,Clinical evidence,eKFPMq1HSg-lyFhmtFQWDpcHjWBGmXa8
505,506,506,somatic_variant,Clinical trial,SFC9lWl2S1nf7tGvHmBj-oMEePHQ5pHS
506,507,507,somatic_variant,Clinical evidence,zym8g8peUxw3epBJ3G9c7t8ZVGdxxMqr
507,508,508,somatic_variant,Clinical evidence,QB_T2oCqP--I5z13QaeInPQuaEWl3n0F
508,509,509,somatic_variant,Clinical evidence,eKFPMq1HSg-lyFhmtFQWDpcHjWBGmXa8
509,510,510,somatic_variant,Clinical evidence,zym8g8peUxw3epBJ3G9c7t8ZVGdxxMqr
510,511,511,somatic_variant,Guideline,pRN0omqwrWZOXRGS0_F2ORrrD77cRhrs
511,512,512,somatic_variant,FDA-Approved,G8b2oBtX3gDtkK_odJA8tv6-HIMa2591
512,513,513,somatic_variant,Inferential,I4I_C5W3WTcrJrDzfwB2fGzi3asCjwy9
513,514,514,somatic_variant,Inferential,I4I_C5W3WTcrJrDzfwB2fGzi3asCjwy9
514,515,515,somatic_variant,Inferential,I4I_C5W3WTcrJrDzfwB2fGzi3asCjwy9
515,516,516,somatic_variant,Inferential,I4I_C5W3WTcrJrDzfwB2fGzi3asCjwy9
516,517,517,somatic_variant,Inferential,I4I_C5W3WTcrJrDzfwB2fGzi3asCjwy9
517,518,518,somatic_variant,Inferential,I4I_C5W3WTcrJrDzfwB2fGzi3asCjwy9
518,519,519,somatic_variant,FDA-Approved,I4I_C5W3WTcrJrDzfwB2fGzi3asCjwy9
519,520,520,somatic_variant,Inferential,1jNMg8SUwUqzKccRYHdjz0kjWeqIJjiQ
520,521,521,somatic_variant,Inferential,1jNMg8SUwUqzKccRYHdjz0kjWeqIJjiQ
521,522,522,somatic_variant,Inferential,1jNMg8SUwUqzKccRYHdjz0kjWeqIJjiQ
522,523,523,somatic_variant,Inferential,1jNMg8SUwUqzKccRYHdjz0kjWeqIJjiQ
523,524,524,somatic_variant,Inferential,1jNMg8SUwUqzKccRYHdjz0kjWeqIJjiQ
524,525,525,somatic_variant,Inferential,1jNMg8SUwUqzKccRYHdjz0kjWeqIJjiQ
525,526,526,somatic_variant,FDA-Approved,1jNMg8SUwUqzKccRYHdjz0kjWeqIJjiQ
526,527,527,somatic_variant,FDA-Approved,xVY5x_YydD41NUlSh2z3AdlDtOpw0CdP
527,528,528,somatic_variant,Clinical evidence,On28EZ3x8H4M3egXT4db0PWT1DBpN9Fa
528,529,529,somatic_variant,Clinical evidence,guO_dEF4gybR7C-BI0IOgt58LjdY2aPQ
529,530,530,somatic_variant,Clinical evidence,IAs3pKrGS-tD9Ft31Hz8dozXoWHhTY1w
530,531,531,somatic_variant,FDA-Approved,pgsbosANS9N6Bto9OWpE-g7V1geEyJTm
531,532,532,somatic_variant,Guideline,t_9cdCm2Mh0G2EAT5vxCPNTBwnWLPkDQ
532,533,533,somatic_variant,Guideline,agUceR1VdZprF-x_4wT3P7CsGw-56hCn
533,534,534,somatic_variant,Guideline,6WHEKeja3AFitGOUSuOJQDZHmz0sJhCJ
534,535,535,somatic_variant,Guideline,Q5SG_HkRbM1iZs2GA22kbli7fRcLjSmy
535,536,536,somatic_variant,Guideline,dfLhcOiWTtP9UeEu49CSq6x9lNe7NObj
536,537,537,somatic_variant,Guideline,DgQMX2jpDFyWpW8OE3Zhu7E7CV_ggxDh
537,538,538,somatic_variant,Guideline,ywqAQd7G79qN4ZWA6mFDArmjdy6t4SvA
538,539,539,somatic_variant,Guideline,tZq7fdLKFWyEuYNoGToRS4TfWjn4krUV
539,540,540,somatic_variant,Guideline,vkiog0bERzxJUPAasHjExc9IrLphXnuP
540,541,541,somatic_variant,Guideline,iHBgIZ379GVAlo826bDezY6RqQD4JqtK
541,542,542,somatic_variant,Guideline,ikKxBCS_daJSqgDutG9P6zKONf4Bz2IO
542,543,543,somatic_variant,Guideline,di6HgHtZH9p6vOFxehdYN-A_36ehjdJm
543,544,544,somatic_variant,Guideline,vASdBK-H3ONIo_vbfqohriCJ8ZPgMYOG
544,545,545,somatic_variant,Guideline,1HiI_se3IJTFLSqdc9ezhJCZu0IqfrVM
545,546,546,somatic_variant,Guideline,Kj7kHaWD29LJllplLBeAzmci4WmyTXtk
546,547,547,somatic_variant,Guideline,gXMnI65sdjwsk3UAr43iDBP-6N-h0RiA
547,548,548,somatic_variant,Guideline,M-iOiEb1qR9_UeDQkhdW2BDIrRIslWwg
548,549,549,somatic_variant,Guideline,RUz9AHNUxRPpy6UiyCplBqhBWYkJLYMj
549,550,550,somatic_variant,Guideline,7czcP19ai4JjIJ0CirxWm5EpHmcNm6yM
550,551,551,somatic_variant,Guideline,U_1UHQSLZzU4Y2Dc9jo1-jd2-6_9VxuX
551,552,552,somatic_variant,Guideline,1RWund7-6qN7qkaeKJ05VZO3H2o-fsuo
552,553,553,somatic_variant,Guideline,Mug5GyePbCg7t9VH27ChWiFRjrVmU7pH
553,554,554,somatic_variant,Guideline,woELWLW3nznmSz9eJgs_ZQA2cnFnqlmT
554,555,555,somatic_variant,Guideline,W8PLU74gPr5Zjw5MCW5HkIYcfFDbUvjw
555,556,556,somatic_variant,Guideline,ds43Ua7kDdowc7Za3biHe-O0fRdN_K4c
556,557,557,somatic_variant,Guideline,0A9msDpKpuA0MefGytmYLhIDrEXEjvq_
557,558,558,somatic_variant,Guideline,1PeJNjpeJ85-ZWbrmMv1XUyip3K2ZoUc
558,559,559,somatic_variant,Guideline,jMmm4JJATh80y1FzcbdLUkOLWO58h_ow
559,560,560,somatic_variant,Guideline,f45rGXuiUWkCvLk-sgon9jTJTUHxBbz4
560,561,561,somatic_variant,Preclinical,ENuVn9LbDqxKtNjHr6kwWslHRFmIDHvp
561,562,562,somatic_variant,Preclinical,RImpoULE2Lrn4pbIn9KRiMomXWDKV5rD
562,563,563,somatic_variant,Preclinical,nyHl56t8A9R_ey6Pu3Xe_FfiWrAKuQ1e
563,564,564,somatic_variant,Clinical evidence,vbGM4bClmp9ber3QSKlUlmt1TkAKfhuh
564,565,565,somatic_variant,Clinical evidence,vbGM4bClmp9ber3QSKlUlmt1TkAKfhuh
565,566,566,somatic_variant,Clinical evidence,vbGM4bClmp9ber3QSKlUlmt1TkAKfhuh
566,567,567,somatic_variant,Guideline,hdCzDkDvLpeitby7V5B7WGv53MQw16lO
567,568,568,somatic_variant,Guideline,TMZOfo7lfM6c_bj4oW72BSNop9LGEOYN
568,569,569,somatic_variant,Guideline,pCNPipXhjYhf5q1EEew02gPdAR8t6gqI
569,570,570,somatic_variant,Guideline,Pcez2-xcWiA4tWX0OFPUICi31MMVruuo
570,571,571,somatic_variant,Guideline,dntUKLZKZBksxrc-6t8ZxWPU0eyPw1vr
571,572,572,somatic_variant,Guideline,jM_5WtYFrNg0fZWVR7c3gsTua1Qj6zoH
572,573,573,somatic_variant,Guideline,5QoSW3rvW4ukXqbQagzzZ-Fdp3A4hZnb
573,574,574,somatic_variant,Guideline,0L-ogJeoATt3NK1X8xVZ7J0vccIGkCfY
574,575,575,somatic_variant,Guideline,oHcvvKd4FCrjN1_K4PCrliI3uYoyRN8t
575,576,576,somatic_variant,Preclinical,dntUKLZKZBksxrc-6t8ZxWPU0eyPw1vr
576,577,577,somatic_variant,Clinical trial,dntUKLZKZBksxrc-6t8ZxWPU0eyPw1vr
577,578,578,somatic_variant,Clinical evidence,dntUKLZKZBksxrc-6t8ZxWPU0eyPw1vr
578,579,579,somatic_variant,FDA-Approved,7Aa55DEAbP-UqWbk06gftpP__3TxTcDe
579,580,580,somatic_variant,Clinical evidence,oYI3J2w_apOGbCzKI67BesWMlqRF7oJy
580,581,581,somatic_variant,Clinical evidence,xqjzMYsIDzg5Ym3v4IdRxkBvykd4ChT2
581,582,582,somatic_variant,Clinical evidence,oYI3J2w_apOGbCzKI67BesWMlqRF7oJy
582,583,583,somatic_variant,Clinical evidence,xqjzMYsIDzg5Ym3v4IdRxkBvykd4ChT2
583,584,584,somatic_variant,Clinical trial,bC0JZk4SZSmDOmNNDloL8dFJwZDFs_ml
584,585,585,somatic_variant,Clinical trial,UifmTCE61mKJ5BivSuH9sSmtP3iXEEaS
585,586,586,somatic_variant,FDA-Approved,bZxpjdSrbkgw8D0xwqG2lGCWskFFGxzg
586,587,587,somatic_variant,Clinical evidence,yLDy7fDdtWmCXOg3C7FE0QgLFuFARMc5
587,588,588,somatic_variant,Clinical evidence,dJHBtsdg6F-etNFCc-5YbkR2dQkcI21X
588,589,589,somatic_variant,Clinical evidence,yLDy7fDdtWmCXOg3C7FE0QgLFuFARMc5
589,590,590,somatic_variant,Clinical evidence,dJHBtsdg6F-etNFCc-5YbkR2dQkcI21X
590,591,591,somatic_variant,Guideline,5CYfCkr6ObJJF0qdCUKGQrIAHGcvHWaJ
591,592,592,somatic_variant,Guideline,fiIOLgOgMIL7tfgHB-4xIwKTh_dVII47
592,593,593,germline_variant,Clinical evidence,Ey9F3N9DidgVt-CJ4kFR51idM9vTTbVD
593,594,594,germline_variant,Clinical evidence,90KaX_EQloNCf6kQE7r70qSUYi7e1dQP
594,595,595,germline_variant,Preclinical,iI5Teb--X0vwAurQKhx7ejx4MheNSnUL
595,596,596,germline_variant,Inferential,PlJo40nv4oXsmxfr0QCzD2oII_eAHqkx
596,597,597,germline_variant,Inferential,PlJo40nv4oXsmxfr0QCzD2oII_eAHqkx
597,598,598,germline_variant,Inferential,PlJo40nv4oXsmxfr0QCzD2oII_eAHqkx
598,599,599,germline_variant,Inferential,PlJo40nv4oXsmxfr0QCzD2oII_eAHqkx
599,600,600,germline_variant,Inferential,PlJo40nv4oXsmxfr0QCzD2oII_eAHqkx
600,601,601,germline_variant,Inferential,PlJo40nv4oXsmxfr0QCzD2oII_eAHqkx
601,602,602,germline_variant,FDA-Approved,FIxwaPFCjwTm8QpOz99YTKVPmeViiPRj
602,603,603,germline_variant,FDA-Approved,FIxwaPFCjwTm8QpOz99YTKVPmeViiPRj
603,604,604,germline_variant,FDA-Approved,FIxwaPFCjwTm8QpOz99YTKVPmeViiPRj
604,605,605,germline_variant,FDA-Approved,FIxwaPFCjwTm8QpOz99YTKVPmeViiPRj
605,606,606,germline_variant,FDA-Approved,FIxwaPFCjwTm8QpOz99YTKVPmeViiPRj
606,607,607,germline_variant,FDA-Approved,FIxwaPFCjwTm8QpOz99YTKVPmeViiPRj
607,608,608,germline_variant,FDA-Approved,FIxwaPFCjwTm8QpOz99YTKVPmeViiPRj
608,609,609,germline_variant,Guideline,FIxwaPFCjwTm8QpOz99YTKVPmeViiPRj
609,610,610,germline_variant,Guideline,FIxwaPFCjwTm8QpOz99YTKVPmeViiPRj
610,611,611,germline_variant,Clinical evidence,5UD28MjD2bPMEnlA6enWWTEftU7JVXzi
611,612,612,germline_variant,Guideline,FIxwaPFCjwTm8QpOz99YTKVPmeViiPRj
612,613,613,germline_variant,Guideline,FIxwaPFCjwTm8QpOz99YTKVPmeViiPRj
613,614,614,germline_variant,Guideline,FIxwaPFCjwTm8QpOz99YTKVPmeViiPRj
614,615,615,germline_variant,Guideline,FIxwaPFCjwTm8QpOz99YTKVPmeViiPRj
615,616,616,germline_variant,FDA-Approved,FIxwaPFCjwTm8QpOz99YTKVPmeViiPRj
616,617,617,germline_variant,FDA-Approved,FIxwaPFCjwTm8QpOz99YTKVPmeViiPRj
617,618,618,germline_variant,FDA-Approved,FIxwaPFCjwTm8QpOz99YTKVPmeViiPRj
618,619,619,germline_variant,FDA-Approved,FIxwaPFCjwTm8QpOz99YTKVPmeViiPRj
619,620,620,germline_variant,FDA-Approved,FIxwaPFCjwTm8QpOz99YTKVPmeViiPRj
620,621,621,germline_variant,Guideline,vJ-aBSTK3UlEGwrerRrVZCQ3wLi5om1L
621,622,622,germline_variant,Guideline,vJ-aBSTK3UlEGwrerRrVZCQ3wLi5om1L
622,623,623,germline_variant,Guideline,vJ-aBSTK3UlEGwrerRrVZCQ3wLi5om1L
623,624,624,germline_variant,Guideline,vJ-aBSTK3UlEGwrerRrVZCQ3wLi5om1L
624,625,625,germline_variant,FDA-Approved,vJ-aBSTK3UlEGwrerRrVZCQ3wLi5om1L
625,626,626,germline_variant,FDA-Approved,vJ-aBSTK3UlEGwrerRrVZCQ3wLi5om1L
626,627,627,germline_variant,FDA-Approved,vJ-aBSTK3UlEGwrerRrVZCQ3wLi5om1L
627,628,628,germline_variant,FDA-Approved,vJ-aBSTK3UlEGwrerRrVZCQ3wLi5om1L
628,629,629,germline_variant,FDA-Approved,vJ-aBSTK3UlEGwrerRrVZCQ3wLi5om1L
629,630,630,germline_variant,FDA-Approved,vJ-aBSTK3UlEGwrerRrVZCQ3wLi5om1L
630,631,631,germline_variant,FDA-Approved,vJ-aBSTK3UlEGwrerRrVZCQ3wLi5om1L
631,632,632,germline_variant,FDA-Approved,vJ-aBSTK3UlEGwrerRrVZCQ3wLi5om1L
632,633,633,germline_variant,Guideline,i3K0tcuhFKzBkb4jkwHaU0_NLz4NKKJj
633,634,634,germline_variant,Guideline,i3K0tcuhFKzBkb4jkwHaU0_NLz4NKKJj
634,635,635,germline_variant,Guideline,i3K0tcuhFKzBkb4jkwHaU0_NLz4NKKJj
635,636,636,germline_variant,Clinical trial,i3K0tcuhFKzBkb4jkwHaU0_NLz4NKKJj
636,637,637,germline_variant,Clinical evidence,i3K0tcuhFKzBkb4jkwHaU0_NLz4NKKJj
637,638,638,germline_variant,FDA-Approved,vJ-aBSTK3UlEGwrerRrVZCQ3wLi5om1L
638,639,639,germline_variant,Inferential,FTZUsnbP3NqV8v8EjtFZjdMmJZY4zkKl
639,640,640,germline_variant,Inferential,FTZUsnbP3NqV8v8EjtFZjdMmJZY4zkKl
640,641,641,germline_variant,Inferential,FTZUsnbP3NqV8v8EjtFZjdMmJZY4zkKl
641,642,642,germline_variant,Inferential,FTZUsnbP3NqV8v8EjtFZjdMmJZY4zkKl
642,643,643,germline_variant,Inferential,FTZUsnbP3NqV8v8EjtFZjdMmJZY4zkKl
643,644,644,germline_variant,Inferential,FTZUsnbP3NqV8v8EjtFZjdMmJZY4zkKl
644,645,645,germline_variant,Inferential,ilce3GzeWaqnJVKmNUEd3v6eoMiSTPoO
645,646,646,germline_variant,Inferential,ilce3GzeWaqnJVKmNUEd3v6eoMiSTPoO
646,647,647,germline_variant,Inferential,ilce3GzeWaqnJVKmNUEd3v6eoMiSTPoO
647,648,648,germline_variant,Inferential,ilce3GzeWaqnJVKmNUEd3v6eoMiSTPoO
648,649,649,germline_variant,Inferential,ilce3GzeWaqnJVKmNUEd3v6eoMiSTPoO
649,650,650,germline_variant,Inferential,ilce3GzeWaqnJVKmNUEd3v6eoMiSTPoO
650,651,651,germline_variant,Clinical evidence,21Dsk-EMxHX39g74q25xvvwO0y6DTj1W
651,652,652,germline_variant,Guideline,THAXOo7-mz_eN5W-vv9xZGamw58EmHma
652,653,653,germline_variant,Clinical evidence,feFkHIOWV4kBvbDHVewGLa52U8ZBt9Uo
653,654,654,germline_variant,Clinical evidence,5hzaroMLJ0ZYEpcpsH_2Jt9jLyW62MHv
654,655,655,germline_variant,Clinical evidence,8a97VEsDPJlUYwi12rRMrX0ja--y-7s0
655,656,656,germline_variant,Clinical evidence,V4cNsne3fi9U4ltWfeWWDzBlQrltDesX
656,657,657,germline_variant,Clinical evidence,F7zlpK1aGWOtp2A7EKFHY-lwGa6sLGlW
657,658,658,germline_variant,Guideline,ePwF4HUueh4CDT4Fxx3p_FzUvSYJTnFf
658,659,659,germline_variant,Clinical evidence,YE6iArMHoqQTYye9NvkzKXEx6PnSJJRS
659,660,660,germline_variant,Clinical evidence,nPlW3oUsnH8RsPwmBn5DYqJ5SpVVWyHk
660,661,661,germline_variant,Clinical evidence,7FfPdZhemh1yAvAlb0t3RPP19sMnmGSt
661,662,662,germline_variant,Clinical evidence,8l7P2RiSHxqU-HPz72HlADsaB-FZpopo
662,663,663,germline_variant,Guideline,3pVcUSn2TP2EYFaiK_5i35sV05y6prGD
663,664,664,germline_variant,Clinical evidence,3pVcUSn2TP2EYFaiK_5i35sV05y6prGD
664,665,665,germline_variant,Guideline,jgShxgLTJ-JqPQvcTY1vXcN96mP2jg9B
665,666,666,germline_variant,Clinical evidence,jgShxgLTJ-JqPQvcTY1vXcN96mP2jg9B
666,667,667,germline_variant,Clinical evidence,ZxJsfglPn5R3PK7xWe0iHZU12tNzy7dr
667,668,668,germline_variant,Inferential,YN2piIPmeWA9OCjbxrEEqwEB8mszLEz6
668,669,669,germline_variant,Inferential,YN2piIPmeWA9OCjbxrEEqwEB8mszLEz6
669,670,670,germline_variant,Inferential,YN2piIPmeWA9OCjbxrEEqwEB8mszLEz6
670,671,671,germline_variant,Inferential,YN2piIPmeWA9OCjbxrEEqwEB8mszLEz6
671,672,672,germline_variant,Inferential,YN2piIPmeWA9OCjbxrEEqwEB8mszLEz6
672,673,673,germline_variant,Inferential,YN2piIPmeWA9OCjbxrEEqwEB8mszLEz6
673,674,674,germline_variant,Clinical evidence,YN2piIPmeWA9OCjbxrEEqwEB8mszLEz6
674,675,675,germline_variant,Clinical evidence,Fv4BCIYPFhRfungqi_N6TmguXE0WH24-
675,676,676,germline_variant,Guideline,bJVsfKgRGP1_heiIBOg4iQuNHVYBWeIV
676,677,677,germline_variant,Clinical evidence,27HW2aK6sjk6t2gSVaNdzZJFNDciObUG
677,678,678,germline_variant,Clinical evidence,l8Mac3EePI09odrKvjqIWAxUM2BZZvCk
678,679,679,germline_variant,Clinical evidence,ATwZUNIHq-0tiSDCPIrs0oWwPLFeBhP1
679,680,680,germline_variant,Clinical evidence,4L1PBseo1wfJZrv8O-7TmdGpUjXB0bn-
680,681,681,germline_variant,Inferential,lZBFySeQVGi5w-ninMEISorE9ZMsZ6V4
681,682,682,germline_variant,Inferential,lZBFySeQVGi5w-ninMEISorE9ZMsZ6V4
682,683,683,germline_variant,Inferential,lZBFySeQVGi5w-ninMEISorE9ZMsZ6V4
683,684,684,germline_variant,Inferential,lZBFySeQVGi5w-ninMEISorE9ZMsZ6V4
684,685,685,germline_variant,Inferential,lZBFySeQVGi5w-ninMEISorE9ZMsZ6V4
685,686,686,germline_variant,Inferential,lZBFySeQVGi5w-ninMEISorE9ZMsZ6V4
686,687,687,germline_variant,Inferential,Jon_uyZtkLScJPl8h5GjWeRukH0tf74W
687,688,688,germline_variant,Inferential,Jon_uyZtkLScJPl8h5GjWeRukH0tf74W
688,689,689,germline_variant,Inferential,Jon_uyZtkLScJPl8h5GjWeRukH0tf74W
689,690,690,germline_variant,Inferential,Jon_uyZtkLScJPl8h5GjWeRukH0tf74W
690,691,691,germline_variant,Inferential,Jon_uyZtkLScJPl8h5GjWeRukH0tf74W
691,692,692,germline_variant,Inferential,Jon_uyZtkLScJPl8h5GjWeRukH0tf74W
692,693,693,germline_variant,Clinical evidence,oX9oFrniePyXTvJAEBLfobxCSqw90-Ah
693,694,694,germline_variant,Clinical evidence,U9J8YephCXjisrsIcdan_Emo95gGJcE3
694,695,695,copy_number,Guideline,3UARkl5LfrN5fT94YHt3JJwST92U91uz
695,696,696,copy_number,Guideline,3UARkl5LfrN5fT94YHt3JJwST92U91uz
696,697,697,copy_number,Guideline,3UARkl5LfrN5fT94YHt3JJwST92U91uz
697,698,698,copy_number,Inferential,3UARkl5LfrN5fT94YHt3JJwST92U91uz
698,699,699,copy_number,Preclinical,CeJMcYcphCXn-bteHK_zsq9jIpL1TzCu
699,700,700,copy_number,Preclinical,Dr1Pm_KfeOKKaCenc1fK59tzRBS8X2f5
700,701,701,copy_number,Preclinical,Dr1Pm_KfeOKKaCenc1fK59tzRBS8X2f5
701,702,702,copy_number,Preclinical,LNk2MJMn6OLtrRs6g6UfsfVNa6KrSieZ
702,703,703,copy_number,Preclinical,XQAdwR8KFJH995whMh9cQy_rrFOZrJVZ
703,704,704,copy_number,Clinical evidence,XQAdwR8KFJH995whMh9cQy_rrFOZrJVZ
704,705,705,copy_number,Clinical trial,3fbbonDJNdNcr5acoLv0MtyEiDeVZWWz
705,706,706,copy_number,Clinical evidence,V8Xp2jT6S4Np9RxPpmPsFrQtcxJ8liKO
706,707,707,copy_number,Inferential,erQTbU6o86oQAhrgM-ieT__HGvqpvTXQ
707,708,708,copy_number,Preclinical,t3cnVbVv4PV3pP0q6nM4Py3-AT23EgRH
708,709,709,copy_number,Inferential,xyIijRLbdp3BEX7NVe-RYPxh9hjXsiE4
709,710,710,copy_number,Inferential,xyIijRLbdp3BEX7NVe-RYPxh9hjXsiE4
710,711,711,copy_number,Inferential,xyIijRLbdp3BEX7NVe-RYPxh9hjXsiE4
711,712,712,copy_number,Inferential,xyIijRLbdp3BEX7NVe-RYPxh9hjXsiE4
712,713,713,copy_number,Inferential,xyIijRLbdp3BEX7NVe-RYPxh9hjXsiE4
713,714,714,copy_number,Inferential,xyIijRLbdp3BEX7NVe-RYPxh9hjXsiE4
714,715,715,copy_number,Guideline,T5cW9UjmAyhaP33lAlUh43LvA-3El6g_
715,716,716,copy_number,Guideline,T5cW9UjmAyhaP33lAlUh43LvA-3El6g_
716,717,717,copy_number,Clinical trial,T5cW9UjmAyhaP33lAlUh43LvA-3El6g_
717,718,718,copy_number,Inferential,T5cW9UjmAyhaP33lAlUh43LvA-3El6g_
718,719,719,copy_number,Preclinical,OgxJA8FALeGBbvyhGOz1AOUhqdRIhqUi
719,720,720,copy_number,Inferential,OgxJA8FALeGBbvyhGOz1AOUhqdRIhqUi
720,721,721,copy_number,Clinical evidence,zvZDCL2E643p_i5AGwHYZJpgH6HSvEoE
721,722,722,copy_number,Inferential,80SDHA3Db1z3OnImrevHR_FA861fOMJy
722,723,723,copy_number,Clinical evidence,ZO_qzPYa7oeSr1RbB-_s9x9GFiw91YEQ
723,724,724,copy_number,Clinical evidence,NSLxLV_fyl-wrLW2tZmkcruj_f59uIXk
724,725,725,copy_number,Clinical trial,PWxJ97XlgUgdA5hvLmyZENRIL9pTYY84
725,726,726,copy_number,FDA-Approved,PWxJ97XlgUgdA5hvLmyZENRIL9pTYY84
726,727,727,copy_number,FDA-Approved,PWxJ97XlgUgdA5hvLmyZENRIL9pTYY84
727,728,728,copy_number,FDA-Approved,PWxJ97XlgUgdA5hvLmyZENRIL9pTYY84
728,729,729,copy_number,FDA-Approved,PWxJ97XlgUgdA5hvLmyZENRIL9pTYY84
729,730,730,copy_number,FDA-Approved,PWxJ97XlgUgdA5hvLmyZENRIL9pTYY84
730,731,731,copy_number,FDA-Approved,PWxJ97XlgUgdA5hvLmyZENRIL9pTYY84
731,732,732,copy_number,FDA-Approved,PWxJ97XlgUgdA5hvLmyZENRIL9pTYY84
732,733,733,copy_number,FDA-Approved,PWxJ97XlgUgdA5hvLmyZENRIL9pTYY84
733,734,734,copy_number,Inferential,PWxJ97XlgUgdA5hvLmyZENRIL9pTYY84
734,735,735,copy_number,FDA-Approved,PWxJ97XlgUgdA5hvLmyZENRIL9pTYY84
735,736,736,copy_number,Inferential,PWxJ97XlgUgdA5hvLmyZENRIL9pTYY84
736,737,737,copy_number,Preclinical,PWxJ97XlgUgdA5hvLmyZENRIL9pTYY84
737,738,738,copy_number,FDA-Approved,PWxJ97XlgUgdA5hvLmyZENRIL9pTYY84
738,739,739,copy_number,FDA-Approved,PWxJ97XlgUgdA5hvLmyZENRIL9pTYY84
739,740,740,copy_number,FDA-Approved,PWxJ97XlgUgdA5hvLmyZENRIL9pTYY84
740,741,741,copy_number,FDA-Approved,PWxJ97XlgUgdA5hvLmyZENRIL9pTYY84
741,742,742,copy_number,FDA-Approved,PWxJ97XlgUgdA5hvLmyZENRIL9pTYY84
742,743,743,copy_number,Clinical evidence,weGHSrqx0QS-NrripohiTUuTiDNNoOc4
743,744,744,copy_number,Preclinical,QUgvpsBVla7Lh9uG-eRTql6e8RlNx71H
744,745,745,copy_number,Preclinical,M3nhslwAOtH53_1qKxTkH1lYwXjgZ_z9
745,746,746,copy_number,Preclinical,M3nhslwAOtH53_1qKxTkH1lYwXjgZ_z9
746,747,747,copy_number,Preclinical,M3nhslwAOtH53_1qKxTkH1lYwXjgZ_z9
747,748,748,copy_number,Preclinical,M3nhslwAOtH53_1qKxTkH1lYwXjgZ_z9
748,749,749,copy_number,Preclinical,MGV952wNyKzNH1M_SPLM-PVk54BkamV2
749,750,750,copy_number,Preclinical,MGV952wNyKzNH1M_SPLM-PVk54BkamV2
750,751,751,copy_number,Preclinical,MGV952wNyKzNH1M_SPLM-PVk54BkamV2
751,752,752,copy_number,Preclinical,MGV952wNyKzNH1M_SPLM-PVk54BkamV2
752,753,753,copy_number,Inferential,uonXJa8H4gY7Ay1b8W1psh3jIqUOVxfE
753,754,754,copy_number,Preclinical,QK1QwEI-gqzynERzSoude81D7x2kxLcr
754,755,755,copy_number,Guideline,qzEKvMFpbE_dfFT3A7K0oAlHz8_3MGyB
755,756,756,copy_number,Preclinical,qY1hkAVQG0Rzug6qT9e_iHiZXkGJF2nv
756,757,757,copy_number,Guideline,R35AqGG9zRzldKwKJlajqNkczld38vfF
757,758,758,copy_number,Guideline,R35AqGG9zRzldKwKJlajqNkczld38vfF
758,759,759,copy_number,Inferential,R35AqGG9zRzldKwKJlajqNkczld38vfF
759,760,760,copy_number,Clinical trial,R35AqGG9zRzldKwKJlajqNkczld38vfF
760,761,761,copy_number,Preclinical,uUp9ABPT-hM_4tBjdvlwWI0RMJts9aQf
761,762,762,copy_number,Preclinical,9E5bTdeGqbNenIh4t_rrGMVf9gjnKPX1
762,763,763,copy_number,Inferential,Sj19h0R_coV0BU0eTv0lMcdxo9bZ_Sa1
763,764,764,copy_number,Clinical evidence,DoCDvxtUDIVzKgHZWvZKh4CChw6FfQgK
764,765,765,copy_number,Clinical evidence,mDdd33FKFo4rC3PzUHOXa_m3JEEQFJ7G
765,766,766,copy_number,Clinical evidence,R4mFLnFtoISZrSFmZlG9EntqEqBho3N9
766,767,767,copy_number,Clinical evidence,R4mFLnFtoISZrSFmZlG9EntqEqBho3N9
767,768,768,copy_number,Clinical evidence,m_HMIzkE0ILVPJoX_nUV5mxKvK7tvXen
768,769,769,copy_number,Clinical trial,cRpyTEraUGrqwN___mV56-fawkFH0JsS
769,770,770,copy_number,Preclinical,Z1mXZIPM8quzVjDEYT6mUUg-lESJFbOw
770,771,771,copy_number,Clinical evidence,Z1mXZIPM8quzVjDEYT6mUUg-lESJFbOw
771,772,772,copy_number,Preclinical,Z1mXZIPM8quzVjDEYT6mUUg-lESJFbOw
772,773,773,copy_number,Clinical evidence,Z1mXZIPM8quzVjDEYT6mUUg-lESJFbOw
773,774,774,copy_number,Clinical evidence,Z1mXZIPM8quzVjDEYT6mUUg-lESJFbOw
774,775,775,copy_number,Inferential,Z1mXZIPM8quzVjDEYT6mUUg-lESJFbOw
775,776,776,copy_number,Inferential,Z1mXZIPM8quzVjDEYT6mUUg-lESJFbOw
776,777,777,copy_number,Guideline,74sefftfAAoATyozxpxnrY04hp90_Uqc
777,778,778,copy_number,Guideline,m6p11DBVPA6m-IqiCaWNm7ySAPFiSH-L
778,779,779,copy_number,Preclinical,JLAZczXVHfBwLGHa-KBJZtp_6zU7BdkL
779,780,780,microsatellite_stability,FDA-Approved,_qME1HhQ3VL9-nJaeABduePIk-j5Uyk6
780,781,781,microsatellite_stability,FDA-Approved,_qME1HhQ3VL9-nJaeABduePIk-j5Uyk6
781,782,782,microsatellite_stability,Guideline,_qME1HhQ3VL9-nJaeABduePIk-j5Uyk6
782,783,783,microsatellite_stability,Guideline,_qME1HhQ3VL9-nJaeABduePIk-j5Uyk6
783,784,784,microsatellite_stability,Clinical trial,_qME1HhQ3VL9-nJaeABduePIk-j5Uyk6
784,785,785,mutational_signature,Inferential,AwM9nDPIpr7YowswfQXFGyzfasozK57U
785,786,786,mutational_signature,Inferential,AwM9nDPIpr7YowswfQXFGyzfasozK57U
786,787,787,mutational_signature,Inferential,AwM9nDPIpr7YowswfQXFGyzfasozK57U
787,788,788,mutational_signature,Inferential,c4J9uOmpFVZQdVNfi70J9yxKrhbg5t22
788,789,789,mutational_signature,Inferential,c4J9uOmpFVZQdVNfi70J9yxKrhbg5t22
789,790,790,mutational_signature,Inferential,iHDc_UI_nbuUzcFpLt12ut33nVRgxCHV
790,791,791,mutational_signature,Inferential,iHDc_UI_nbuUzcFpLt12ut33nVRgxCHV
791,792,792,mutational_signature,Inferential,iHDc_UI_nbuUzcFpLt12ut33nVRgxCHV
792,793,793,mutational_signature,Inferential,iHDc_UI_nbuUzcFpLt12ut33nVRgxCHV
793,794,794,mutational_signature,Inferential,iHDc_UI_nbuUzcFpLt12ut33nVRgxCHV
794,795,795,mutational_signature,Inferential,iHDc_UI_nbuUzcFpLt12ut33nVRgxCHV
795,796,796,mutational_signature,Inferential,c0-fFq7I9C8ewqyIgF--xqtBs-NsIQ3H
796,797,797,mutational_signature,Inferential,c0-fFq7I9C8ewqyIgF--xqtBs-NsIQ3H
797,798,798,mutational_signature,Inferential,AQx9wU3ZoKWC1AsxXVR7zp3j3Jc_3oEy
798,799,799,mutational_signature,Inferential,iHDc_UI_nbuUzcFpLt12ut33nVRgxCHV
799,800,800,mutational_signature,Inferential,iHDc_UI_nbuUzcFpLt12ut33nVRgxCHV
800,801,801,mutational_signature,Inferential,iHDc_UI_nbuUzcFpLt12ut33nVRgxCHV
801,802,802,mutational_burden,Guideline,pwhZHcviSpPBLad6obnKFXhgAtKDmikL
802,803,803,mutational_burden,Guideline,pwhZHcviSpPBLad6obnKFXhgAtKDmikL
803,804,804,mutational_burden,Clinical evidence,ryGtTBd4EjtjpbKqJ55hDUkqExqzqdqC
804,805,805,mutational_burden,Clinical evidence,Tl_B-ZBISvRGHqhGmL2CjGLC5Y4di4Ya
805,806,806,mutational_burden,Clinical evidence,Tl_B-ZBISvRGHqhGmL2CjGLC5Y4di4Ya
806,807,807,mutational_burden,FDA-Approved,b9OBidL21xz3Dwfimm_xfmzguxamU73i
807,808,808,knockdown,Preclinical,dZee9tR8S4Jgah8pAl4H9snoiUIGK_bV
808,809,809,knockdown,Preclinical,9xY2CBWXld8pgsFxHuyVI2ayo5pnBU3e
809,810,810,knockdown,Preclinical,9LjwcHsiQCrcsdPOKDUFlf9c2FeQFW0t
810,811,811,knockdown,Preclinical,xY1YU5jpfTD2fYyNMPUtFpz1NNXiJDVc
811,812,812,knockdown,Preclinical,z64w90G04OJx9JxXyOQ1ElrsEuyfcHCG
812,813,813,knockdown,Preclinical,xzM96S3TIukTFcAEchPwfvGWMut1vzXQ
813,814,814,knockdown,Preclinical,xzM96S3TIukTFcAEchPwfvGWMut1vzXQ
814,815,815,knockdown,Preclinical,qBmw_GPx-qxsgbfKpdb0wMW59yYvockY
815,816,816,knockdown,Preclinical,-wXUbReZ-RA1agFn4-QMIYsmhXT5HIeW
816,817,817,knockdown,Preclinical,hpQ2C3U-k90SPunc0qVsOZBH2SeODr3K
817,818,818,aneuploidy,Inferential,KQivIa013MUHQuIDflTvQHwNCggzGsv2
818,819,819,somatic_variant,FDA-Approved,IpbUYvcvcPuvnET_IyVv-Yi_IUKddyvg
819,820,820,somatic_variant,FDA-Approved,Ys-a1dxwRj4Uueg2IDQn0AgUO2tfVLj6
820,821,821,somatic_variant,FDA-Approved,m1oGkcWStk01eMRCcK2ZOVThWzNpKoe-
821,822,822,somatic_variant,FDA-Approved,Ys-a1dxwRj4Uueg2IDQn0AgUO2tfVLj6
822,823,823,somatic_variant,FDA-Approved,m1oGkcWStk01eMRCcK2ZOVThWzNpKoe-
823,824,824,microsatellite_stability,Clinical trial,_qME1HhQ3VL9-nJaeABduePIk-j5Uyk6
824,825,825,microsatellite_stability,FDA-Approved,_qME1HhQ3VL9-nJaeABduePIk-j5Uyk6
825,826,826,germline_variant,Clinical trial,5UD28MjD2bPMEnlA6enWWTEftU7JVXzi
826,827,827,germline_variant,Clinical trial,5UD28MjD2bPMEnlA6enWWTEftU7JVXzi
827,828,828,germline_variant,Clinical trial,5UD28MjD2bPMEnlA6enWWTEftU7JVXzi
828,829,829,germline_variant,Clinical trial,i3K0tcuhFKzBkb4jkwHaU0_NLz4NKKJj
829,830,830,germline_variant,Clinical trial,i3K0tcuhFKzBkb4jkwHaU0_NLz4NKKJj
830,831,831,germline_variant,Clinical trial,i3K0tcuhFKzBkb4jkwHaU0_NLz4NKKJj
831,832,832,knockdown,Preclinical,8RSPRMrLRNeBjC2jsgde7Sjdkx43MQTu
832,833,833,knockdown,Preclinical,y7LQKBHvLkNfxOeTgHSYo5FXBUkQMpDF
833,834,834,rearrangement,FDA-Approved,NYuMCpmACzH4eNbnrJV-n2iEiuZQqYTq
834,835,835,somatic_variant,Inferential,X4AWLMyiEUCuqnyjXXFAvX2Nw1FrBqOn
835,836,836,somatic_variant,Inferential,-oC69-xj6Ke8jj0tYp3jacloI80rYfiU
836,837,837,somatic_variant,Inferential,X4AWLMyiEUCuqnyjXXFAvX2Nw1FrBqOn
837,838,838,somatic_variant,Inferential,-oC69-xj6Ke8jj0tYp3jacloI80rYfiU
838,839,839,somatic_variant,Inferential,1P0QPdZ8A6GYuaR2VNbC1BuiQL0LxAHU
839,840,840,somatic_variant,Inferential,X2oeIbQJg8b9Nejtb8iwBfz67SfOGCIg
840,841,841,somatic_variant,Inferential,1P0QPdZ8A6GYuaR2VNbC1BuiQL0LxAHU
841,842,842,somatic_variant,Inferential,X2oeIbQJg8b9Nejtb8iwBfz67SfOGCIg
842,843,843,somatic_variant,Clinical evidence,1P0QPdZ8A6GYuaR2VNbC1BuiQL0LxAHU
843,844,844,somatic_variant,Clinical evidence,X2oeIbQJg8b9Nejtb8iwBfz67SfOGCIg
844,845,845,somatic_variant,Preclinical,ea2qIglmJkm8aY2xGC1uXn4WeiOi5U8U
845,846,846,somatic_variant,Preclinical,P-Yipc2TvmaRgnUAp55FjaT-LTUt3Yfc
846,847,847,copy_number,Inferential,23u2I1H20RgKGqj0zxFgbpiRH4rbn7M0
847,848,848,copy_number,Inferential,jLD_tOKaW8wX5P2RiZ7EkMT8yBzfA_U_
848,849,849,copy_number,Inferential,3fbbonDJNdNcr5acoLv0MtyEiDeVZWWz
849,850,850,copy_number,Clinical evidence,3fbbonDJNdNcr5acoLv0MtyEiDeVZWWz
850,851,851,copy_number,Clinical evidence,OgxJA8FALeGBbvyhGOz1AOUhqdRIhqUi
851,852,852,copy_number,Inferential,3ZPmhQucEgPWkaRLg9viECM4O4pEg-BU
852,853,853,copy_number,Inferential,79fbnkO5RYJXNUSA0LUY6lMMym1p-DhU
853,854,854,copy_number,Inferential,79fbnkO5RYJXNUSA0LUY6lMMym1p-DhU
854,855,855,copy_number,Inferential,79fbnkO5RYJXNUSA0LUY6lMMym1p-DhU
855,856,856,copy_number,Inferential,PMy_2m_A1l972wdetzk4ImGTh9MP71nx
856,857,857,copy_number,Clinical evidence,UYE-1dofAcf0kc44xdOY2hxwkMNUzjl7
857,858,858,copy_number,Inferential,s8SpNzXJuTJlGEqC0Rk-zd8ke9l4fq00
858,859,859,copy_number,Inferential,Z1mXZIPM8quzVjDEYT6mUUg-lESJFbOw
859,860,860,copy_number,Inferential,Z1mXZIPM8quzVjDEYT6mUUg-lESJFbOw
860,861,861,copy_number,Preclinical,LwEU_0YQA4iVchOdEiBrq_RmIciU-9EW
861,862,862,rearrangement,FDA-Approved,MpJsmn4LCLMXDsTNTTlyV5t3fKAnsJzL
862,863,863,rearrangement,FDA-Approved,eq1HXqfjp621aqJX2pZS-B4n8dNJmNm_
863,864,864,rearrangement,FDA-Approved,uk5_7GGejzt90de1xhJ0JBb7imfJakOa
864,865,865,somatic_variant,FDA-Approved,m1oGkcWStk01eMRCcK2ZOVThWzNpKoe-
865,866,866,somatic_variant,FDA-Approved,Ys-a1dxwRj4Uueg2IDQn0AgUO2tfVLj6
866,867,867,somatic_variant,FDA-Approved,xEngbInsi1BKQp2pVFi44N8CYLj6ZEkD
867,868,868,somatic_variant,FDA-Approved,fqvuveTjuO96HizOsbWgFQmfF76lGtdl
868,869,869,somatic_variant,FDA-Approved,1JInmjKzPW9V9q9UKen4VODk1drBadA2
869,870,870,somatic_variant,FDA-Approved,txWE0iDd8r36tzSRZw9tyMcMz9-L5M0g
870,871,871,copy_number,FDA-Approved,PWxJ97XlgUgdA5hvLmyZENRIL9pTYY84
871,872,872,somatic_variant,FDA-Approved,qXCY7CGzeFBIDXYsc18tEVBImkWB_43E
872,873,873,somatic_variant,FDA-Approved,IpbUYvcvcPuvnET_IyVv-Yi_IUKddyvg
873,874,874,somatic_variant,FDA-Approved,OQ7B9XkAYOPvcmJES3ULOTn7Ai9ZQec9
874,875,875,somatic_variant,FDA-Approved,3CBFHlLnAU0h_OurUo6SY_Wlo04P03N5
875,876,876,germline_variant,FDA-Approved,FIxwaPFCjwTm8QpOz99YTKVPmeViiPRj
876,877,877,germline_variant,FDA-Approved,vJ-aBSTK3UlEGwrerRrVZCQ3wLi5om1L
877,878,878,germline_variant,FDA-Approved,FIxwaPFCjwTm8QpOz99YTKVPmeViiPRj
878,879,879,germline_variant,FDA-Approved,vJ-aBSTK3UlEGwrerRrVZCQ3wLi5om1L
879,880,880,germline_variant,FDA-Approved,FIxwaPFCjwTm8QpOz99YTKVPmeViiPRj
880,881,881,germline_variant,FDA-Approved,vJ-aBSTK3UlEGwrerRrVZCQ3wLi5om1L
881,882,882,somatic_variant,FDA-Approved,7zzfuvoUDCwT7KOdkc_J6v15iCWlSdHo
882,883,883,somatic_variant,FDA-Approved,la1NEYWBdiIyc7pFY3WCEc07SMmRbHYv
883,884,884,somatic_variant,FDA-Approved,OQ7B9XkAYOPvcmJES3ULOTn7Ai9ZQec9
884,885,885,somatic_variant,FDA-Approved,3CBFHlLnAU0h_OurUo6SY_Wlo04P03N5
885,886,886,somatic_variant,FDA-Approved,2oHle2wihNcrEMNDkHRMtZ9y9o822--L
886,887,887,somatic_variant,FDA-Approved,fGmSXmL03h92tz1U9l3puJKrp6BKJd5Z
887,888,888,somatic_variant,FDA-Approved,mPC4szjbEkf6R9N7LNhZ1Tbf5-1seh8u
888,889,889,somatic_variant,FDA-Approved,c3CkYcMt4ssh4AL4gpacJtFil8xl2TB2
889,890,890,somatic_variant,FDA-Approved,uAW4cOXId1N1MKo5fqHYdw9JGceCMmE5
890,891,891,somatic_variant,FDA-Approved,B5m8cSgi6w2xRCg0X_dPpQU2dwbvtXk1
891,892,892,somatic_variant,FDA-Approved,YLXf4Q8yr45bD0I_v6nkpDjBFuGPdFbd
892,893,893,somatic_variant,FDA-Approved,I4I_C5W3WTcrJrDzfwB2fGzi3asCjwy9
893,894,894,germline_variant,FDA-Approved,5UD28MjD2bPMEnlA6enWWTEftU7JVXzi
894,895,895,somatic_variant,FDA-Approved,OQ7B9XkAYOPvcmJES3ULOTn7Ai9ZQec9
895,896,896,germline_variant,FDA-Approved,i3K0tcuhFKzBkb4jkwHaU0_NLz4NKKJj
896,897,897,somatic_variant,FDA-Approved,3CBFHlLnAU0h_OurUo6SY_Wlo04P03N5
897,898,898,microsatellite_stability,FDA-Approved,_qME1HhQ3VL9-nJaeABduePIk-j5Uyk6
