variant_id	gene_name	variant_name	civic_variant_types	category	variant_accepted
4170	VHL			Transcript Variants	False
4417	ALK	 FBXO11::ALK		Fusion Variants	False
4214	VHL			Transcript Variants	False
4216	VHL			Transcript Variants	False
4278	VHL			Transcript Variants	False
4232	BRCA1			Transcript Variants	False
3196	VHL		Stop Lost	Transcript Variants	False
2930	VHL			Transcript Variants	True
4188	VHL	10kb Deletion		Region Defined Variants	False
785	CHEK2	1100DELC	Frameshift Truncation	Sequence Variants	True
3083	VHL			Transcript Variants	False
4186	VHL	2kb Deletion		Region Defined Variants	False
823	EPCAM	3' Exon Deletion	Disruptive Inframe Deletion	Region Defined Variants	True
433	HIF1A	3' UTR Polymorphism	3 Prime UTR Variant;Snp	Region Defined Variants	True
3102	VHL			Transcript Variants	False
2367	VHL	3p26.3-25.3 11Mb del		Region Defined Variants	True
265	TYMS	5' TANDEM REPEAT	5 Prime UTR Variant;Short Tandem Repeat Variation	Other Variants	True
2390	MAP2K1	56_61QKQKVG>R		Rearrangement Variants	False
4187	VHL	5kb Deletion		Region Defined Variants	False
2729	TP53	A129		Sequence Variants	False
2979	KRAS	A146		Sequence Variants	True
3195	VHL	A149fs (c.444dup)	Plus 1 Frameshift Variant;Frameshift Truncation	Copy Number Variants	False
2482	VHL			Transcript Variants	False
2023	VHL			Transcript Variants	True
2962	RUNX1			Transcript Variants	False
2442	VHL			Transcript Variants	False
2265	VHL			Transcript Variants	True
2144	VHL	A56fs (c.166dup)	Plus 1 Frameshift Variant	Copy Number Variants	True
1579	EGFR	A767_V769dupASV	Inframe Insertion	Copy Number Variants	True
780	GLI1	ACTB::GLI1	Gene Fusion;Transcript Fusion	Fusion Variants	True
3702	NTRK2	AFAP1::NTRK2	Transcript Fusion	Fusion Variants	True
2577	PDGFRB	AGGF1::PDGFRB C843G	Missense Variant;Transcript Fusion	Fusion Variants	False
285	BRAF	AGK::BRAF	Transcript Fusion	Fusion Variants	True
184	BRAF	AKAP9::BRAF	Transcript Fusion	Fusion Variants	True
1307	TP53	ALTERATION		Region Defined Variants	True
2211	BAP1	ALTERNATIVE TRANSCRIPT (ATI)		Other Variants	True
2772	NRG1	APP::NRG1	Transcript Fusion	Fusion Variants	True
3460	AR	AR alternative transcripts		Other Variants	False
3622	TFE3	ASPSCR1::TFE3	Transcript Fusion	Fusion Variants	False
2846	JAK2	ATF7IP::JAK2	Transcript Fusion	Fusion Variants	True
2632	PDGFRB	ATF7IP::PDGFRB	Transcript Fusion	Fusion Variants	False
2178	NRG1	ATP1B1::NRG1	Transcript Fusion	Fusion Variants	True
1296	CTNNB1	Activating Mutation	Transcript Variant;Gain Of Function Variant	Gene Function Variants	True
2649	KRAS	Activating Mutation		Gene Function Variants	False
2657	ERBB2	Activating Mutation	Gene Variant;Gain Of Function Variant	Gene Function Variants	False
3737	EZH2	Activating Mutation		Gene Function Variants	True
839	ALK	Alternative Transcript (ATI)		Other Variants	True
3510	BCL2L11	Alternative splicing		Other Variants	False
709	BRCA1	Alu insertion		Rearrangement Variants	True
461	PML	B2 DOMAIN MUTATION	Missense Variant	Region Defined Variants	True
3312	FGFR1	BAG4::FGFR1	Transcript Fusion	Fusion Variants	False
3251	BCOR	BCOR::CCNB3	Transcript Fusion	Fusion Variants	False
1	ABL1	BCR::ABL	Transcript Fusion	Fusion Variants	True
1612	ABL1	BCR::ABL A397P	Missense Variant;Transcript Fusion	Fusion Variants	True
2900	ABL1	BCR::ABL D363G	Missense Variant;Transcript Fusion	Fusion Variants	True
1532	ABL1	BCR::ABL D421G	Missense Variant;Transcript Fusion	Fusion Variants	True
2890	ABL1	BCR::ABL E255K V299L	Transcript Fusion	Fusion Variants	True
1173	ABL1	BCR::ABL E255V	Missense Variant;Transcript Fusion	Fusion Variants	True
1526	ABL1	BCR::ABL E279K	Missense Variant;Transcript Fusion	Fusion Variants	True
2886	ABL1	BCR::ABL E279K	Missense Variant;Transcript Fusion	Fusion Variants	True
2887	ABL1	BCR::ABL E292L	Missense Variant;Transcript Fusion	Fusion Variants	True
1183	ABL1	BCR::ABL E292V	Missense Variant;Transcript Fusion	Fusion Variants	True
1487	ABL1	BCR::ABL E355G	Missense Variant;Transcript Fusion	Fusion Variants	True
2948	ABL1	BCR::ABL E450Q	Missense Variant;Transcript Fusion	Fusion Variants	True
1534	ABL1	BCR::ABL E450V	Missense Variant;Transcript Fusion	Fusion Variants	True
1536	ABL1	BCR::ABL E453A	Missense Variant;Transcript Fusion	Fusion Variants	True
1535	ABL1	BCR::ABL E453K	Missense Variant;Transcript Fusion	Fusion Variants	True
1509	ABL1	BCR::ABL E453Q	Missense Variant;Transcript Fusion	Fusion Variants	True
2370	ABL1	BCR::ABL E459K	Missense Variant;Transcript Fusion	Fusion Variants	True
2901	ABL1	BCR::ABL E98G	Missense Variant;Transcript Fusion	Fusion Variants	True
1528	ABL1	BCR::ABL F311L	Missense Variant;Transcript Fusion	Fusion Variants	True
2359	ABL1	BCR::ABL F317C	Missense Variant;Transcript Fusion	Fusion Variants	True
1625	ABL1	BCR::ABL F317I	Missense Variant;Transcript Fusion	Fusion Variants	True
2888	ABL1	BCR::ABL F317R	Missense Variant;Transcript Fusion	Fusion Variants	True
2343	ABL1	BCR::ABL F317S	Missense Variant;Transcript Fusion	Fusion Variants	True
1184	ABL1	BCR::ABL F359C	Missense Variant;Transcript Fusion	Fusion Variants	True
1523	ABL1	BCR::ABL F359I	Missense Variant;Transcript Fusion	Fusion Variants	True
892	ABL1	BCR::ABL F359V	Missense Variant;Transcript Fusion	Fusion Variants	True
1152	ABL1	BCR::ABL F486S	Missense Variant;Transcript Fusion	Fusion Variants	True
1233	ABL1	BCR::ABL G398R	Missense Variant;Transcript Fusion	Fusion Variants	True
1531	ABL1	BCR::ABL H396P	Missense Variant;Transcript Fusion	Fusion Variants	True
1030	ABL1	BCR::ABL H396R	Missense Variant;Transcript Fusion	Fusion Variants	True
1533	ABL1	BCR::ABL I432T	Missense Variant;Transcript Fusion	Fusion Variants	False
2340	ABL1	BCR::ABL L248R	Missense Variant;Transcript Fusion	Fusion Variants	True
2889	ABL1	BCR::ABL L248R and F359I	Missense Variant;Transcript Fusion	Fusion Variants	True
1022	ABL1	BCR::ABL L248V	Missense Variant;Transcript Fusion	Fusion Variants	True
2902	ABL1	BCR::ABL L364I	Missense Variant;Transcript Fusion	Fusion Variants	True
1530	ABL1	BCR::ABL L364P	Missense Variant;Transcript Fusion	Fusion Variants	True
1230	ABL1	BCR::ABL L384M	Missense Variant;Transcript Fusion	Fusion Variants	True
1232	ABL1	BCR::ABL L387F	Missense Variant;Transcript Fusion	Fusion Variants	True
1488	ABL1	BCR::ABL L387M	Missense Variant;Transcript Fusion	Fusion Variants	True
1021	ABL1	BCR::ABL M244V	Missense Variant;Transcript Fusion	Fusion Variants	True
2949	ABL1	BCR::ABL M244V and L364I	Missense Variant;Transcript Fusion	Fusion Variants	True
1524	ABL1	BCR::ABL M343T	Missense Variant;Transcript Fusion	Fusion Variants	True
2954	ABL1	BCR::ABL M388L	Missense Variant;Transcript Fusion	Fusion Variants	True
2951	ABL1	BCR::ABL N146S	Missense Variant;Transcript Fusion	Fusion Variants	True
1529	ABL1	BCR::ABL N331S	Missense Variant;Transcript Fusion	Fusion Variants	True
1640	ABL1	BCR::ABL N336S	Missense Variant;Transcript Fusion	Fusion Variants	True
1537	ABL1	BCR::ABL P480A	Missense Variant;Transcript Fusion	Fusion Variants	True
1024	ABL1	BCR::ABL Q252H	Missense Variant;Transcript Fusion	Fusion Variants	True
1600	ABL1	BCR::ABL Q252R	Missense Variant;Transcript Fusion	Fusion Variants	False
1527	ABL1	BCR::ABL Q300R	Missense Variant;Transcript Fusion	Fusion Variants	True
1613	ABL1	BCR::ABL S417Y	Missense Variant;Transcript Fusion	Fusion Variants	True
2953	ABL1	BCR::ABL S438C	Missense Variant;Transcript Fusion	Fusion Variants	True
2335	ABL1	BCR::ABL T315A	Missense Variant;Transcript Fusion	Fusion Variants	True
2885	ABL1	BCR::ABL T315V	Missense Variant;Transcript Fusion	Fusion Variants	True
2952	ABL1	BCR::ABL V298I	Missense Variant;Transcript Fusion	Fusion Variants	True
1231	ABL1	BCR::ABL V299L	Missense Variant;Transcript Fusion	Fusion Variants	True
1609	ABL1	BCR::ABL V379I	Missense Variant;Transcript Fusion	Fusion Variants	True
1026	ABL1	BCR::ABL Y253F	Missense Variant;Transcript Fusion	Fusion Variants	True
2909	ABL1	BCR::ABL Y253F	Missense Variant;Transcript Fusion	Fusion Variants	True
4467	ABL1	BCR::ABL mutations		Fusion Variants	False
4497	FGFR1	BCR::FGFR1		Fusion Variants	False
2860	JAK2	BCR::JAK2	Transcript Fusion	Fusion Variants	True
2971	PDGFRA	BCR::PDGFRA	Transcript Fusion	Fusion Variants	True
594	CEBPA	BIALLELIC INACTIVATION	Loss Of Function Variant	Other Variants	True
656	BRAF	BRAF::CUL1	Transcript Fusion	Fusion Variants	True
719	BRD4	BRD4::NUTM1	Transcript Fusion	Fusion Variants	True
532	PALB2	Biallelic Inactivation	Loss Of Function Variant	Other Variants	True
2391	MAP2K1	C121S and G128D		Sequence Variants	False
3170	VHL			Transcript Variants	False
4181	VHL			Transcript Variants	False
4108	VHL			Transcript Variants	False
2132	VHL	C77fs (c.228dup)		Copy Number Variants	True
3245	VHL			Transcript Variants	True
2769	ALK	CAD::ALK	Transcript Fusion	Fusion Variants	True
2630	CBFA2T3	CBFA2T3::GLIS2	Transcript Fusion	Fusion Variants	False
431	CBFB	CBFB::MYH11	Transcript Fusion	Fusion Variants	True
626	RET	CCDC6::RET	Transcript Fusion	Fusion Variants	True
3385	CD44	CD44s		Expression	False
341	CD44	CD44s Expression	N/A	Expression	True
3386	CD44	CD44v5 and CD44v6		Expression	False
3373	CD44	CD44v6		Other Variants	True
3388	CD44	CD44v6 and CD44v10		Expression	False
3387	CD44	CD44v6+/CD44s-		Expression	False
3369	CD44	CD44v8-10		Expression	False
3368	CD44	CD44v9		Other Variants	False
3367	CD44	CD4v8-v10 and CD44v3-v10		Expression	False
2771	NRG1	CD74::NRG1	Transcript Fusion	Other Variants	False
465	ROS1	CD74::ROS1 G2032R	Missense Variant;Transcript Fusion	Other Variants	True
518	ROS1	CD74::ROS1 G2101A	Missense Variant;Transcript Fusion	Other Variants	True
516	ROS1	CD74::ROS1 L2026M	Missense Variant;Transcript Fusion	Other Variants	True
517	ROS1	CD74::ROS1 L2155S	Missense Variant;Transcript Fusion	Other Variants	True
3474	CEACAM1	CEACAM1-L		Other Variants	False
3475	CEACAM1	CEACAM1-S		Other Variants	False
3270	ABL1	CENPC::ABL1	Transcript Fusion	Fusion Variants	True
3252	CIC	CIC::DUX4	Transcript Fusion	Fusion Variants	False
3987	CIC	CIC::LEUTX 		Fusion Variants	False
520	ALK	CLTC::ALK	Transcript Fusion	Fusion Variants	True
3991	PDGFB	COL1A1-PDGFB fusion		Fusion Variants	True
2972	PDGFB	COL1A1::PDGFB	Transcript Fusion	Fusion Variants	True
1300	TP53	CONSERVED DOMAIN MUT		Other Variants	True
821	HLA-C	COPY-NEUTRAL LOSS OF HETEROZYGOSITY		Genotype Variants	True
599	CTLA4	CTLA4::CD28	Transcript Fusion	Fusion Variants	True
2229	BRAF	CUX1::BRAF	Transcript Fusion	Fusion Variants	True
447	FGF13	CYTOPLASMIC EXPRESSION	N/A	Expression	True
1283	CDK2	CYTOPLASMIC EXPRESSION	N/A	Expression	False
360	CDKN1B	CYTOPLASMIC MISLOCALIZATION	N/A	Other Variants	True
3408	TEK	Cis double mutants		Other Variants	False
2800	BRAF	Class 2 Mutations		Other Variants	False
2801	BRAF	Class 3 Mutations		Other Variants	False
191	EGFR	Copy Number Variation	Copy Number Change	Copy Number Variants	True
3567	VHL			Transcript Variants	False
2553	VHL			Transcript Variants	True
3156	VHL			Transcript Variants	False
1918	VHL		Inframe Insertion	Transcript Variants	True
3179	VHL			Transcript Variants	False
4207	VHL			Transcript Variants	False
4153	VHL			Transcript Variants	False
1844	VHL			Transcript Variants	True
2734	TP53	D184		Sequence Variants	False
2479	VHL			Transcript Variants	False
3260	VHL			Transcript Variants	False
2767	BRAF	D594		Sequence Variants	False
746	MLH1	D667FS	Frameshift Truncation	Sequence Variants	True
2673	EPHB2			Transcript Variants	False
437	FLT3	D835	Protein Altering Variant	Sequence Variants	True
3231	FLT3	D835 & I836		Sequence Variants	False
613	FLT3	D835H/Y	Missense Variant	Sequence Variants	True
943	PDGFRA	D842_H845DELDIMH		Rearrangement Variants	True
3360	VHL			Transcript Variants	False
2963	RUNX1			Transcript Variants	False
4495	ALK	DCTN1::ALK		Fusion Variants	False
2394	NTRK1	DDR2::NTRK1	Transcript Fusion	Fusion Variants	True
2706	DEK	DEK::AFF2	Transcript Fusion	Fusion Variants	False
522	BRAF	DEL 485-490	Inframe Deletion	Region Defined Variants	True
954	KIT	DEL 554-558	Inframe Deletion	Region Defined Variants	False
647	LRP1B	DELETION	Transcript Ablation	Gene Function Variants	True
1663	BRAF	DELNVTAP	Inframe Deletion	Other Variants	False
2685	DGKH	DGKH::ZFAND3	Transcript Fusion	Fusion Variants	False
242	TP53	DNA Binding Domain Mutation	Dna Binding Site	Region Defined Variants	True
31	PRKACA	DNAJB1::PRKACA	Transcript Fusion	Fusion Variants	True
738	DPYD	DPYD*13 HOMOZYGOSITY	Missense Variant	Genotype Variants	True
737	DPYD	DPYD*2A HOMOZYGOSITY	Splice Donor Variant	Genotype Variants	True
2589	DUX4	DUX4::IGH	Transcript Fusion	Fusion Variants	False
3509	AIMP2	DX2		Sequence Variants	False
334	VEGFA	Decreased Peri-therapeutic Expression	N/A	Expression	True
221	TP53	Deleterious Mutation	N/A	Region Defined Variants	True
200	IKZF1	Deletion	Transcript Ablation	Gene Function Variants	True
213	PTEN	Deletion	Transcript Ablation	Gene Function Variants	True
250	GSTP1	Deletion	Transcript Ablation	Gene Function Variants	True
646	SMAD4	Deletion	Transcript Ablation	Gene Function Variants	True
696	SMARCB1	Deletion	Transcript Ablation	Gene Function Variants	True
856	CREBBP	Deletion		Gene Function Variants	False
1982	SUFU	Deletion		Gene Function Variants	False
1983	PTCH1	Deletion		Gene Function Variants	False
2654	CDKN2A	Deletion		Gene Function Variants	True
2932	VHL	Deletion		Gene Function Variants	True
3309	ATRX	Deletion	Deletion	Gene Function Variants	True
4314	CDKN2B	Deletion		Gene Function Variants	False
4316	PAX5	Deletion		Gene Function Variants	False
4317	ERG	Deletion		Gene Function Variants	False
4479	BRCA2	Deletion		Gene Function Variants	False
4480	TP53	Deletion		Gene Function Variants	False
4192	VHL			Transcript Variants	False
4193	VHL			Transcript Variants	False
4194	VHL			Transcript Variants	False
526	BCL2L11	Deletion Polymorphism	Polymorphic Sequence Variant	Region Defined Variants	True
3009	ABL1	Double Ph		Rearrangement Variants	True
725	MLH1	E13fs	Minus 1 Frameshift Variant;Frameshift Truncation	Sequence Variants	True
4155	VHL			Transcript Variants	False
2529	VHL			Transcript Variants	False
2730	TP53	E204		Sequence Variants	False
4234	VHL			Transcript Variants	False
763	MSH2	E28FS	Frameshift Elongation	Sequence Variants	True
4275	VHL			Transcript Variants	False
2763	PIK3CA	E545		Sequence Variants	True
3635	VHL			Transcript Variants	False
4077	VHL			Transcript Variants	False
2301	VHL			Transcript Variants	False
3744	VHL			Transcript Variants	False
3654	VHL			Transcript Variants	False
3328	FLT3	E573Î”		Other Variants	False
1544	FLT3	E611_F612INS25		Sequence Variants	False
2258	EGFR	E709A and G719C		Sequence Variants	False
2256	EGFR	E709K and G719A		Sequence Variants	False
1577	EGFR	E709_T710>D	Inframe Insertion	Rearrangement Variants	False
3036	VHL			Transcript Variants	False
2538	VHL			Transcript Variants	False
2304	VHL			Transcript Variants	False
4161	VHL			Transcript Variants	False
1635	EGFR	E746_A750>IP		Rearrangement Variants	False
1433	EGFR	E746_S752>A		Rearrangement Variants	False
1003	EGFR	E746_T751>I		Rearrangement Variants	True
2310	VHL			Transcript Variants	False
2847	JAK2	EBF1::JAK2	Transcript Fusion	Fusion Variants	True
535	PDGFRB	EBF1::PDGFRB	Transcript Fusion	Fusion Variants	True
3484	FN1	EDB		Other Variants	False
4294	EGFR	EGFR::BRAF		Fusion Variants	False
4283	EGFR	EGFR::PPARGC1A		Fusion Variants	False
4282	EGFR	EGFR::PURB		Fusion Variants	False
2203	EGFR	EGFR::RAD51	Transcript Fusion	Fusion Variants	True
4241	EGFR	EGFR::SEPT14		Fusion Variants	True
4343	EGFR	EGFR::VSTM2A		Fusion Variants	False
4344	EGFR	EGFR::WIF1		Fusion Variants	False
4418	EGFR	EGFR::YAP1		Fusion Variants	False
4286	EGFR	EGFR::ZNF713		Fusion Variants	False
4447	EGFR	EGFR::ZNF880		Fusion Variants	False
1516	EGFR	EGFRVIII		Gene Function Variants	False
5	ALK	EML4::ALK	Transcript Fusion	Fusion Variants	True
501	ALK	EML4::ALK e2-e20	Transcript Fusion	Fusion Variants	True
500	ALK	EML4::ALK e20-e20	Transcript Fusion	Fusion Variants	True
3204	ALK	EML4::ALK e6-e19	Transcript Fusion	Fusion Variants	False
503	ALK	EML4::ALK e6-e20	Transcript Fusion	Fusion Variants	True
4299	NTRK3	EML4::NTRK3		Fusion Variants	True
2750	ALK	EML6::ALK	Transcript Fusion	Fusion Variants	False
2670	EPHB2	EPHB2		Sequence Variants	False
4308	ALK	ERC1::ALK		Fusion Variants	False
2575	ABL1	ETV6::ABL1	Transcript Fusion	Fusion Variants	True
2859	JAK2	ETV6::JAK2	Transcript Fusion	Fusion Variants	True
3700	NTRK1	ETV6::NTRK1	Transcript Fusion	Fusion Variants	True
2396	NTRK2	ETV6::NTRK2	Transcript Fusion	Fusion Variants	True
801	NTRK3	ETV6::NTRK3	Transcript Fusion	Fusion Variants	True
805	NTRK3	ETV6::NTRK3 G623R	Missense Variant;Transcript Fusion	Fusion Variants	True
3140	ETV6	ETV6::RUNX1	Transcript Fusion	Fusion Variants	True
2943	EWSR1	EWSR1-ATF1		Fusion Variants	False
4005	EWSR1	EWSR1-ERG		Fusion Variants	False
3054	EWSR1	EWSR1::ATF1	Transcript Fusion	Fusion Variants	False
717	DDIT3	EWSR1::DDIT3	Transcript Fusion	Fusion Variants	True
194	ERG	EWSR1::ERG	Transcript Fusion	Fusion Variants	True
706	EWSR1	EWSR1::FLI1	Transcript Fusion	Fusion Variants	True
164	FLI1	EWSR1::FLI1 e7-e6	Transcript Fusion	Fusion Variants	True
2385	EWSR1	EWSR1::NR4A3	Transcript Fusion	Fusion Variants	False
2941	EWSR1	EWSR1::WT1	Transcript Fusion	Fusion Variants	False
2472	VHL	EXON 1-2 DELETION and BRK1 DELETION		Region Defined Variants	False
303	STK11	EXON 1-2 MUTATION	Exon Variant	Region Defined Variants	True
2893	DPYD	EXON 11-19 DELETION	Inframe Deletion	Region Defined Variants	True
86	NPM1	EXON 12 MUTATION	Exon Variant	Region Defined Variants	True
557	ASXL1	EXON 12 MUTATION	Exon Variant	Region Defined Variants	True
266	LRP1B	EXON 12-22 DELETION	Exon Loss Variant	Region Defined Variants	True
74	KRAS	EXON 2 Mutations		Region Defined Variants	False
1940	VHL	EXON 2-3 DELETION		Region Defined Variants	True
559	CALR	EXON 9 FRAMESHIFT	Exon Variant	Other Variants	True
25	CDK4	EXPRESSION	N/A	Expression	True
57	GATA2	EXPRESSION	N/A	Expression	True
158	AURKA	EXPRESSION	N/A	Expression	True
182	BAP1	EXPRESSION	N/A	Expression	True
278	AKT2	EXPRESSION	N/A	Expression	True
316	TGFA	EXPRESSION	N/A	Expression	True
318	EREG	EXPRESSION	N/A	Expression	True
326	CBLC	EXPRESSION	N/A	Expression	True
328	DEFA1	EXPRESSION	N/A	Expression	True
335	DNMT1	EXPRESSION	N/A	Expression	True
337	PDCD4	EXPRESSION	N/A	Expression	True
339	TFF3	EXPRESSION	N/A	Expression	True
342	EGF	EXPRESSION	N/A	Expression	True
343	MDM2	EXPRESSION	N/A	Expression	True
344	HMOX1	EXPRESSION	N/A	Expression	True
355	CDKN1A	EXPRESSION	N/A	Expression	True
356	ALCAM	EXPRESSION	N/A	Expression	True
357	STMN1	EXPRESSION	N/A	Expression	True
361	ERBB3	EXPRESSION	N/A	Expression	True
363	UGT1A	EXPRESSION	N/A	Expression	True
365	ERBB4	EXPRESSION	N/A	Expression	True
366	SLFN11	EXPRESSION	N/A	Expression	True
372	CDKN1B	EXPRESSION	N/A	Expression	True
373	AGR2	EXPRESSION	N/A	Expression	True
380	IGF1R	EXPRESSION	N/A	Expression	True
381	EPHB4	EXPRESSION	N/A	Expression	True
383	TOP2A	EXPRESSION	N/A	Expression	True
384	TOP1	EXPRESSION	N/A	Expression	True
386	HSPA5	EXPRESSION	N/A	Expression	True
389	TUBB3	EXPRESSION	N/A	Expression	True
392	CFLAR	EXPRESSION	N/A	Expression	True
393	PROM1	EXPRESSION	N/A	Expression	True
394	FOXP3	EXPRESSION	N/A	Expression	True
398	DUSP6	EXPRESSION	N/A	Expression	True
400	HSPB1	EXPRESSION	N/A	Expression	True
401	NQO1	EXPRESSION	N/A	Expression	True
405	CXCR4	EXPRESSION	N/A	Expression	True
406	MAGEH1	EXPRESSION	N/A	Expression	True
410	CDX2	EXPRESSION	N/A	Expression	True
412	POU5F1	EXPRESSION	N/A	Expression	True
423	HLA-DRA	EXPRESSION	N/A	Expression	True
429	KIT	EXPRESSION	N/A	Expression	True
444	NEDD9	EXPRESSION	N/A	Expression	True
474	CIP2A	EXPRESSION	N/A	Expression	True
476	MIR218-1	EXPRESSION	N/A	Expression	True
492	ECSCR	EXPRESSION	N/A	Expression	True
493	ROBO4	EXPRESSION	N/A	Expression	True
537	RB1	EXPRESSION	N/A	Expression	True
546	ACTA1	EXPRESSION	N/A	Expression	True
624	MKI67	EXPRESSION	N/A	Expression	True
625	RAD23B	EXPRESSION	N/A	Expression	True
651	AXL	EXPRESSION	N/A	Expression	True
652	GAS6	EXPRESSION	N/A	Expression	True
660	HIF1A	EXPRESSION	N/A	Expression	True
662	MLH1	EXPRESSION	N/A	Expression	True
670	MYCL	EXPRESSION	N/A	Expression	True
671	HGF	EXPRESSION	N/A	Expression	True
673	FGF2	EXPRESSION	N/A	Expression	True
700	KIF23	EXPRESSION	N/A	Expression	True
857	NTRK3	EXPRESSION	N/A	Expression	False
1258	PTPRF	EXPRESSION	N/A	Expression	False
1262	MDM4	EXPRESSION		Expression	False
1284	DCC	EXPRESSION		Expression	True
2163	CTLA4	EXPRESSION	N/A	Expression	False
2207	PDCD1LG2	EXPRESSION		Expression	False
2208	LAG3	EXPRESSION		Expression	False
2594	ASCL1	EXPRESSION		Expression	False
2984	CXCL10	EXPRESSION		Expression	False
3042	CDK6	EXPRESSION		Expression	True
3330	TCF19	EXPRESSION		Expression	False
1854	EGFR	Ex19 del L858R	Missense Variant;Inframe Deletion	Region Defined Variants	True
2870	VHL	Exon 1 (Frameshift)		Other Variants	False
844	VHL	Exon 1 Deletion	Exon Loss Variant	Region Defined Variants	True
2465	VHL	Exon 1 del (151nt)		Region Defined Variants	False
845	VHL	Exon 1-2 Deletion	Exon Loss Variant	Region Defined Variants	True
843	VHL	Exon 1-3 Deletion	Exon Loss Variant	Region Defined Variants	True
4169	VHL			Transcript Variants	False
106	PIK3CA	Exon 10 Mutation	Exon Variant	Region Defined Variants	True
1991	PIK3CA	Exon 10 and Exon 21 Mutation		Region Defined Variants	True
3311	PIK3CA	Exon 10 or Exon 21 Mutation		Region Defined Variants	True
66	KIT	Exon 11 Mutation	Coding Sequence Variant	Region Defined Variants	True
2643	KIT	Exon 13 Mutation		Region Defined Variants	True
69	KIT	Exon 14 Mutation	Exon Variant	Region Defined Variants	True
2778	MET	Exon 14 Mutation		Region Defined Variants	False
324	MET	Exon 14 Skipping Mutation	Exon Loss Variant	Region Defined Variants	True
2650	BRAF	Exon 15 Mutation		Region Defined Variants	True
2623	PDGFRA	Exon 18 Mutation		Region Defined Variants	True
375	EGFR	Exon 18 Overexpression	Exon Variant	Other Variants	True
2257	EGFR	Exon 18 deletion		Region Defined Variants	False
133	EGFR	Exon 19 Deletion	Inframe Deletion	Region Defined Variants	True
1938	VHL	Exon 2 Deletion		Region Defined Variants	True
75	KRAS	Exon 2 Mutation	Missense Variant	Region Defined Variants	True
1971	VHL	Exon 2-3 Deletion		Region Defined Variants	False
726	EGFR	Exon 20 Insertion	Inframe Insertion	Other Variants	True
2854	ERBB2	Exon 20 Insertion		Other Variants	True
105	PIK3CA	Exon 21 Mutation	Exon Variant	Region Defined Variants	True
1939	VHL	Exon 3 Deletion		Region Defined Variants	True
1973	VHL	Exon 3 Deletion		Region Defined Variants	False
2047	CTNNB1	Exon 3 Deletion		Region Defined Variants	False
2892	CTNNB1	Exon 3 Mutation		Region Defined Variants	True
3749	VHL	Exon 3 Variant		Region Defined Variants	False
4250	VHL			Transcript Variants	False
4245	VHL			Transcript Variants	False
252	EGFR	Exon 4 Deletion	Exon Loss Variant	Region Defined Variants	True
350	SETBP1	Exon 4 Mutation	Exon Variant	Region Defined Variants	True
550	ALK	Exon 4-11 Deletion	Inframe Deletion	Region Defined Variants	True
129	WT1	Exon 7 Mutation	Exon Variant	Region Defined Variants	True
130	WT1	Exon 9 Mutation	Exon Variant	Region Defined Variants	True
509	KIT	Exon 9 Mutation	Exon Variant	Region Defined Variants	True
3100	VHL	Exon Deletion		Region Defined Variants	False
19	CCND1	Expression	N/A	Expression	True
210	PGR	Expression	N/A	Expression	True
268	FGFR1	Expression	N/A	Expression	True
276	CD274	Expression	N/A	Expression	True
313	PTEN	Expression	N/A	Expression	True
314	NRG1	Expression	N/A	Expression	True
315	AREG	Expression	N/A	Expression	True
329	ERCC1	Expression	N/A	Expression	True
354	EGFR	Expression	N/A	Expression	True
376	ZEB1	Expression	N/A	Expression	True
397	BRCA1	Expression	N/A	Expression	True
533	SMAD4	Expression	N/A	Expression	True
683	PAX8	Expression	N/A	Expression	True
2209	DLL3	Expression		Expression	False
2595	HDAC2	Expression		Expression	False
2914	ALK	Expression		Expression	False
2966	MGMT	Expression	N/A	Expression	False
2993	CDK5	Expression		Expression	False
3014	CSF1R	Expression		Expression	False
3319	BTK	Expression		Expression	False
3320	BLK	Expression		Expression	False
3992	STAT1	Expression		Expression	False
4336	FLT3LG	Expression		Expression	False
4422	TBXT	Expression		Expression	False
3984	VHL			Transcript Variants	False
3363	VHL			Transcript Variants	False
3295	VHL			Transcript Variants	False
2558	VHL			Transcript Variants	False
3143	VHL			Transcript Variants	False
3129	VHL			Transcript Variants	False
2621	KIT	F506_F508DUP		Copy Number Variants	True
4083	VHL			Transcript Variants	False
4082	VHL			Transcript Variants	False
2271	VHL			Transcript Variants	False
4081	VHL			Transcript Variants	False
3577	VHL			Transcript Variants	False
3157	VHL			Transcript Variants	True
2018	VHL			Transcript Variants	False
2158	VHL	F76fs (c.222_225dup)	Plus 1 Frameshift Variant	Copy Number Variants	False
1912	VHL	F76fs (c.223_224insT)	Frameshift Truncation	Copy Number Variants	True
3632	VHL			Transcript Variants	False
1893	VHL			Transcript Variants	True
2656	BRAF	FAM131B::BRAF	Transcript Fusion	Fusion Variants	False
2987	BRAF	FAM73A::BRAF	Transcript Fusion	Fusion Variants	False
2743	FGFR1	FGFR1OP2::FGFR1	Transcript Fusion	Fusion Variants	True
4498	FGFR1	FGFR1OP::FGFR1		Fusion Variants	False
783	FGFR2	FGFR2::AHCYL1	Transcript Fusion	Fusion Variants	True
782	FGFR2	FGFR2::BICC1	Transcript Fusion	Fusion Variants	True
52	FGFR2	FGFR2::MGEA5	Transcript Fusion	Fusion Variants	True
54	FGFR2	FGFR2::TACC3	Transcript Fusion	Fusion Variants	True
53	FGFR3	FGFR3::BAIAP2L1	Transcript Fusion	Fusion Variants	True
830	FGFR3	FGFR3::TACC3	Transcript Fusion	Fusion Variants	True
574	PDGFRA	FIP1L1::PDGFRA	Transcript Fusion	Fusion Variants	True
577	PDGFRA	FIP1L1::PDGFRA T674I	Missense Variant;Transcript Fusion	Fusion Variants	True
4468	ALK	FN1::ALK		Fusion Variants	False
2682	ABL1	FOXP1::ABL1	Transcript Fusion	Fusion Variants	True
667	MEN1	FRAMESHIFT TRUNCATION	Frameshift Truncation	Sequence Variants	True
722	DDIT3	FUS::DDIT3	Transcript Fusion	Fusion Variants	True
575	ROS1	FUSIONS		Fusion Variants	False
428	MRE11	Frameshift	Frameshift Variant	Sequence Variants	True
2812	MBD4	Frameshift		Sequence Variants	False
124	TSC1	Frameshift Truncation	Frameshift Truncation	Sequence Variants	True
419	NTRK1	Fusion	Transcript Fusion	Fusion Variants	True
499	ALK	Fusion	Transcript Fusion	Fusion Variants	True
524	DUX4	Fusion	Transcript Fusion	Fusion Variants	True
567	PDGFRA	Fusion	Transcript Fusion	Fusion Variants	True
568	PDGFRB	Fusion	Transcript Fusion	Fusion Variants	True
569	FGFR1	Fusion	Transcript Fusion	Fusion Variants	True
1277	NTRK3	Fusion	Transcript Fusion	Fusion Variants	True
1687	RET	Fusion	Transcript Fusion	Fusion Variants	True
1691	FGFR3	Fusion	Transcript Fusion	Fusion Variants	True
2202	FGFR2	Fusion	Transcript Fusion	Fusion Variants	True
2286	NRG1	Fusion		Fusion Variants	True
2566	ABL1	Fusion		Fusion Variants	False
2571	ABL2	Fusion		Fusion Variants	True
2572	JAK2	Fusion		Fusion Variants	False
2639	BRAF	Fusion		Fusion Variants	False
2640	NTRK2	Fusion		Fusion Variants	True
2693	ROS1	Fusion	Transcript Fusion	Fusion Variants	True
2779	STAT6	Fusion	Transcript Fusion	Fusion Variants	False
2806	KMT2A	Fusion		Fusion Variants	False
2830	ETV1	Fusion		Fusion Variants	False
3081	RAF1	Fusion		Fusion Variants	False
3315	TP53	Fusion		Fusion Variants	False
3957	RASGRF1	Fusion		Fusion Variants	False
3637	VHL			Transcript Variants	False
2252	VHL			Transcript Variants	False
2266	VHL			Transcript Variants	False
2551	VHL			Transcript Variants	False
3085	VHL			Transcript Variants	False
4084	VHL			Transcript Variants	False
2073	VHL			Transcript Variants	False
4174	VHL			Transcript Variants	False
2455	VHL			Transcript Variants	True
2129	VHL			Transcript Variants	True
2153	VHL			Transcript Variants	False
76	KRAS	G12	Protein Altering Variant	Sequence Variants	True
92	NRAS	G12	Missense Variant	Sequence Variants	True
77	KRAS	G12/G13	Protein Altering Variant	Sequence Variants	True
596	NRAS	G12/G13	Protein Altering Variant	Sequence Variants	True
2135	VHL		Frameshift Variant	Transcript Variants	True
3099	VHL			Transcript Variants	False
80	KRAS	G13	Missense Variant;Inframe Insertion	Sequence Variants	True
4172	VHL			Transcript Variants	False
4211	VHL			Transcript Variants	False
2319	VHL			Transcript Variants	False
2320	VHL			Transcript Variants	False
1949	VHL			Transcript Variants	True
2721	TP53	G245		Sequence Variants	False
2724	TP53	G266		Sequence Variants	False
3736	VHL			Transcript Variants	False
2961	RUNX1			Transcript Variants	False
3587	H3-3A	G34		Sequence Variants	False
3046	VHL			Transcript Variants	False
3742	KIT	G3BP2::KIT	Transcript Fusion	Fusion Variants	False
2822	BRAF	G469		Sequence Variants	True
3469	NTRK1	G595R and G667S		Sequence Variants	True
2768	BRAF	G596		Sequence Variants	False
730	MLH1	G606FS*2	Frameshift Truncation	Sequence Variants	True
718	EGFR	G719	Protein Altering Variant	Sequence Variants	True
1557	ERBB2	G776INSV_G/C	Inframe Insertion	Sequence Variants	False
4488	ERBB2	G776_V777>VCV		Rearrangement Variants	False
817	ERBB2	G778_P780DUP	Inframe Insertion	Copy Number Variants	True
4486	ERBB2	G778_P780dup		Copy Number Variants	False
3033	RET	G810		Sequence Variants	False
3263	VHL			Transcript Variants	False
2097	VHL		Frameshift Variant	Transcript Variants	True
1812	VHL		Frameshift Variant	Transcript Variants	False
3214	JAK2	GOLGA5::JAK2	Transcript Fusion	Fusion Variants	True
2395	NTRK1	GON4L::NTRK1	Transcript Fusion	Fusion Variants	True
2770	ROS1	GOPC::ROS1	Transcript Fusion	Fusion Variants	True
4240	TYR	GRCh37/hg19 11q14.3(chr11:88960991-88961138)x160		Copy Number Variants	False
3305	TNFRSF17	Gain		Copy Number Variants	False
4424	TBXT	Gain		Copy Number Variants	False
2061	ACVR1	Gain-of-Function		Other Variants	True
2172	MTOR	Gain-of-Function		Other Variants	False
1765	EGFR	Gain-of-function		Other Variants	True
2346	MLH1			Transcript Variants	False
3766	PIK3CA	H1047L or H1047R		Sequence Variants	True
4185	VHL			Transcript Variants	False
2136	VHL			Transcript Variants	True
4093	VHL			Transcript Variants	False
2328	VHL			Transcript Variants	False
2581	NCOA2	HEY1::NCOA2	Transcript Fusion	Fusion Variants	True
4405	ALK	HIP1::ALK		Fusion Variants	True
2969	HMGA2	HMGA2::LPP	Transcript Fusion	Fusion Variants	False
3597	DDR2	High expression		Expression	False
1965	VHL		Frameshift Variant	Transcript Variants	False
527	ALK	I1171	Missense Variant	Sequence Variants	True
2095	VHL			Transcript Variants	False
3136	VHL			Transcript Variants	False
2487	VHL			Transcript Variants	False
271	ATR	I774FS	Frameshift Truncation	Sequence Variants	True
3232	FLT3	I836		Sequence Variants	False
765	MSH6	I891FS	Frameshift Truncation	Sequence Variants	True
151	BCL2	IGH::BCL2	Transcript Fusion;Transcript Regulatory Region Fusion	Fusion Variants	True
2663	CRLF2	IGH::CRLF2	Transcript Fusion	Fusion Variants	True
4309	FGFR3	IGHA1::FGFR3	Transcript Fusion	Fusion Variants	False
2744	IKZF1	IKZF1 deletion and mutation		Region Defined Variants	True
2686	IL2RB	IL2RB::MYH9	Transcript Fusion	Fusion Variants	False
218	SMARCA4	INACTIVATING MUTATION	Loss Of Function Variant	Gene Function Variants	True
55	FLT3	ITD	Inframe Insertion	Rearrangement Variants	True
4526	EGFR	ITD 		Rearrangement Variants	False
4527	BCOR	ITD 		Rearrangement Variants	False
3220	FLT3	ITD  N676D		Rearrangement Variants	False
3209	FLT3	ITD & D835(V/Y/F/H)		Rearrangement Variants	False
3211	FLT3	ITD & D839G		Rearrangement Variants	False
3284	FLT3	ITD & L601F		Rearrangement Variants	False
3636	FLT3	ITD & N841K		Rearrangement Variants	False
3118	FLT3	ITD & TKD MUTATIONS		Other Variants	False
3283	FLT3	ITD & Y597F		Rearrangement Variants	False
3210	FLT3	ITD & Y842C		Rearrangement Variants	False
3219	FLT3	ITD D651G		Rearrangement Variants	False
3221	FLT3	ITD I687F		Rearrangement Variants	False
2785	FLT3	ITD N676K		Rearrangement Variants	False
3208	FLT3	ITD&F691(I/L)		Rearrangement Variants	False
788	CHEK2	IVS2+1G>A		Other Variants	True
2674	RB1	IVS20, A-G, -2		Other Variants	False
2895	NUDT15	Inactivating Mutation		Gene Function Variants	False
67	KIT	Internal Duplication	Inframe Insertion	Copy Number Variants	True
2659	FGFR1	Internal Duplication		Copy Number Variants	True
4150	BCOR	Internal tandem duplication		Copy Number Variants	False
4229	BCOR	Internal tandem duplication (ITD)		Other Variants	False
257	EZH2	Intron 6 Mutation	Intron Variant	Region Defined Variants	True
2134	VHL			Transcript Variants	True
2311	VHL			Transcript Variants	False
2722	TP53	K132		Sequence Variants	False
3354	VHL			Transcript Variants	False
4088	VHL			Transcript Variants	False
4089	VHL			Transcript Variants	False
279	NF2	K159fs	Frameshift Truncation	Sequence Variants	True
4100	VHL			Transcript Variants	False
1872	VHL	K159fs (c.473dup)	Frameshift Variant	Copy Number Variants	True
2040	VHL		Frameshift Variant	Transcript Variants	True
2988	PCNA	K164R LOSS-OF-MODIFICATION		Other Variants	False
2327	VHL			Transcript Variants	False
2140	VHL		Frameshift Variant	Transcript Variants	True
2499	VHL			Transcript Variants	False
3476	H3-3A	K27		Sequence Variants	False
3010	ABL1	K356dup		Copy Number Variants	False
3273	MSH3	K383fs		Sequence Variants	False
4177	PDGFRA	K385		Sequence Variants	False
1166	ATM	K468FS	Frameshift Variant	Sequence Variants	True
2765	BRAF	K601		Sequence Variants	False
508	PMS2	K706FS*19	Minus 1 Frameshift Variant	Sequence Variants	True
2964	RUNX1	K90fsX101		Sequence Variants	False
3158	NTRK2	KANK1::NTRK2	Transcript Fusion	Fusion Variants	True
4001	ALK	KANK4::ALK		Fusion Variants	True
618	BRAF	KIAA1549::BRAF	Transcript Fusion	Fusion Variants	True
4300	EGFR	KIF5B::EGFR		Fusion Variants	True
2707	MET	KIF5B::MET	Transcript Fusion	Fusion Variants	False
273	RET	KIF5B::RET	Transcript Fusion	Fusion Variants	True
1689	RET	KIF5B::RET G810A	Transcript Fusion	Fusion Variants	False
1688	RET	KIF5B::RET V804L	Transcript Fusion	Fusion Variants	False
3552	KMT2A	KMT2A::ABI1	Transcript Fusion	Fusion Variants	False
3551	KMT2A	KMT2A::AF10	Transcript Fusion	Fusion Variants	False
3550	KMT2A	KMT2A::AF6	Transcript Fusion	Fusion Variants	False
432	KMT2A	KMT2A::MLLT3	Transcript Fusion	Fusion Variants	True
3117	KMT2A	KMT2A::MLLT4	Transcript Fusion	Fusion Variants	False
2210	ASNS	KMT2E::ASNS	Transcript Fusion	Fusion Variants	False
3471	KRAS	KRAS4A underexpression		Other Variants	False
413	ERBB2	Kinase Domain Mutation	Protein Altering Variant	Region Defined Variants	True
3294	VHL			Transcript Variants	False
2731	TP53	L114		Sequence Variants	False
2312	VHL		Frameshift Truncation	Transcript Variants	False
2381	VHL			Transcript Variants	False
2313	VHL			Transcript Variants	False
1768	VHL			Transcript Variants	True
3172	VHL			Transcript Variants	False
1996	VHL		Frameshift Variant	Transcript Variants	True
2557	VHL			Transcript Variants	False
3119	VHL			Transcript Variants	False
4087	VHL			Transcript Variants	False
3753	VHL			Transcript Variants	False
1960	VHL			Transcript Variants	True
3513	VHL			Transcript Variants	False
4236	VHL			Transcript Variants	False
1802	VHL		Deletion	Transcript Variants	True
2324	VHL			Transcript Variants	False
4160	VHL			Transcript Variants	False
1783	VHL	L158fs (c.471dupT)	Frameshift Variant	Copy Number Variants	True
3278	VHL			Transcript Variants	False
2459	VHL			Transcript Variants	True
4092	VHL			Transcript Variants	False
4238	VHL			Transcript Variants	False
4199	VHL			Transcript Variants	False
4156	VHL			Transcript Variants	False
3480	VHL			Transcript Variants	False
4225	VHL			Transcript Variants	False
2735	TP53	L206		Sequence Variants	False
1318	TP53	L3 Domain Mutation		Region Defined Variants	False
1677	FBXW7	L403FS*34		Sequence Variants	False
541	PALB2	L531FS*30	Minus 1 Frameshift Variant;Snp	Sequence Variants	True
2766	BRAF	L597		Sequence Variants	False
2262	VHL			Transcript Variants	False
2087	VHL			Transcript Variants	False
2997	EGFR	L718V and L718Q		Sequence Variants	False
1011	EGFR	L747_P753>Q		Rearrangement Variants	False
4221	AKT2	L78_Q79ins		Rearrangement Variants	False
2506	VHL			Transcript Variants	False
1925	VHL			Transcript Variants	False
2305	VHL			Transcript Variants	False
1866	EGFR	L861		Sequence Variants	True
3483	LGR5	LGR5FL		Expression	False
1278	NTRK1	LMNA::NTRK1	Transcript Fusion	Fusion Variants	True
1282	NTRK1	LMNA::NTRK1 G595R and G667C	Missense Variant;Transcript Fusion	Fusion Variants	True
302	PTCH1	LOH	Loss Of Heterozygosity	Genotype Variants	True
564	SMAD4	LOSS	Loss Of Function Variant	Gene Function Variants	True
809	MSH6	LOSS	Loss Of Function Variant	Gene Function Variants	True
3659	SMARCB1	LOSS OF NUCLEAR PROTEIN EXPRESSION		Expression	False
2596	LZTR1	LOSS-OF-FUNCTION		Gene Function Variants	False
2755	FUBP1	LOSS-OF-FUNCTION		Gene Function Variants	False
2968	HMGA2	LPP::HMGA2	Transcript Fusion	Fusion Variants	False
3272	ABL1	LSM14A::ABL1	Transcript Fusion	Fusion Variants	True
23	CCND3	Loss	Loss Of Function Variant	Gene Function Variants	True
214	PTEN	Loss	Loss Of Function Variant	Gene Function Variants	True
370	MRE11	Loss	Loss Of Function Variant	Gene Function Variants	True
436	VHL	Loss	Loss Of Function Variant	Gene Function Variants	True
485	STK11	Loss	Loss Of Function Variant	Gene Function Variants	True
554	CDKN2A	Loss	Loss Of Function Variant	Gene Function Variants	True
555	CDKN2B	Loss	Transcript Ablation	Gene Function Variants	True
672	SOX10	Loss	Loss Of Function Variant	Gene Function Variants	True
697	NF2	Loss	Loss Of Function Variant	Gene Function Variants	True
698	NF1	Loss	Loss Of Function Variant	Gene Function Variants	True
808	MSH2	Loss	Loss Of Function Variant	Gene Function Variants	True
853	NBN	Loss	Loss Of Function Variant	Gene Function Variants	False
925	STK11	Loss		Gene Function Variants	False
1876	CIC	Loss		Gene Function Variants	False
1879	ATXN1L	Loss		Gene Function Variants	False
1880	ATM	Loss		Gene Function Variants	False
2212	BAP1	Loss		Gene Function Variants	False
2230	ASS1	Loss		Gene Function Variants	True
2232	FLCN	Loss		Gene Function Variants	False
2234	KMT2D	Loss		Gene Function Variants	False
2365	TF	Loss		Gene Function Variants	False
2644	SMARCA4	Loss		Gene Function Variants	True
2754	PRKN	Loss		Gene Function Variants	False
3202	SMARCB1	Loss	Loss Of Function Variant	Gene Function Variants	True
4310	KDM6A	Loss		Gene Function Variants	False
4452	TP53	Loss		Gene Function Variants	True
125	TSC1	Loss-of-function	Loss Of Function Variant	Gene Function Variants	True
131	BRCA1	Loss-of-function	Loss Of Heterozygosity;Loss Of Function Variant	Gene Function Variants	True
132	BRCA2	Loss-of-function	Loss Of Function Variant	Gene Function Variants	True
159	VHL	Loss-of-function	Loss Of Function Variant	Gene Function Variants	True
167	KMT2D	Loss-of-function	Loss Of Function Variant	Gene Function Variants	True
230	CHEK2	Loss-of-function	Loss Of Function Variant	Gene Function Variants	True
236	CDK12	Loss-of-function	Loss Of Function Variant	Gene Function Variants	True
534	FANCC	Loss-of-function	Loss Of Function Variant	Gene Function Variants	True
601	NOTCH1	Loss-of-function	Loss Of Function Variant	Gene Function Variants	True
606	RB1	Loss-of-function	Loss Of Function Variant	Gene Function Variants	True
637	FBXW7	Loss-of-function	Loss Of Function Variant	Gene Function Variants	True
721	CYP2D6	Loss-of-function	Loss Of Function Variant	Gene Function Variants	True
819	PTPRB	Loss-of-function	Loss Of Function Variant	Gene Function Variants	True
1293	ARID1A	Loss-of-function		Gene Function Variants	True
2171	TSC2	Loss-of-function		Gene Function Variants	False
2219	BARD1	Loss-of-function		Gene Function Variants	True
2235	RASA1	Loss-of-function		Gene Function Variants	True
2236	ATM	Loss-of-function		Gene Function Variants	False
2415	SMAD4	Loss-of-function		Gene Function Variants	False
2424	KMT2C	Loss-of-function		Gene Function Variants	False
2565	PTPN12	Loss-of-function		Gene Function Variants	False
2705	PBRM1	Loss-of-function		Gene Function Variants	False
3316	MEN1	Loss-of-function		Gene Function Variants	False
4269	ATRX	Loss-of-function		Gene Function Variants	False
4543	DICER1	Loss-of-function		Gene Function Variants	False
1247	BRCA2	M1R	Missense Variant	Other Variants	True
3720	VHL			Transcript Variants	False
2497	VHL			Transcript Variants	False
2269	VHL			Transcript Variants	False
2545	VHL			Transcript Variants	False
2473	VHL			Transcript Variants	False
1889	VHL	M54fs (c.161dup)	Plus 1 Frameshift Variant;Frameshift Truncation	Copy Number Variants	True
638	RB1	M695FS*26	Frameshift Truncation	Sequence Variants	True
2227	BRAF	MACF1::BRAF	Transcript Fusion	Fusion Variants	True
3988	MAP3K8	MAP3K8 fusion 		Fusion Variants	False
3148	MEF2D	MEF2D Rearrangement		Rearrangement Variants	False
30	CSF1R	MEF2D::CSF1R	Transcript Fusion	Fusion Variants	True
2894	MET	MET::ATXN7L1	Transcript Fusion	Fusion Variants	True
538	MLH1	METHYLATION	N/A	Epigenetic Modification	True
784	CDKN2B	METHYLATION	N/A	Epigenetic Modification	True
3114	MN1	MN1::CXXC5	Transcript Fusion	Fusion Variants	False
4535	ZFTA	MN1::ZFTA		Fusion Variants	True
217	SMARCA4	MUTATION	Gene Variant;Loss Of Function Variant	Region Defined Variants	True
521	U2AF1	MUTATION	Protein Altering Variant	Region Defined Variants	True
595	SRSF2	MUTATION	Gene Variant	Region Defined Variants	True
623	POT1	MUTATION	Protein Altering Variant;Loss Of Function Variant	Region Defined Variants	True
644	PRDM1	MUTATION	Transcript Variant;Loss Of Function Variant	Region Defined Variants	True
664	CDH1	MUTATION	Transcription Variant	Region Defined Variants	True
665	RHOA	MUTATION	Transcription Variant;Gain Of Function Variant	Region Defined Variants	True
668	KMT2C	MUTATION	Transcription Variant;Loss Of Function Variant	Region Defined Variants	True
669	STAG2	MUTATION	Protein Altering Variant	Region Defined Variants	True
674	EIF1AX	MUTATION	Transcript Variant	Region Defined Variants	True
2169	BTK	MUTATION		Region Defined Variants	True
2170	PLCG2	MUTATION		Region Defined Variants	True
2652	H3-3A	MUTATION		Region Defined Variants	True
2761	ZRSR2	MUTATION		Region Defined Variants	False
2773	RABL3	MUTATION		Region Defined Variants	False
3052	CD79B	MUTATION		Region Defined Variants	False
3138	NPM1	MUTATION		Region Defined Variants	False
3910	ESR1	MUTATION		Region Defined Variants	False
2665	MYB	MYB::GATA1	Transcript Fusion	Fusion Variants	False
4327	MYB	MYB::QKI		Fusion Variants	False
29	CEBPA	Mutation	Transcript Variant;Loss Of Function Variant	Region Defined Variants	True
155	RUNX1	Mutation	Transcript Variant;Loss Of Function Variant	Region Defined Variants	True
157	TET2	Mutation	Gene Variant;Loss Of Function Variant	Region Defined Variants	True
160	VHL	Mutation	Gene Variant;Loss Of Function Variant	Region Defined Variants	True
161	PBRM1	Mutation	Transcription Variant;Loss Of Function Variant	Region Defined Variants	True
163	EZH2	Mutation	Protein Altering Variant	Region Defined Variants	True
174	APC	Mutation		Region Defined Variants	True
177	ASXL1	Mutation	Protein Altering Variant	Region Defined Variants	True
178	ATM	Mutation	Transcription Variant;Loss Of Function Variant	Region Defined Variants	True
183	BAP1	Mutation	Protein Altering Variant;Loss Of Function Variant	Region Defined Variants	True
185	BRCA1	Mutation	Gene Variant;Loss Of Function Variant	Region Defined Variants	True
186	BRCA2	Mutation	Gene Variant;Loss Of Function Variant	Region Defined Variants	True
189	DNMT3A	Mutation	Transcript Variant	Region Defined Variants	True
206	NOTCH1	Mutation	Protein Altering Variant	Region Defined Variants	True
208	NRAS	Mutation	Transcript Variant;Gain Of Function Variant	Region Defined Variants	True
215	SF3B1	Mutation	Protein Altering Variant	Region Defined Variants	True
216	SMAD4	Mutation	Transcript Variant;Loss Of Function Variant	Region Defined Variants	True
222	TP53	Mutation	Protein Altering Variant	Region Defined Variants	True
275	HRAS	Mutation	Coding Transcript Variant	Region Defined Variants	True
277	MTOR	Mutation	Protein Altering Variant	Region Defined Variants	True
281	FBXW7	Mutation	Protein Altering Variant;Loss Of Function Variant	Region Defined Variants	True
297	RIT1	Mutation	Transcript Variant	Region Defined Variants	True
300	SMO	Mutation	Coding Transcript Variant	Region Defined Variants	True
301	PTCH1	Mutation	Gene Variant;Loss Of Function Variant	Region Defined Variants	True
310	ERBB4	Mutation	Transcript Variant;Gain Of Function Variant	Region Defined Variants	True
311	PIK3CA	Mutation	Transcript Variant;Gain Of Function Variant	Region Defined Variants	True
323	MET	Mutation	Transcription Variant;Gain Of Function Variant	Region Defined Variants	True
327	PTPRD	Mutation	Transcript Variant;Loss Of Function Variant	Region Defined Variants	True
336	KRAS	Mutation	Protein Altering Variant	Region Defined Variants	True
388	KIT	Mutation	Transcript Variant	Region Defined Variants	True
399	BRAF	Mutation	Gene Variant;Gain Of Function Variant	Region Defined Variants	True
442	EGFR	Mutation	Inframe Variant	Region Defined Variants	True
505	GNAQ	Mutation		Region Defined Variants	True
506	GNA11	Mutation		Region Defined Variants	True
510	PTEN	Mutation	Protein Altering Variant	Region Defined Variants	True
511	FGFR2	Mutation	Transcript Variant;Gain Of Function Variant	Region Defined Variants	True
512	ALK	Mutation	Gene Variant;Gain Of Function Variant	Region Defined Variants	True
519	FLT3	Mutation	Transcript Variant;Gain Of Function Variant	Region Defined Variants	True
560	CSF3R	Mutation	Protein Altering Variant	Region Defined Variants	True
570	IDH2	Mutation	Protein Altering Variant	Region Defined Variants	True
587	NF1	Mutation	Protein Altering Variant;Loss Of Function Variant	Region Defined Variants	True
600	AR	Mutation	Transcript Variant	Region Defined Variants	True
633	PIK3R1	Mutation	Missense Variant;Gain Of Function Variant	Region Defined Variants	True
645	IDH1	Mutation	Transcript Variant	Region Defined Variants	True
663	BCOR	Mutation	Transcript Variant	Region Defined Variants	True
666	ERBB2	Mutation	Missense Variant	Region Defined Variants	True
713	CRBN	Mutation		Region Defined Variants	True
715	STK11	Mutation	Gene Variant	Region Defined Variants	True
797	POLE	Mutation	Gene Variant	Region Defined Variants	True
799	RB1	Mutation	Gene Variant	Region Defined Variants	True
827	FGFR3	Mutation		Region Defined Variants	True
1690	RET	Mutation		Region Defined Variants	True
2231	FLCN	Mutation		Region Defined Variants	False
2233	BCL2	Mutation		Region Defined Variants	True
2237	KDM5C	Mutation		Region Defined Variants	False
2388	CALR	Mutation		Region Defined Variants	True
2567	ETV6	Mutation		Region Defined Variants	False
2641	FGFR1	Mutation		Region Defined Variants	False
2642	PTPN11	Mutation		Region Defined Variants	False
2692	B2M	Mutation		Region Defined Variants	False
2699	CBL	Mutation		Region Defined Variants	False
2704	CDKN2A	Mutation		Region Defined Variants	True
2749	NFE2L2	Mutation		Region Defined Variants	True
2759	PALB2	Mutation		Region Defined Variants	True
2760	MPL	Mutation		Region Defined Variants	False
2764	CDK12	Mutation		Region Defined Variants	True
2898	NT5C2	Mutation		Region Defined Variants	True
2958	SDHB	Mutation		Region Defined Variants	False
2983	ACVR1	Mutation		Region Defined Variants	True
3072	GATA2	Mutation	Protein Altering Variant	Region Defined Variants	False
3115	GATA1	Mutation		Region Defined Variants	False
3203	ATRX	Mutation		Region Defined Variants	True
3274	PDGFRA	Mutation		Region Defined Variants	True
4018	MS4A1	Mutation		Region Defined Variants	True
4437	PPP2R2A	Mutation		Region Defined Variants	True
4438	RAD54L	Mutation		Region Defined Variants	True
4439	BRIP1	Mutation		Region Defined Variants	True
4440	BARD1	Mutation		Region Defined Variants	True
4441	CHEK1	Mutation		Region Defined Variants	True
4442	FANCL	Mutation		Region Defined Variants	False
4443	RAD51B	Mutation		Region Defined Variants	True
4444	RAD51C	Mutation		Region Defined Variants	False
4445	RAD51D	Mutation		Region Defined Variants	True
4471	ARAF	Mutation		Region Defined Variants	False
4503	RAF1	Mutation		Region Defined Variants	False
4504	MAP2K1	Mutation		Region Defined Variants	False
4505	MAP2K2	Mutation		Region Defined Variants	False
4506	GATA3	Mutation		Region Defined Variants	False
4507	GNAS	Mutation		Region Defined Variants	False
4530	ABL1	Mutation		Region Defined Variants	False
3127	WT1	Mutations		Region Defined Variants	False
28	CEBPA	N-TERMINAL FRAME SHIFT	Frameshift Truncation;Dominant Negative Variant	Sequence Variants	True
1981	VHL			Transcript Variants	False
4271	VHL			Transcript Variants	False
2315	VHL			Transcript Variants	False
2272	VHL			Transcript Variants	False
1823	VHL		Minus 1 Frameshift	Transcript Variants	False
3186	VHL			Transcript Variants	False
2029	VHL		Frameshift Variant	Transcript Variants	True
3493	VHL			Transcript Variants	False
3743	VHL			Transcript Variants	False
3759	VHL			Transcript Variants	False
3317	VHL			Transcript Variants	False
2253	VHL			Transcript Variants	False
4230	VHL			Transcript Variants	False
4474	BRAF	N486_P490 		Sequence Variants	False
3655	VHL			Transcript Variants	False
4078	VHL			Transcript Variants	False
4159	VHL			Transcript Variants	False
2547	VHL			Transcript Variants	False
1581	EGFR	N771>GY		Rearrangement Variants	False
4201	VHL			Transcript Variants	False
2309	VHL			Transcript Variants	False
1320	ERBB2	NON-AMPLIFICATION		Copy Number Variants	False
513	ALK	NPM::ALK	Transcript Fusion	Fusion Variants	True
2883	BRAF	NRF1::BRAF	Transcript Fusion	Fusion Variants	True
340	DKK1	NUCLEAR EXPRESSION	N/A	Expression	True
368	BIRC5	NUCLEAR EXPRESSION	N/A	Expression	True
391	IGF1R	NUCLEAR EXPRESSION	N/A	Expression	True
438	PSMB8	NUCLEAR EXPRESSION	N/A	Expression	True
439	PBK	NUCLEAR EXPRESSION	N/A	Expression	True
490	HSPH1	NUCLEAR EXPRESSION	N/A	Expression	True
494	PIM1	NUCLEAR EXPRESSION	N/A	Expression	True
364	ERBB4	NUCLEAR TRANSLOCATION	N/A	Rearrangement Variants	True
3271	ABL1	NUP153::ABL1	Transcript Fusion	Fusion Variants	True
2660	ABL1	NUP214::ABL1	Transcript Fusion	Fusion Variants	True
3111	NUP98	NUP98::KDM5A	Transcript Fusion	Fusion Variants	False
2593	NUP98	NUP98::NSD1	Transcript Fusion	Fusion Variants	True
2376	ABL1	Non-P-Loop Mutation		Region Defined Variants	True
2408	BRAF	Non-V600	Protein Altering Variant	Region Defined Variants	True
3297	VHL	Null (11 kb 3' deletion)		Gene Function Variants	False
2016	VHL	Null (Complete deletion)		Gene Function Variants	False
2182	VHL	Null (Large deletion)		Gene Function Variants	True
1947	VHL	Null (Partial deletion of 4.6 Kb)		Gene Function Variants	False
2082	VHL	Null (Partial deletion of Exon 1)		Other Variants	False
1951	VHL	Null (Partial deletion of Exon 2)		Other Variants	False
1952	VHL	Null (Partial deletion of Exon 3)		Other Variants	False
2083	VHL	Null (Partial deletion of Exons 1 & 2)		Other Variants	False
2036	VHL	Null (Partial deletion of Exons 2 & 3)		Other Variants	True
2103	VHL	Null (Partial deletion)		Gene Function Variants	False
1978	VHL			Transcript Variants	False
1979	VHL			Transcript Variants	False
4264	VHL			Transcript Variants	False
3361	VHL	Null (del one VHL allele)		Gene Function Variants	False
3180	VHL	Null (deletion)		Gene Function Variants	False
3188	VHL	Null (large 3' deletion)		Gene Function Variants	False
3262	VHL	Null (point mutation codon 238)		Gene Function Variants	False
3296	VHL	Null (rearrangement)		Other Variants	False
2974	JAK2	OFD1::JAK2	Transcript Fusion	Fusion Variants	True
21	CCND2	OVEREXPRESSION	N/A	Expression	True
205	NCOA3	OVEREXPRESSION	N/A	Expression	True
296	RIT1	OVEREXPRESSION	N/A	Expression	True
305	SYK	OVEREXPRESSION	N/A	Expression	True
345	SPHK1	OVEREXPRESSION	N/A	Expression	True
348	PBK	OVEREXPRESSION	N/A	Expression	True
359	AR	OVEREXPRESSION	N/A	Expression	True
378	PTP4A3	OVEREXPRESSION	N/A	Expression	True
396	JAK1	OVEREXPRESSION	N/A	Expression	True
434	HIF1A	OVEREXPRESSION	N/A	Expression	True
440	PTTG1	OVEREXPRESSION	N/A	Expression	True
796	RRM2	OVEREXPRESSION	N/A	Expression	True
1299	MERTK	OVEREXPRESSION	N/A	Expression	True
2419	NR2F2	OVEREXPRESSION		Expression	False
2586	PARP1	OVEREXPRESSION		Expression	True
2917	LYN	OVEREXPRESSION		Expression	True
2981	WDR12	OVEREXPRESSION		Expression	False
2982	PLK1	OVEREXPRESSION		Expression	False
3112	PALB2	Oncogenic Mutations (loss of function alterations)		Other Variants	False
20	CCND1	Overexpression	N/A	Expression	True
24	CCNE1	Overexpression	N/A	Expression	True
152	BCL2	Overexpression	N/A	Expression	True
156	IGF2	Overexpression	N/A	Expression	True
181	AURKA	Overexpression	N/A	Expression	True
193	EGFR	Overexpression	N/A	Expression	True
289	ERBB3	Overexpression	N/A	Expression	True
290	NT5E	Overexpression	N/A	Expression	True
291	EZH2	Overexpression	N/A	Expression	True
292	MYD88	Overexpression	N/A	Expression	True
325	FGFR3	Overexpression	N/A	Expression	True
346	CASP8	Overexpression	N/A	Expression	True
347	TYMS	Overexpression	N/A	Expression	True
377	TIMP1	Overexpression	N/A	Expression	True
408	ABCC10	Overexpression	N/A	Expression	True
435	EPAS1	Overexpression	N/A	Expression	True
472	ALDH1A2	Overexpression	N/A	Expression	True
481	DDX43	Overexpression	N/A	Expression	True
483	TBK1	Overexpression	N/A	Expression	True
486	HAVCR2	Overexpression	N/A	Expression	True
525	B4GALT1	Overexpression	N/A	Expression	True
529	SIRT1	Overexpression	N/A	Expression	True
539	PTPN11	Overexpression	N/A	Expression	True
547	RB1	Overexpression	N/A	Expression	True
578	BIRC5	Overexpression	N/A	Expression	True
597	RET	Overexpression	N/A	Expression	True
602	CDK6	Overexpression	N/A	Expression	True
603	FLT3	Overexpression	N/A	Expression	True
607	ESR1	Overexpression	N/A	Expression	True
619	PTGS2	Overexpression	N/A	Expression	False
621	MET	Overexpression	N/A	Expression	True
639	JUN	Overexpression	N/A	Expression	True
640	FOS	Overexpression	N/A	Expression	True
653	ETV4	Overexpression	N/A	Expression	True
693	SGK1	Overexpression	N/A	Expression	True
795	RRM1	Overexpression	N/A	Expression	True
858	CSF1	Overexpression	N/A	Expression	False
859	ROS1	Overexpression	N/A	Expression	False
860	NTRK1	Overexpression	N/A	Expression	True
866	MITF	Overexpression	N/A	Expression	False
869	YAP1	Overexpression	N/A	Expression	False
875	ERBB2	Overexpression	N/A	Expression	True
1256	TERT	Overexpression	N/A	Expression	False
1259	AEBP1	Overexpression	N/A	Expression	False
1273	CTAG1B	Overexpression	N/A	Expression	True
1274	CTAG2	Overexpression	N/A	Expression	True
1279	BRD4	Overexpression	N/A	Expression	False
1301	AKT3	Overexpression		Expression	True
1303	MYC	Overexpression		Expression	True
1306	TP53	Overexpression	N/A	Expression	True
1693	CHEK1	Overexpression		Expression	True
1877	ETV1	Overexpression		Expression	False
1878	ETV5	Overexpression		Expression	False
2167	FGFR4	Overexpression	N/A	Expression	False
2204	KDR	Overexpression		Expression	False
2239	TPT1	Overexpression		Expression	False
2360	AKT1	Overexpression		Expression	True
2363	PIK3R2	Overexpression		Expression	True
2410	ERCC1	Overexpression	N/A	Expression	False
2417	FGFR2	Overexpression		Expression	False
2578	NOTCH3	Overexpression		Expression	False
2584	CDK9	Overexpression		Expression	False
2585	VEGFA	Overexpression		Expression	False
2588	EPOR	Overexpression		Expression	False
2635	ALK	Overexpression		Expression	False
2636	CDK4	Overexpression		Expression	False
2679	WEE1	Overexpression		Expression	False
2717	PSMD4	Overexpression		Expression	False
2739	CRLF2	Overexpression		Expression	False
2784	FGF19	Overexpression		Expression	True
2808	WNT11	Overexpression		Expression	False
2904	FGFR1	Overexpression		Expression	False
2908	TACSTD2	Overexpression		Expression	False
2911	IL6	Overexpression		Expression	True
2915	ABCB1	Overexpression	N/A	Expression	True
2944	PDGFRA	Overexpression		Expression	True
2955	STAT1	Overexpression		Expression	False
2970	VEGFC	Overexpression		Expression	False
2973	PDGFRB	Overexpression		Expression	True
2978	MIR21	Overexpression		Expression	False
2980	IL33	Overexpression		Expression	False
2985	CCN2	Overexpression		Expression	False
3006	FOXC2	Overexpression		Expression	False
3007	ZEB1	Overexpression		Expression	False
3008	CUL7	Overexpression		Expression	False
3139	MECOM	Overexpression		Expression	False
3243	ACTL6A	Overexpression		Expression	False
3249	MYCN	Overexpression		Expression	False
3259	IGF1R	Overexpression		Expression	True
3277	ZHX2	Overexpression		Expression	False
3279	HDAC2	Overexpression		Expression	False
3306	HDAC9	Overexpression		Expression	False
3307	FOXF1	Overexpression		Expression	False
3568	JAK2	Overexpression		Expression	False
3569	STAT5B	Overexpression		Expression	False
3598	DDR2	Overexpression		Expression	False
3599	HDAC6	Overexpression		Expression	False
3646	HOXC10	Overexpression		Expression	False
3728	SLC29A1	Overexpression		Expression	True
3731	KIT	Overexpression		Expression	False
3732	HSP90B1	Overexpression		Expression	False
3733	KRAS	Overexpression		Expression	False
3734	COX2	Overexpression		Expression	False
3735	BRAF	Overexpression		Expression	False
3746	CCNE2	Overexpression		Expression	False
4237	AURKB	Overexpression		Expression	False
4297	FGFR1	Overexpression		Expression	False
4522	CD274	Overexpression		Expression	False
3415	AR	Overexpression of AR-V9		Expression	False
3324	VEGFA	Overexpression of VEGF121		Expression	False
3325	VEGFA	Overexpression of VEGF121 and VEGF110		Expression	False
2375	ABL1	P-Loop Mutation		Region Defined Variants	True
3248	VHL			Transcript Variants	False
1682	ARID1A	P1175FS*5	Frameshift Variant	Sequence Variants	True
4265	VHL			Transcript Variants	False
2495	VHL	P138fs (c.410dup)	Plus 1 Frameshift Variant;Frameshift Truncation	Copy Number Variants	False
2526	VHL			Transcript Variants	False
2732	TP53	P153		Sequence Variants	False
3162	VHL		Synonymous Variant	Transcript Variants	False
4262	VHL			Transcript Variants	False
2879	VHL			Transcript Variants	False
2274	VHL			Transcript Variants	False
4263	VHL			Transcript Variants	False
3353	VHL			Transcript Variants	False
207	NOTCH1	P2514FS	Frameshift Truncation	Sequence Variants	True
4165	VHL			Transcript Variants	False
3087	VHL			Transcript Variants	False
2726	TP53	P278		Sequence Variants	False
3491	VHL			Transcript Variants	False
4176	VHL			Transcript Variants	False
2350	CRLF2	P2RY8::CRLF2	Transcript Fusion	Fusion Variants	False
2090	VHL			Transcript Variants	True
4233	VHL			Transcript Variants	False
756	MLH1	P536FS	Frameshift Truncation	Sequence Variants	True
4202	VHL			Transcript Variants	False
2474	VHL			Transcript Variants	False
3076	VHL			Transcript Variants	False
2303	VHL			Transcript Variants	False
2263	VHL			Transcript Variants	False
2121	VHL			Transcript Variants	False
2014	VHL			Transcript Variants	True
2546	VHL			Transcript Variants	False
4224	AKT1	P68-C77dup		Copy Number Variants	False
4080	VHL			Transcript Variants	False
1955	VHL			Transcript Variants	True
4097	VHL			Transcript Variants	False
41	ERBB2	P780INS	Inframe Insertion	Rearrangement Variants	True
3298	VHL			Transcript Variants	False
3185	VHL			Transcript Variants	False
2496	VHL			Transcript Variants	False
2306	VHL			Transcript Variants	False
3190	VHL			Transcript Variants	False
477	BRCA1	P968FS	Frameshift Truncation	Sequence Variants	True
2515	VHL			Transcript Variants	False
3199	VHL			Transcript Variants	False
3525	ABL2	PAG1::ABL2	Transcript Fusion	Fusion Variants	False
286	BRAF	PAPSS1::BRAF	Gene Fusion;Transcript Fusion	Fusion Variants	True
2582	FOXO1	PAX3::FOXO1	Transcript Fusion	Fusion Variants	True
2861	JAK2	PAX5::JAK2	Transcript Fusion	Fusion Variants	True
2583	FOXO1	PAX7::FOXO1	Transcript Fusion	Fusion Variants	True
209	PAX8	PAX8::PPARG	Transcript Fusion	Fusion Variants	True
571	JAK2	PCM1::JAK2	Transcript Fusion	Fusion Variants	True
2289	NTRK1	PDE4DIP::NTRK1	Transcript Fusion	Fusion Variants	True
387	EIF4EBP1	PHOSPHORYLATION	N/A	Epigenetic Modification	True
395	RPS6	PHOSPHORYLATION	N/A	Epigenetic Modification	True
632	RB1	PHOSPHORYLATION	N/A	Epigenetic Modification	True
108	PML	PML::RARA	Transcript Fusion	Fusion Variants	True
3025	PML	PML::RARA A216T	Transcript Fusion	Fusion Variants	False
462	PML	PML::RARA A216V	Missense Variant;Transcript Fusion	Fusion Variants	True
463	PML	PML::RARA L218P	Missense Variant;Transcript Fusion	Fusion Variants	True
3024	PML	PML::RARA S214L	Transcript Fusion	Fusion Variants	False
2848	JAK2	PPFIBP1::JAK2	Transcript Fusion	Fusion Variants	True
617	BRAF	PPFIBP2::BRAF	Transcript Fusion	Fusion Variants	True
3235	PRKAR1A	PRKAR1A LOH, allelic imbalance 17q		Genotype Variants	False
22	CCND2	PROMOTER DEMETHYLATION	N/A	Epigenetic Modification	True
711	KLLN	PROMOTER METHYLATION	Gene Silenced By Dna Methylation	Epigenetic Modification	True
2916	PRPS1	PRPS1 MUTATION		Region Defined Variants	True
2683	PTK2B	PTK2B::KDM6A	Transcript Fusion	Fusion Variants	False
2684	PTK2B	PTK2B::STAG2	Transcript Fusion	Fusion Variants	False
4189	VHL			Transcript Variants	False
2184	VHL	Partial deletion of 0.7 Kb		Region Defined Variants	False
4200	VHL	Partial deletion of 0.8 kb		Region Defined Variants	False
2185	VHL	Partial deletion of 1 Kb		Region Defined Variants	False
2186	VHL	Partial deletion of 1.2 Kb		Region Defined Variants	False
2187	VHL	Partial deletion of 1.5 Kb		Region Defined Variants	False
3999	VHL	Partial deletion of 10 Kb		Region Defined Variants	False
2188	VHL	Partial deletion of 11 Kb		Region Defined Variants	False
2189	VHL	Partial deletion of 12 Kb		Region Defined Variants	False
3095	VHL	Partial deletion of 2 Kb		Region Defined Variants	False
2191	VHL	Partial deletion of 3 Kb		Region Defined Variants	False
2190	VHL	Partial deletion of 3.5 Kb		Region Defined Variants	False
2492	VHL	Partial deletion of 4 Kb		Region Defined Variants	False
2193	VHL	Partial deletion of 7 Kb		Region Defined Variants	False
2192	VHL	Partial deletion of 7.5 Kb		Region Defined Variants	False
2194	VHL	Partial deletion of 8.2 Kb		Region Defined Variants	False
3466	NTRK1	Point Mutations		Other Variants	False
3467	NTRK3	Point Mutations		Other Variants	False
27	CDKN2A	Promoter Hypermethylation	N/A	Epigenetic Modification	True
333	PTPRT	Promoter Hypermethylation	N/A	Epigenetic Modification	True
374	NAPRT	Promoter Hypermethylation	N/A	Epigenetic Modification	True
85	MGMT	Promoter Methylation	N/A	Epigenetic Modification	True
220	TERT	Promoter Mutation	Regulatory Region Variant	Region Defined Variants	True
2443	VHL			Transcript Variants	False
2267	VHL			Transcript Variants	False
2321	VHL			Transcript Variants	False
2155	VHL		Frameshift Variant	Transcript Variants	False
2525	VHL			Transcript Variants	False
127	U2AF1	Q157P/R	Missense Variant	Sequence Variants	True
4212	VHL			Transcript Variants	False
4094	VHL			Transcript Variants	False
2383	VHL			Transcript Variants	False
3657	VHL			Transcript Variants	False
507	GNAQ	Q209	Protein Altering Variant	Sequence Variants	True
558	GNA11	Q209	Missense Variant	Sequence Variants	True
4435	BAP1	Q267fs		Sequence Variants	False
744	MLH1	Q426FS	Frameshift Truncation	Sequence Variants	True
3326	FLT3	Q575Î”		Other Variants	False
94	NRAS	Q61	Missense Variant	Sequence Variants	True
203	KRAS	Q61	Protein Altering Variant	Sequence Variants	True
2570	HRAS	Q61		Sequence Variants	True
1105	KRAS	Q61FS		Sequence Variants	False
2002	VHL		Frameshift Variant	Transcript Variants	False
2444	VHL			Transcript Variants	False
2131	VHL			Transcript Variants	True
3145	VHL			Transcript Variants	False
4110	VHL			Transcript Variants	False
4000	RAF1	QKI-RAF1		Fusion Variants	True
4536	NTRK2	QKI::NTRK2		Fusion Variants	False
3176	VHL			Transcript Variants	False
4227	VHL			Transcript Variants	False
3029	BCL2	R107_R110dup		Copy Number Variants	False
3132	VHL			Transcript Variants	False
4085	VHL			Transcript Variants	False
2021	VHL	R108dup (c.322_324dup)	Conservative Inframe Insertion	Copy Number Variants	True
3633	VHL			Transcript Variants	False
3656	VHL			Transcript Variants	False
2537	VHL			Transcript Variants	False
2552	VHL			Transcript Variants	False
2996	ARID2			Transcript Variants	False
58	IDH1	R132	Protein Altering Variant	Sequence Variants	True
804	RUNX1	R135FSX177		Sequence Variants	True
62	IDH2	R140	Protein Altering Variant	Sequence Variants	True
4096	VHL			Transcript Variants	False
2273	VHL			Transcript Variants	False
4167	VHL			Transcript Variants	False
4166	VHL			Transcript Variants	False
3121	VHL			Transcript Variants	False
4180	VHL			Transcript Variants	False
4210	VHL			Transcript Variants	False
4239	VHL			Transcript Variants	False
2486	VHL			Transcript Variants	False
1779	VHL			Transcript Variants	False
199	IDH2	R172	Protein Altering Variant	Sequence Variants	True
3187	VHL			Transcript Variants	False
3355	VHL			Transcript Variants	False
4266	VHL			Transcript Variants	False
3191	VHL			Transcript Variants	False
2181	VHL			Transcript Variants	True
3044	VHL			Transcript Variants	False
3192	VHL			Transcript Variants	False
4190	VHL			Transcript Variants	False
4208	VHL			Transcript Variants	False
876	GNAS	R201	Amino Acid Substitution	Sequence Variants	True
4095	VHL			Transcript Variants	False
3658	VHL			Transcript Variants	False
2723	TP53	R248		Sequence Variants	False
119	TP53	R249	Protein Altering Variant	Sequence Variants	True
2725	TP53	R273		Sequence Variants	False
2965	RUNX1			Transcript Variants	False
3134	SDHA			Transcript Variants	False
2597	DICER1	R392fs and E1813D		Sequence Variants	False
2959	CHEK2			Transcript Variants	True
1964	VHL		Frameshift Truncation	Transcript Variants	True
735	MLH1	R687FS	Frameshift Variant	Sequence Variants	True
2510	VHL		Frameshift Variant	Transcript Variants	False
4079	VHL			Transcript Variants	False
1948	VHL			Transcript Variants	True
1165	ATM	R777FS	Frameshift Variant	Sequence Variants	False
4204	VHL			Transcript Variants	False
2448	VHL			Transcript Variants	True
3013	VHL			Transcript Variants	False
2264	VHL		Inframe Deletion	Transcript Variants	True
3411	TEK	R849W and R1108*		Sequence Variants	False
32	DNMT3A	R882	Missense Variant	Sequence Variants	True
3268	ABL1	RANBP2::ABL1	Transcript Fusion	Fusion Variants	True
514	ALK	RANBP2::ALK	Transcript Fusion	Fusion Variants	True
3116	RBM15	RBM15::MKL1	Transcript Fusion	Fusion Variants	False
3207	MET	RBPMS::MET	Transcript Fusion	Fusion Variants	False
2681	ABL1	RCSD1::ABL1	Transcript Fusion	Fusion Variants	True
3526	ABL2	RCSD1::ABL2	Transcript Fusion	Fusion Variants	False
2865	JAK2	RFX3::JAK2	Transcript Fusion	Fusion Variants	True
332	FNTB	RS11623866	Regulatory Region Variant	Other Variants	True
338	MGMT	RS16906252	Synonymous Variant	Other Variants	True
643	CBLB	RS2305035	Synonymous Variant;Polymorphic Sequence Variant	Other Variants	True
421	TERT	RS2736100	Coding Transcript Intron Variant;Polymorphic Sequence Variant	Other Variants	True
699	SH2B3	RS3184504	Missense Variant;Polymorphic Sequence Variant	Other Variants	True
779	TYMS	RS34743033		Other Variants	True
642	MDM2	RS34886328	3 Prime UTR Truncation	Other Variants	True
482	KIT	RS3733542	Synonymous Variant	Other Variants	True
641	CDKN2A	RS3814960	5 Prime UTR Exon Variant	Other Variants	True
331	WEE1	RS3910384	Intron Variant;Polymorphic Sequence Variant	Other Variants	True
777	SLCO1B1	RS4149056	Missense Variant;Polymorphic Sequence Variant	Other Variants	True
445	ETS2	RS461155	Synonymous Variant	Other Variants	True
548	PPP1R15A	RS557806	Missense Variant;Polymorphic Sequence Variant	Other Variants	True
254	KRAS	RS61764370	3 Prime UTR Variant	Other Variants	True
740	DPYD	RS67376798 HOMOZYGOSITY	Polymorphic Sequence Variant	Other Variants	True
255	ERCC5	RS751402	5 Prime UTR Variant;Snp	Other Variants	True
3126	RUNX1	RUNX1::RUNX1T1	Transcript Fusion	Fusion Variants	False
1863	EGFR	Rare Exon 18-21 Mutation	Exon Variant	Region Defined Variants	True
2334	EGFR	Rare Mutation		Other Variants	True
3222	PIK3CA	Rare Mutation		Other Variants	True
269	ROS1	Rearrangement	Transcript Fusion	Rearrangement Variants	True
2439	VHL	Rearrangement		Rearrangement Variants	True
3141	KMT2A	Rearrangement		Rearrangement Variants	False
4003	PDGFB	Rearrangement 		Rearrangement Variants	False
4338	CRLF2	Rearrangement 		Rearrangement Variants	False
3747	VHL			Transcript Variants	False
4171	VHL			Transcript Variants	False
3080	VHL	S139fs		Sequence Variants	False
2316	VHL			Transcript Variants	False
616	B2M	S14FS	Frameshift Truncation	Sequence Variants	True
4154	VHL			Transcript Variants	False
2856	ROS1	S1986Y/F		Sequence Variants	False
138	NOTCH1	S2275FS	Plus 1 Frameshift Variant	Sequence Variants	True
497	ERBB2	S310F/Y	Missense Variant	Sequence Variants	True
128	U2AF1	S34Y/F	Missense Variant	Sequence Variants	True
4076	VHL			Transcript Variants	False
4231	VHL			Transcript Variants	False
3257	AKT1	S473 Phosphorylation		Epigenetic Modification	True
3329	FLT3	S574Î”		Other Variants	False
4099	VHL			Transcript Variants	False
2535	VHL			Transcript Variants	False
1676	FBXW7	S668FS*39		Sequence Variants	False
720	EGFR	S720	Protein Altering Variant	Sequence Variants	True
3015	VHL			Transcript Variants	False
3704	VHL			Transcript Variants	False
2462	VHL		Frameshift Truncation	Transcript Variants	False
1511	EGFR	S768_D770dup	Inframe Insertion	Copy Number Variants	True
4109	VHL			Transcript Variants	False
4184	VHL			Transcript Variants	False
451	ABCB1	S893A/T	Missense Variant	Sequence Variants	True
4253	NTRK1	SCP2::NTRK1		Fusion Variants	False
2179	NRG1	SDC4::NRG1	Transcript Fusion	Fusion Variants	True
4251	EGFR	SEC61G::EGFR		Fusion Variants	False
416	ERBB2	SERUM LEVELS	N/A	Expression	True
487	MMP2	SERUM LEVELS	N/A	Expression	True
488	MMP9	SERUM LEVELS	N/A	Expression	True
3287	ABL1	SFPQ::ABL1	Transcript Fusion	Fusion Variants	True
411	STAT3	SH2 DOMAIN MUTATION	Protein Altering Variant	Region Defined Variants	True
3986	SH3PXD2A	SH3PXD2A::HTRA1		Fusion Variants	False
2166	NRG1	SLC3A2::NRG1	Transcript Fusion	Fusion Variants	True
2975	JAK2	SMU1::JAK2	Transcript Fusion	Fusion Variants	True
495	MDM2	SNP309	Coding Transcript Intron Variant	Sequence Variants	True
2976	JAK2	SNX29::JAK2	Transcript Fusion	Fusion Variants	True
2678	ABL1	SNX2::ABL1	Transcript Fusion	Fusion Variants	True
800	NTRK1	SQSTM1::NTRK1	Transcript Fusion	Fusion Variants	True
448	SSX1	SS18::SSX1	Transcript Fusion	Fusion Variants	True
449	SSX2	SS18::SSX2	Transcript Fusion	Fusion Variants	True
450	SSX4	SS18::SSX4	Transcript Fusion	Fusion Variants	True
3566	CSF1R	SSBP2::CSF1R	Transcript Fusion	Fusion Variants	False
2661	JAK2	SSBP2::JAK2	Transcript Fusion	Fusion Variants	True
2849	JAK2	STRN3::JAK2	Transcript Fusion	Fusion Variants	True
2218	ALK	STRN::ALK	Transcript Fusion	Fusion Variants	True
2287	NTRK2	STRN::NTRK2	Transcript Fusion	Fusion Variants	True
3108	VHL	Single Allele Deletion		Genotype Variants	False
4425	SMARCB1	Single nucleotide variant		Region Defined Variants	False
2518	VHL			Transcript Variants	False
4162	VHL			Transcript Variants	False
4226	VHL			Transcript Variants	False
3107	VHL			Transcript Variants	False
4540	MET			Transcript Variants	False
4539	MET			Transcript Variants	False
4538	MET			Transcript Variants	False
4521	MET			Transcript Variants	False
4544	MET			Transcript Variants	False
4086	VHL			Transcript Variants	False
4254	VHL			Transcript Variants	False
4255	VHL			Transcript Variants	False
4256	VHL			Transcript Variants	False
4257	VHL			Transcript Variants	False
4258	VHL			Transcript Variants	False
4259	VHL			Transcript Variants	False
4243	VHL			Transcript Variants	False
3436	VHL			Transcript Variants	False
3370	VHL			Transcript Variants	False
3150	VHL			Transcript Variants	False
2471	VHL			Transcript Variants	False
4235	VHL			Transcript Variants	False
3409	TEK	T1105N and T1106N		Sequence Variants	False
4389	ALK	T1151dup	Inframe Insertion	Copy Number Variants	True
4205	VHL			Transcript Variants	False
3479	VHL			Transcript Variants	False
2314	VHL			Transcript Variants	False
3738	VHL			Transcript Variants	False
2556	VHL		Frameshift Truncation	Transcript Variants	False
810	RUNX1	T148HFSX9	Frameshift Truncation	Sequence Variants	True
2091	VHL			Transcript Variants	True
2092	VHL			Transcript Variants	True
491	HSPH1	T17 DELETION	Short Tandem Repeat Variation	Region Defined Variants	True
2733	TP53	T170		Sequence Variants	False
385	PRKAA2	T172 PHOSPHORYLATION	N/A	Epigenetic Modification	True
2142	VHL			Transcript Variants	True
1298	BRAF	T599dup		Copy Number Variants	False
3517	ZNF384	TAF15::ZNF384	Transcript Fusion	Fusion Variants	False
3359	CSF1R	TBL1XR1::CSF1R	Transcript Fusion	Fusion Variants	True
2862	JAK2	TERF2::JAK2	Transcript Fusion	Fusion Variants	True
3730	TFE3	TFE3 fusion		Fusion Variants	False
4074	TFEB	TFEB amplification		Copy Number Variants	False
576	ROS1	TFG::ROS1	Transcript Fusion	Fusion Variants	True
2669	TGFBR3	TGFBR3		Sequence Variants	False
56	FLT3	TKD MUTATION	Nonsynonymous Variant	Gene Function Variants	True
2371	ABL1	TKD MUTATION		Gene Function Variants	True
3128	TLX3	TLX3::BCL11B	Transcript Fusion	Fusion Variants	False
195	ERG	TMPRSS2::ERG	Transcript Fusion	Fusion Variants	True
3473	TNC	TNC-L		Expression	False
774	PDGFRA	TNKS2::PDGFRA	Transcript Fusion	Fusion Variants	True
3486	TOP2A	TOP2A/90		Other Variants	False
2992	NTRK1	TPM3::NTRK1	Transcript Fusion	Fusion Variants	True
4469	ALK	TPM4::ALK		Fusion Variants	False
2850	JAK2	TPR::JAK2	Transcript Fusion	Fusion Variants	True
3465	NTRK1	TPR::NTRK1	Transcript Fusion	Fusion Variants	False
287	BRAF	TRIM24::BRAF	Transcript Fusion	Fusion Variants	True
4499	FGFR1	TRIM24::FGFR1		Fusion Variants	False
2393	NTRK1	TRIM63::NTRK1	Transcript Fusion	Fusion Variants	True
739	FOS	TRUNCATING FUSION	Stop Gained;Transcript Fusion	Fusion Variants	True
590	BIRC3	TRUNCATING MUTATION	Frameshift Variant	Sequence Variants	True
708	BRCA2	TRUNCATING MUTATION	Feature Truncation	Sequence Variants	True
3110	CREBBP	TRUNCATING MUTATIONS AND DELETERIOUS SUBSTITUTIONS		Sequence Variants	False
4432	SNCAIP	Tandem duplication		Copy Number Variants	False
4026	FGFR2	Translocation		Rearrangement Variants	False
4027	FGFR3	Translocation		Rearrangement Variants	False
4428	MYC	Translocation		Rearrangement Variants	False
4429	BCL2	Translocation		Rearrangement Variants	False
4430	BCL6	Translocation		Rearrangement Variants	False
4500	FGFR1	Translocation		Rearrangement Variants	False
223	TP53	Truncating Mutation	Frameshift Truncation	Sequence Variants	True
729	UGT1A1	UGT1A1*28	Microsatellite	Genotype Variants	True
732	UGT1A1	UGT1A1*60	Microsatellite	Genotype Variants	True
417	THBS2	UNDEREXPRESSION	N/A	Expression	True
441	LEPR	UNDEREXPRESSION	N/A	Expression	True
446	KRT18	UNDEREXPRESSION	N/A	Expression	True
498	MIR218-1	UNDEREXPRESSION	N/A	Expression	True
2418	SPRY2	UNDEREXPRESSION		Expression	False
2863	JAK2	USP25::JAK2	Transcript Fusion	Fusion Variants	True
179	ATM	Underexpression	N/A	Expression	True
282	SMAD4	Underexpression	N/A	Expression	True
304	STK11	Underexpression	N/A	Expression	True
349	SMARCA4	Underexpression	N/A	Expression	True
382	TYMS	Underexpression	N/A	Expression	True
403	BRCA1	Underexpression	N/A	Expression	True
422	STAG2	Underexpression	N/A	Expression	True
473	ALDH1A2	Underexpression	N/A	Expression	True
475	CIP2A	Underexpression	N/A	Expression	True
648	ATRX	Underexpression	N/A	Expression	True
654	STAG3	Underexpression	N/A	Expression	True
695	SMARCB1	Underexpression	N/A	Expression	True
867	MTAP	Underexpression		Expression	True
868	VPS37A	Underexpression	N/A	Expression	True
1255	MGMT	Underexpression	N/A	Expression	True
1257	RRM1	Underexpression	N/A	Expression	True
2108	ARID1A	Underexpression	N/A	Expression	True
2164	CX3CL1	Underexpression		Expression	False
2384	PBLD	Underexpression		Expression	False
2386	ERRFI1	Underexpression		Expression	False
2392	PTPN6	Underexpression		Expression	False
2409	ERCC1	Underexpression	N/A	Expression	True
2412	FGFR2	Underexpression		Expression	False
2718	CCNE1	Underexpression		Expression	False
3459	AR	V1 expression		Expression	False
1167	ATM	V1268FS	Frameshift Variant	Sequence Variants	False
2086	VHL		Missense Variant	Transcript Variants	False
4246	VHL			Transcript Variants	False
3366	VHL			Transcript Variants	False
4198	VHL			Transcript Variants	False
2046	VHL			Transcript Variants	True
3985	VHL			Transcript Variants	False
2477	VHL			Transcript Variants	False
3748	VHL			Transcript Variants	False
4091	VHL			Transcript Variants	False
4279	VHL			Transcript Variants	False
3089	VHL			Transcript Variants	False
3362	VHL			Transcript Variants	False
2325	VHL			Transcript Variants	False
3086	VHL			Transcript Variants	False
1977	VHL		Minus 2 Frameshift Variant	Transcript Variants	True
750	MLH1	V213FS	Frameshift Truncation	Sequence Variants	True
137	NOTCH1	V2444FS	Frameshift Variant	Sequence Variants	True
762	MSH2	V273FS	Frameshift Variant	Sequence Variants	True
605	PTEN	V317FS	Frameshift Variant	Sequence Variants	True
1316	KIT	V559		Sequence Variants	False
3461	AR	V567es expression		Expression	False
17	BRAF	V600	Protein Altering Variant	Sequence Variants	True
2820	BRAF	V600_K601>E		Rearrangement Variants	True
2821	BRAF	V600_S602>DT		Rearrangement Variants	False
3184	VHL			Transcript Variants	True
2509	VHL			Transcript Variants	False
3189	VHL			Transcript Variants	False
3261	VHL			Transcript Variants	False
2447	VHL			Transcript Variants	True
2099	VHL		Inframe Deletion	Transcript Variants	True
362	AR	V7 EXPRESSION		Expression	True
2445	VHL			Transcript Variants	False
4281	VHL			Transcript Variants	False
1310	ERBB2	V773		Sequence Variants	False
2548	VHL			Transcript Variants	False
4179	VHL			Transcript Variants	False
3741	VHL			Transcript Variants	False
2159	AR	V9 EXPRESSION		Expression	False
3701	NTRK2	VCL::NTRK2	Transcript Fusion	Fusion Variants	True
3303	CHD7	VCV000625197, Translocation (t(8;X)(q12.2;p22.13)), CHD7â€“BEND2 fusion		Other Variants	False
3321	VEGFA	VEGF165b Overexpression		Expression	False
312	EGFR	VIII	Disruptive Inframe Deletion	Gene Function Variants	True
4242	EGFR	VOPP1::EGFR		Fusion Variants	False
2470	VHL			Transcript Variants	False
3142	VHL			Transcript Variants	False
3715	VHL			Transcript Variants	False
2027	VHL	W117fs (c.349dup)	Plus 1 Frameshift Variant;Frameshift Truncation	Copy Number Variants	True
3634	VHL			Transcript Variants	False
2728	TP53	W146		Sequence Variants	False
87	NPM1	W288FS	Frameshift Elongation	Sequence Variants	True
176	AR	W742	Missense Variant	Sequence Variants	True
2299	VHL	W88fs (c.261dup)	Plus 1 Frameshift Variant;Frameshift Truncation	Copy Number Variants	True
2228	BRAF	WASFL::BRAF	Transcript Fusion	Fusion Variants	True
426	BRAF	WILD TYPE	Wild Type	Genotype Variants	True
2651	KIT	WILDTYPE	Wild Type	Genotype Variants	True
742	WWTR1	WWTR1::CAMTA1	Transcript Fusion	Fusion Variants	True
369	TP53	Wildtype	Wild Type	Genotype Variants	True
2174	EGFR	Wildtype	Wild Type	Genotype Variants	True
2590	PIK3CA	Wildtype	Wild Type	Genotype Variants	True
3200	KRAS	Wildtype	Wild Type	Genotype Variants	True
4465	NRAS	Wildtype		Genotype Variants	False
390	EGFR	Y1092 PHOSPHORYLATION	N/A	Epigenetic Modification	True
3739	VHL			Transcript Variants	False
245	NF2	Y177fs	Frameshift Elongation	Sequence Variants	True
2720	TP53	Y205		Sequence Variants	False
3327	FLT3	Y572Î”		Other Variants	False
165	EZH2	Y646	Protein Altering Variant	Sequence Variants	True
3055	FLT3	Y693		Sequence Variants	False
1672	EGFR	Y69FS*11	Frameshift Variant	Sequence Variants	False
414	ERBB2	Y772_A775DUP	Inframe Insertion	Copy Number Variants	True
3410	TEK	Y897C and R915C		Sequence Variants	False
3352	VHL			Transcript Variants	False
2450	VHL			Transcript Variants	False
3578	ABL2	ZC3HAV1::ABL2	Transcript Fusion	Fusion Variants	False
4534	ZFTA	ZFTA::MAML2		Fusion Variants	True
4532	ZFTA	ZFTA::NCOA1		Fusion Variants	True
4533	ZFTA	ZFTA::NCOA2		Fusion Variants	True
4528	ZFTA	ZFTA::RELA		Fusion Variants	True
4546	ZFTA	ZFTA::RELA Methylation Profile		Other Variants	True
657	BRAF	ZKSCAN1::BRAF	Transcript Fusion	Fusion Variants	True
3269	ABL1	ZMIZ1::ABL1	Transcript Fusion	Fusion Variants	True
4496	FGFR1	ZMYM2::FGFR1		Fusion Variants	False
466	FGFR1	ZNF198::FGFR1	Transcript Fusion	Fusion Variants	True
2864	JAK2	ZNF274::JAK2	Transcript Fusion	Fusion Variants	True
2977	JAK2	ZNF430::JAK2	Transcript Fusion	Fusion Variants	True
3481	ESR2	alternative transcripts		Other Variants	False
3477	ESR2	beta-2 and beta-5		Other Variants	False
4466	TERT			Transcript Variants	False
3021	VHL			Transcript Variants	False
2634	VHL			Transcript Variants	False
3174	VHL			Transcript Variants	False
2633	VHL			Transcript Variants	False
2373	VHL			Transcript Variants	True
3727	FLCN			Transcript Variants	True
3002	NF2			Transcript Variants	True
3267	CBL			Transcript Variants	False
2884	CDKN2A			Transcript Variants	True
3404	PTEN			Transcript Variants	False
2374	VHL			Transcript Variants	False
4151	VHL			Transcript Variants	False
4228	VHL			Transcript Variants	False
4213	VHL			Transcript Variants	False
3041	VHL			Transcript Variants	False
4178	VHL			Transcript Variants	False
2435	VHL			Transcript Variants	True
4197	VHL			Transcript Variants	False
4152	VHL			Transcript Variants	False
3088	VHL			Transcript Variants	False
3365	VHL			Transcript Variants	False
3159	VHL			Transcript Variants	False
4173	VHL			Transcript Variants	False
2507	VHL			Transcript Variants	False
4157	VHL			Transcript Variants	False
3047	VHL			Transcript Variants	False
3039	VHL			Transcript Variants	False
3050	ATM			Transcript Variants	True
3051	ATM			Transcript Variants	True
3049	ATM			Transcript Variants	True
3101	VHL			Transcript Variants	False
4191	VHL			Transcript Variants	False
2431	VHL			Transcript Variants	True
3511	CD19	delta-ex2, delta-ex5-6		Other Variants	False
3487	BRCA1	delta11q		Other Variants	False
3482	LGR5	delta5		Other Variants	False
2349	IL7R	exon 6 mutations		Region Defined Variants	False
3752	SSTR5	expression		Expression	True
4416	EZH2	expression		Expression	True
4406	EGFR	fusion		Fusion Variants	False
2226	BRAF	intron 10 rearrangement		Rearrangement Variants	True
2225	BRAF	intron 9 rearrangement		Rearrangement Variants	True
2814	DRD5	low expression		Expression	False
3323	VEGFA	low ratio of VEGF165b/VEGFtotal		Expression	False
2845	HOXD8	mutation		Region Defined Variants	False
4436	CHEK2	mutation		Region Defined Variants	True
4463	TSC1	mutation		Region Defined Variants	False
4464	TSC2	mutation		Region Defined Variants	False
3322	VEGFA	overexpression of VEGF-Axxxa		Expression	False
2411	SDHB	p.193_196dupSTSC (c.577_588dupAGCACCAGCTGC)	Inframe Insertion	Copy Number Variants	True
4247	VHL			Transcript Variants	False
3057	GATA1	p.Ser51Alafs*86		Sequence Variants	False
272	CDKN2A	p16 Expression	N/A	Expression	True
3512	BRAF	p61BRAF(V600E)		Genotype Variants	False
3313	CDKN1A	rs1059234		Other Variants	True
2787	PRNCR1	rs1456315		Other Variants	False
256	KIT	rs17084733	3 Prime UTR Variant	Other Variants	True
2671	CDKN1A	rs1801270		Other Variants	True
3314	CDKN1A	rs1801270 and rs1059234		Other Variants	False
705	GADD45A	rs681673	Coding Transcript Intron Variant	Other Variants	True
3703	GALNT14	rs9679162		Other Variants	False
4284	VHL	t(1;3)(p36.3;p25)		Rearrangement Variants	False
2429	VHL	t(1;3)(q32;q13.3)		Rearrangement Variants	False
2876	VHL	t(2;3)(q35;q21)		Rearrangement Variants	False
3265	VHL	t(3;12)(q13.13;q24.23)		Rearrangement Variants	False
4009	VHL	t(3;12)(q13.2;q24.1)		Rearrangement Variants	False
3524	MECOM	t(3;21)(q26.2;q22)		Rearrangement Variants	False
3264	VHL	t(3;6)(p12.3;q24.3)		Rearrangement Variants	False
3351	VHL	t(3;8)(p13;q24.1)		Rearrangement Variants	False
3478	ESR2	underexpression beta-1		Other Variants	False
3508	CD274	v242		Sequence Variants	False
2422	NTRK3	~DEPRECATED-ETV6-NTRK3	Transcript Fusion	Other Variants	False
