variant_id	hgvs_g	variant_accepted	civic_variant_types
2489	NC_000003.11:g.10191648_10191649insC	True	Stop Lost
1988	NC_000003.11:g.10191649A>T	True	Stop Lost
2488	3-10191647-T-G	True	Stop Lost
1986	NC_000003.11:g.10191648G>T	True	Stop Lost
1987	NC_000003.11:g.10191649A>G	True	Stop Lost
2152	NC_000003.11:g.10191719C>A	True	3 Prime UTR Variant
2024	3-10191656-C-G	True	3 Prime UTR Variant
2028	NC_000003.11:g.10188221_10188222delinsAT	True	Missense Variant
3194	3-10188222-C-T	False	Missense Variant
820	NC_000003.11:g.10188302G>T	True	Missense Variant
1744	NC_000003.11:g.10188302G>A	True	Missense Variant
2042	NC_000003.11:g.10188302delG	True	Frameshift Variant;Minus 1 Frameshift Variant
3173	NC_000003.11:g.10183681C>G	False	Synonymous Variant
771	NC_000003.11:g.10183695_10183696insG	True	Frameshift Truncation
793	NC_000003.11:g.10183695_10183696insA	True	Frameshift Truncation
1785	NC_000003.11:g.10183697_10183698insA	True	Frameshift Truncation
2528	NC_000003.11:g.10191493C>A	False	Stop Gained
1773	NC_000003.11:g.10191492G>T	True	Missense Variant
1772	NC_000003.11:g.10191491T>C	True	Missense Variant
1774	NC_000003.11:g.10191493C>G	True	Missense Variant
1824	NC_000003.11:g.10191492G>A	True	Missense Variant
2035	NC_000003.11:g.10191490del	True	Minus 1 Frameshift Variant;Frameshift Truncation
3096	NC_000003.12:g.10142077_10142078insTCT	True	Disruptive Inframe Insertion
2123	NC_000003.11:g.10183760_10183762del	False	Conservative Inframe Deletion
1813	NC_000003.11:g.10188219A>G	True	Missense Variant
2154	NC_000003.11:g.10188218G>C	False	Missense Variant
2446	NC_000003.11:g.10188218delG	False	Frameshift Truncation
3133	3-10188218-G-A	False	Missense Variant
2554	NC_000003.11:g.10188234A>G	False	Missense Variant
2533	NC_000003.11:g.10188233G>A	False	Missense Variant
2053	NC_000003.11:g.10188233G>T	False	Missense Variant
3040	3-10188286-C-T	False	Synonymous Variant
3123	NC_000003.11:g.10191542G>A	False	Missense Variant
2579	NC_000007.13:g.50450370del	False	Minus 1 Frameshift Variant
2141	NC_000003.11:g.10191596del	True	Frameshift Truncation
2105	NC_000003.11:g.10191596G>A	False	Missense Variant
2126	NC_000003.11:g.10191599_10191600del	False	Frameshift Truncation
2449	NC_000003.11:g.10183806A>G	True	Missense Variant
2514	3-10183806-A-CC	False
1694	NC_000003.11:g.10183567G>C	False	Missense Variant
1884	NC_000003.11:g.10188257G>T	False	Stop Gained
2524	NC_000003.12:g.10146575_10146601del	False	Disruptive Inframe Deletion
2245	NC_000003.11:g.10191485G>T	False	Stop Gained
1919	NC_000003.11:g.10191486_10191487delAG	True	Frameshift Truncation
2502	NC_000003.11:g.10191486A>T	False	Missense Variant
2098	NC_000003.12:g.10149800del	True	Minus 1 Frameshift Variant;Frameshift Truncation
2527	NC_000003.11:g.10191487delG	False	Frameshift Truncation
1976	NC_000003.11:g.10191524G>T	False	Stop Gained
1777	NC_000003.11:g.10191563G>T	True	Stop Gained
1778	NC_000003.11:g.10191563G>A	True	Missense Variant
1829	NC_000003.11:g.10191565_10191567del	False	Inframe Deletion
1869	NC_000003.11:g.10191572del	True	Minus 1 Frameshift Variant;Frameshift Truncation
1733	NC_000003.11:g.10183667G>T	True	Stop Gained
2466	NC_000003.11:g.10183685G>T	False	Stop Gained
1734	NC_000003.11:g.10183685G>A	True	Missense Variant
1736	NC_000003.11:g.10183694G>T	True	Stop Gained
794	NC_000003.11:g.10183696G>A	True	Synonymous Variant
764	NC_000003.11:g.10183694_10183695del	True	Frameshift Truncation
766	NC_000003.11:g.10183694del	True	Frameshift Truncation
1834	NC_000003.11:g.10183739G>T	True	Stop Gained
1956	NC_000003.11:g.10183739G>A	True	Missense Variant
1794	NC_000003.11:g.10183811G>T	True	Stop Gained
2127	NC_000003.11:g.10183810del	True	Frameshift Truncation
2173	NC_000003.11:g.10183811G>A	False	Missense Variant
2475	NC_000003.11:g.10188212T>C	False	Missense Variant
1743	NC_000003.11:g.10188214C>G	True	Missense Variant
2119	NC_000003.11:g.10188213T>C	False	Missense Variant
1945	NC_000003.11:g.10188211_10188212del	False	Frameshift Truncation;Minus 2 Frameshift Variant
1814	NC_000003.11:g.10188264T>G	True	Missense Variant
1801	NC_000003.11:g.10188264T>C	True	Missense Variant
1749	NC_000003.11:g.10183757T>A	False	Missense Variant
2107	NC_000003.11:g.10183759C>G	False	Missense Variant
1835	NC_000003.11:g.10183758T>C	True	Missense Variant
2088	NC_000003.11:g.10183758_10183760del	True	Inframe Deletion
1926	NC_000003.11:g.10183758_10183760delTCT	False	Inframe Deletion
2294	NC_000003.11:g.10183804C>G	True	Missense Variant
2293	NC_000003.11:g.10183843C>G	True	Synonymous Variant
2043	NC_000003.11:g.10183842G>C	True	Missense Variant
2428	NC_000003.11:g.10183842G>T	True	Missense Variant
1797	NC_000003.11:g.10183871G>T	True	Missense Variant
1857	NC_000003.11:g.10183871G>C	True	Missense Variant
2026	NC_000003.11:g.10183871G>A	True	Missense Variant
2491	NC_000003.11:g.10188198G>T	False	Missense Variant
2555	NC_000003.11:g.10188238delG	False	Frameshift Truncation
1850	NC_000003.11:g.10188287G>T	True	Stop Gained
2290	3-10188288-G-A	True
2059	NC_000003.11:g.10188287G>A	False	Missense Variant
3197	3-10188287-G-C	False	Missense Variant
3247	NC_000003.12:g.10146602_10146612del	True	Frameshift Truncation;Minus 2 Frameshift Variant
2560	NC_000003.11:g.10188288delG	False	Frameshift Truncation
1737	NC_000003.11:g.10183645del	False	Minus 1 Frameshift Variant;Frameshift Truncation
2008	NC_000003.11:g.10183808G>T	True	Missense Variant
1858	NC_000003.11:g.10183809G>A	False	Missense Variant
1920	NC_000003.11:g.10183808G>C	True	Missense Variant
1859	NC_000003.11:g.10183808G>A	True	Missense Variant
2009	NC_000003.11:g.10183809G>T	True	Missense Variant
2463	NC_000003.11:g.10183860A>C	False	Missense Variant
2516	NC_000003.11:g.10183860del	False	Frameshift Truncation
2520	NC_000003.11:g.10188200delC	False	Frameshift Truncation
1885	NC_000003.11:g.10188201A>C	True	Missense Variant
1742	NC_000003.11:g.10188202C>A	True	Missense Variant
1957	NC_000003.11:g.10188202C>G	True	Missense Variant
2000	NC_000003.11:g.10188201A>G	True	Missense Variant
1921	NC_000003.11:g.10188200C>T	True	Missense Variant
2057	NC_000003.11:g.10188201del	True	Minus 1 Frameshift Variant;Frameshift Truncation
2060	NC_000003.11:g.10188231A>C	False	Missense Variant
3122	NC_000003.11:g.10188230C>T	False	Missense Variant
2425	NC_000003.11:g.10191578C>G	False	Missense Variant
1958	NC_000003.11:g.10191578del	True	Frameshift Truncation
1922	NC_000003.11:g.10183857del	False	Frameshift Truncation
2291	NC_000003.11:g.10188297T>C	False	Missense Variant
2038	NC_000003.11:g.10188296A>G	False	Missense Variant
2150	NC_000003.11:g.10188308A>T	True	Missense Variant
2030	NC_000003.11:g.10188310C>G	True	Missense Variant
2476	3-10188309-T-A	False	Missense Variant
2250	NC_000003.11:g.10188309T>G	False	Missense Variant
1871	NC_000003.11:g.10188309T>C	True	Missense Variant
2246	NC_000003.11:g.10191546T>A	False	Missense Variant
3012	NC_000003.11:g.10191546T>C	False	Missense Variant
1807	NC_000003.11:g.10191545A>G	True	Missense Variant
2329	NC_000003.12:g.10149938delinsAA	False	Plus 1 Frameshift Variant;Frameshift Elongation
3146	3-10183755-T-G	False	Missense Variant
1862	NC_000003.11:g.10191482A>G	False	Missense Variant
2137	3-10191481-GAA-C	True	Frameshift Variant
1913	NC_000003.11:g.10191593A>T	True	Stop Gained
2147	NC_000003.11:g.10191593A>G	False	Missense Variant
1838	NC_000003.11:g.10183832_10183833delinsGG	True	Delins
1860	NC_000003.11:g.10183833T>G	False	Missense Variant
1820	NC_000003.11:g.10188203C>G	True	Missense Variant
1798	NC_000003.11:g.10188210T>C	True	Missense Variant
1822	NC_000003.11:g.10188210T>G	False	Missense Variant
1841	NC_000003.11:g.10188209_10188210insA	True	Plus 1 Frameshift Variant
1851	NC_000003.11:g.10188238_10188239delinsTT	False	Missense Variant
3066	3-10188239-C-T	True	Missense Variant
2157	NC_000003.11:g.10188240T>C	False	Missense Variant
1886	NC_000003.11:g.10188240T>G	True	Missense Variant
3068	NC_000003.11:g.10188238del	False	Minus 1 Frameshift Variant;Frameshift Truncation
2508	NC_000003.11:g.10188243T>C	True	Missense Variant
1769	NC_000003.11:g.10188261T>A	True	Stop Gained
1906	NC_000003.11:g.10188261del	True	Minus 1 Frameshift Variant;Frameshift Truncation
2559	NC_000003.11:g.10188276delT	False	Frameshift Truncation
1923	NC_000003.11:g.10188315T>C	True	Missense Variant
1738	NC_000003.11:g.10191480T>C	True	Missense Variant
2467	NC_000003.11:g.10191480T>A	False	Missense Variant
1803	NC_000003.11:g.10191479C>G	True	Missense Variant
2505	NC_000003.11:g.10191494C>T	False	Missense Variant
2033	NC_000003.11:g.10191495T>A	True	Missense Variant
3198	NC_000003.11:g.10191494C>A	False	Missense Variant
2478	NC_000003.11:g.10191495T>C	False	Missense Variant
2563	NC_000003.11:g.10191495delT	False	Frameshift Truncation
3097	NC_000003.11:g.10191512C>T	False	Synonymous Variant
1887	NC_000003.11:g.10191513T>C	True	Missense Variant
2326	NC_000003.12:g.10149828_10149833del	False	Conservative Inframe Deletion
1748	NC_000003.11:g.10191540T>C	True	Missense Variant
1997	NC_000003.11:g.10191540T>A	True	Missense Variant
1888	NC_000003.11:g.10191540T>G	True	Missense Variant
2070	NC_000003.11:g.10191558T>A	False	Missense Variant
1776	NC_000003.11:g.10191558T>C	True	Missense Variant
1808	NC_000003.11:g.10191558T>G	True	Missense Variant
1852	NC_000003.11:g.10191570T>C	True	Missense Variant
1861	NC_000003.11:g.10191570T>A	True	Missense Variant
1924	NC_000003.11:g.10191570T>G	True	Missense Variant
1836	NC_000003.11:g.10191569C>G	True	Missense Variant
2139	NC_000003.11:g.10191569del	True	Frameshift Truncation
1828	NC_000003.11:g.10191570del	False	Minus 1 Frameshift Variant
2501	NC_000003.11:g.10191600T>C	False	Missense Variant
2010	NC_000003.11:g.10191600T>A	True	Missense Variant
2247	NC_000003.11:g.10191600T>G	False	Missense Variant
2543	NC_000003.11:g.10191599del	False	Minus 1 Frameshift Variant;Frameshift Truncation
1944	NC_000003.11:g.10183719T>C	False	Missense Variant
2020	NC_000003.11:g.10183785T>C	True	Missense Variant
2308	NC_000003.11:g.10183797T>A	False	Missense Variant
1793	NC_000003.11:g.10183797T>C	True	Missense Variant
2549	3-10183797-T-G	False	Missense Variant
847	NC_000003.11:g.10183531_10183551del	True	Start Lost
848	NC_000003.11:g.10183534G>A	True	Start Lost
846	NC_000003.11:g.10183532_10183548del	True	Start Lost
2868	NC_000003.11:g.10191638A>C	False	Missense Variant
2177	NC_000003.11:g.10183693G>C	False	Missense Variant
829	NC_000003.11:g.10183693_10183697del	True	Frameshift Truncation
1953	NC_000003.11:g.10188250C>A	True	Missense Variant
2460	NC_000003.11:g.10188250C>G	False	Missense Variant
2001	NC_000003.11:g.10188249A>G	True	Missense Variant
2580	NC_000003.11:g.10188249A>C	True	Non Conservative Missense Variant
1800	NC_000003.11:g.10188247_10188248del	True	Minus 2 Frameshift Variant
1868	NC_000003.11:g.10188250_10188251delinsA	False	Frameshift
2317	NC_000003.11:g.10188277delC	False	Frameshift Truncation
2318	NC_000003.12:g.10146595_10146601del	False	Minus 1 Frameshift Variant;Frameshift Truncation
1917	NC_000003.11:g.10188279_10188297del	False	Frameshift Variant
2162	NC_000003.11:g.10188306A>G	True	Missense Variant
2561	NC_000003.12:g.10146620del	True	Minus 1 Frameshift Variant;Frameshift Truncation
1770	NC_000003.12:g.10146622del	True	Minus 1 Frameshift Variant;Frameshift Truncation
2112	NC_000003.11:g.10183763A>G	False	Missense Variant
1754	NC_000003.11:g.10183763A>C	True	Missense Variant
2037	NC_000003.11:g.10183764A>T	True	Missense Variant
1755	NC_000003.11:g.10183764A>G	True	Missense Variant
1756	NC_000003.11:g.10183764A>C	True	Missense Variant
2113	NC_000003.11:g.10183763A>T	False	Missense Variant
849	NC_000003.11:g.10183550A>G	True	Missense Variant
2878	NC_000003.11:g.10183799A>C	False	Missense Variant
2149	NC_000003.11:g.10183800A>T	False	Missense Variant
2058	NC_000003.11:g.10183836del	True	Frameshift Truncation
1927	NC_000003.11:g.10183838C>G	False	Missense Variant
1795	NC_000003.11:g.10183840_10183841del	True	Frameshift Variant
2118	NC_000003.11:g.10183839C>T	False	Missense Variant
2866	3-10188271-A-G	False	Synonymous Variant
2120	NC_000003.11:g.10188270C>T	False	Missense Variant
2440	NC_000003.11:g.10188270C>G	True	Missense Variant
1928	NC_000003.11:g.10188269C>A	True	Missense Variant
2055	NC_000003.12:g.10146610del	True	Minus 1 Frameshift Variant;Frameshift Truncation
1962	NC_000003.11:g.10188319A>C	True	Synonymous Variant
1782	NC_000003.11:g.10188318C>T	True	Missense Variant
2427	NC_000003.11:g.10188317C>T	False	Missense Variant
1771	NC_000003.11:g.10188319del	True	Frameshift Truncation
2005	NC_000003.11:g.10191523del	False	Frameshift Truncation
2064	NC_000003.11:g.10191581C>T	False	Missense Variant
1864	NC_000003.11:g.10191582del	False	Missense Variant
850	NC_000003.11:g.10183605C>T	True	Missense Variant
2430	NC_000003.11:g.10183650C>G	False	Missense Variant
1930	NC_000003.11:g.10183706C>T	False	Missense Variant
851	NC_000003.11:g.10183704_10183705insC	True	Plus 1 Frameshift Variant;Frameshift Truncation
1929	NC_000003.11:g.10183707del	True	Minus 1 Frameshift Variant;Frameshift Truncation
1931	NC_000003.11:g.10183714C>G	False	Synonymous Variant
2145	NC_000003.11:g.10183713_10183716del	True	Frameshift Variant
2084	NC_000003.11:g.10183773C>T	False	Missense Variant
1837	NC_000003.11:g.10183772C>T	True	Missense Variant
1759	NC_000003.11:g.10183787C>G	True	Missense Variant
2307	NC_000003.11:g.10183788C>A	False	Missense Variant
1760	NC_000003.11:g.10183788C>T	True	Missense Variant
1849	NC_000003.11:g.10183788C>G	True	Missense Variant
1902	NC_000003.11:g.10183787C>T	True	Missense Variant
1758	NC_000003.11:g.10183785_10183786insC	True	Plus 1 Frameshift Variant;Frameshift Truncation
2117	NC_000003.11:g.10183815C>G	False	Missense Variant
2128	NC_000003.11:g.10183822C>G	False	Synonymous Variant
2069	NC_000003.11:g.10183821C>T	False	Missense Variant
1994	NC_000003.11:g.10188251C>T	True	Stop Gained
1882	3-10188252-A-C	False
2125	NC_000003.11:g.10188252A>C	True	Missense Variant
1883	NC_000003.11:g.10188290C>T	True	Stop Gained
1781	NC_000003.11:g.10188292_10188293delGC	False	Frameshift Variant
1845	NC_000003.11:g.10191497C>T	True	Stop Gained
1943	3-10191499-G-C	False	Missense Variant
2880	NC_000003.11:g.10191499G>T	False	Missense Variant
2079	NC_000003.11:g.10191498A>T	True	Missense Variant
1856	NC_000003.11:g.10191498A>G	True	Missense Variant
1810	NC_000003.11:g.10191590C>T	True	Stop Gained
1752	NC_000003.11:g.10183748C>T	True	Stop Gained
2041	NC_000003.11:g.10183748del	True	Frameshift Truncation
1848	NC_000003.11:g.10183817C>T	True	Stop Gained
1818	NC_000003.11:g.10183818A>C	False	Missense Variant
3246	NC_000003.12:g.10142135_10142137del	True	Disruptive Inframe Deletion
2007	NC_000003.11:g.10183850C>G	True	Missense Variant
2044	NC_000003.11:g.10183851G>A	True	Missense Variant
1840	NC_000003.11:g.10183851G>C	True	Missense Variant
1796	NC_000003.11:g.10183868C>T	True	Stop Gained
2143	NC_000003.11:g.10183868delC	True	Frameshift Truncation
2877	3-10188215-A-T	False	Stop Gained
1914	NC_000003.11:g.10188215A>G	True	Missense Variant
2494	3-10188216-G-C	False	Missense Variant
3244	NC_000003.12:g.10146531_10146532insAC	True	Frameshift Truncation;Plus 2 Frameshift Variant
1804	NC_000003.11:g.10191488C>T	True	Missense Variant
2148	NC_000003.11:g.10191488C>A	True	Synonymous Variant
1915	NC_000003.11:g.10191488C>G	True	Missense Variant
1855	NC_000003.11:g.10191489G>C	True	Missense Variant
1746	NC_000003.11:g.10191489G>A	True	Missense Variant
1805	NC_000003.11:g.10191506C>G	False	Missense Variant
1916	NC_000003.11:g.10191507G>T	True	Missense Variant
2458	NC_000003.11:g.10191507G>C	True	Missense Variant
1739	NC_000003.11:g.10191507G>A	True	Missense Variant
1747	NC_000003.11:g.10191506C>T	True	Missense Variant
1975	3-10191506-CGGAGC-T	False	Frameshift Variant
1780	NC_000003.11:g.10191533del	True	Frameshift Truncation
1827	NC_000003.11:g.10191536A>T	True	Stop Gained
1907	NC_000003.11:g.10191535del	True	Minus 1 Frameshift Variant;Frameshift Truncation
631	NC_000003.11:g.10191605C>T	True	Missense Variant
2302	NC_000003.11:g.10183709_10183710del	False	Frameshift Truncation;Minus 2 Frameshift Variant
1867	NC_000003.11:g.10183722G>C	True	Missense Variant
2175	NC_000003.11:g.10183766C>T	False	Missense Variant
1791	NC_000003.11:g.10183767G>C	True	Missense Variant
2241	NC_000003.11:g.10183775C>T	False	Missense Variant
2532	NC_000003.11:g.10183775C>G	False	Missense Variant
2110	NC_000003.11:g.10183776G>T	False	Missense Variant
1980	NC_000003.11:g.10183776G>C	True	Missense Variant
2089	NC_000003.11:g.10183774_10183782del	True	Inframe Deletion
1853	NC_000003.11:g.10183861_10183862delinsTT	True	Delins
2045	NC_000003.11:g.10183862A>T	True	Missense Variant
1762	NC_000003.12:g.10142178del	True	Frameshift Truncation
2243	NC_000003.11:g.10183862A>G	False	Missense Variant
1763	NC_000003.11:g.10183863G>A	True	Missense Variant
2156	NC_000003.11:g.10183862A>C	False	Missense Variant
2003	NC_000003.11:g.10183864C>A	False	Missense Variant
1764	NC_000003.11:g.10183864C>G	True	Missense Variant
2517	NC_000003.11:g.10183863del	False	Minus 1 Frameshift Variant;Frameshift Truncation
2541	NC_000003.11:g.10188273C>T	False	Missense Variant
2004	NC_000003.11:g.10191510delG	False	Frameshift Truncation
1941	NC_000003.11:g.10191510G>C	False	Missense Variant
1784	NC_000003.11:g.10191555C>A	True	Stop Gained
2161	NC_000003.11:g.10191555C>T	False	Missense Variant
2503	NC_000003.11:g.10191555C>G	False	Missense Variant
2100	NC_000003.11:g.10191555del	False	Frameshift Variant
3135	3-10183643-T-C	False	Missense Variant
1811	NC_000003.11:g.10183725C>A	True	Stop Gained
2011	NC_000003.11:g.10183724T>G	True	Missense Variant
2130	NC_000003.11:g.10183725delC	True	Frameshift Truncation
1788	NC_000003.11:g.10183725C>T	True	Missense Variant
1903	NC_000003.11:g.10183724T>C	True	Missense Variant
3048	NC_000003.11:g.10183724T>A	False	Missense Variant
1787	NC_000003.11:g.10183725C>G	True	Missense Variant
2122	NC_000003.11:g.10183734C>A	False	Stop Gained
1873	NC_000003.11:g.10183733T>C	True	Missense Variant
2012	NC_000003.11:g.10183734C>G	True	Missense Variant
1904	NC_000003.11:g.10183745T>C	True	Missense Variant
1816	NC_000003.12:g.10142061del	True	Minus 1 Frameshift Variant;Frameshift Truncation
2106	NC_000003.11:g.10183769A>G	False	Missense Variant
1757	NC_000003.11:g.10183770G>T	True	Missense Variant
1874	NC_000003.11:g.10183770G>A	True	Missense Variant
1963	NC_000003.11:g.10183769A>C	True	Missense Variant
1792	3-10183771-T-G	True	Missense Variant
2512	NC_000003.11:g.10183770_10183776del	False	Minus 1 Frameshift Variant;Frameshift Truncation
2511	NC_000003.11:g.10183770del	True	Minus 1 Frameshift Variant;Frameshift Truncation
2534	NC_000003.11:g.10183874_10183881delinsCG	False	Splice Donor Variant
2104	NC_000003.11:g.10183876G>C	True	Intron Variant
2461	NC_000003.11:g.10188323A>C	False
2065	NC_000003.12:g.10146639A>G	False	Splice Donor Region Variant
2146	NC_000003.11:g.10188323A>T	False	Splice Donor Region Variant
2292	NC_000003.11:g.10188328C>T	True	Splicing Variant
1681	NC_000009.11:g.5070054T>G	True	Splice Donor Variant
4374	NC_000007.14:g.116771990G>T	False	Splice Donor Variant
4377	NC_000007.14:g.116771991T>C	False	Splice Donor Variant
4386	NC_000007.14:g.116771989G>A	True	Splice Donor Variant
2114	NC_000003.11:g.10183872G>A	True	Splice Donor Variant
2074	NC_000003.11:g.10183872G>T	False	Splice Donor Variant
2017	NC_000003.12:g.10146513G>A	False	Splice Acceptor Variant
2454	NC_000003.12:g.10146513G>T	False	Splice Acceptor Variant
2133	NC_000003.11:g.10188196A>C	True	Splice Acceptor Variant
2504	NC_000003.11:g.10188196A>G	False
1972	NC_000003.11:g.10188321G>A	False	Splice Donor Variant
1998	NC_000003.11:g.10188321G>C	True	Splice Donor Variant
2048	NC_000003.11:g.10188321G>T	False	Splice Donor Variant
2075	NC_000003.11:g.10188322T>C	True	Splice Donor Variant
1974	NC_000003.11:g.10191470G>A	True	Splice Acceptor Variant
2077	NC_000003.11:g.10191470G>C	True	Splice Acceptor Variant
1990	NC_000003.11:g.10191470G>T	True	Splice Acceptor Variant
2093	NC_000003.11:g.10191469A>C	False	Splice Acceptor Variant
2078	NC_000003.11:g.10191469A>G	True	Splice Acceptor Variant
1992	NC_000003.11:g.10191469A>T	True	Splice Acceptor Variant
2248	NC_000003.11:g.10183829A>G	False	Missense Variant
1839	NC_000003.11:g.10183844A>C	True	Missense Variant
2054	NC_000003.11:g.10188228C>T	False	Missense Variant
1905	NC_000003.11:g.10188226del	False	Minus 1 Frameshift Variant;Frameshift Truncation
1843	NC_000003.11:g.10188254del	True	Minus 1 Frameshift Variant;Frameshift Truncation
2085	NC_000003.11:g.10188312C>T	False	Missense Variant
3130	NC_000003.11:g.10188311A>C	False	Missense Variant
1745	NC_000003.11:g.10191477C>T	True	Missense Variant
2323	NC_000003.11:g.10191476delA	False	Frameshift Truncation
1875	NC_000003.11:g.10188245G>T	False	Missense Variant
2380	NC_000003.11:g.10188245G>A	False	Missense Variant
1970	NC_000003.11:g.10188245G>C	True	Missense Variant
1909	NC_000003.11:g.10191471T>A	True	Missense Variant
1934	NC_000003.11:g.10191471T>G	True	Missense Variant
2076	NC_000003.11:g.10188320G>A	False	Missense Variant
2437	NC_000003.11:g.10191504T>C	True	Missense Variant
1775	NC_000003.11:g.10191504T>A	True	Missense Variant
1825	NC_000003.11:g.10191503G>T	True	Missense Variant
1910	NC_000003.11:g.10191516T>C	False	Missense Variant
1826	NC_000003.11:g.10191516T>A	True	Missense Variant
1806	NC_000003.11:g.10191515G>T	True	Missense Variant
1935	NC_000003.11:g.10191516T>G	True	Missense Variant
1847	NC_000003.11:g.10191547_10191550del	True	Minus 1 Frameshift Variant;Frameshift Truncation
2493	NC_000003.11:g.10191588T>G	False	Missense Variant
1789	NC_000003.11:g.10183727delG	False	Stop Gained
1936	NC_000003.11:g.10183728T>G	False	Missense Variant
1999	NC_000003.11:g.10183752T>G	True	Missense Variant
2270	NG_008212.3:g.5426_5445del	False	Frameshift Truncation;Minus 2 Frameshift Variant
1937	NC_000003.11:g.10183781G>C	False	Missense Variant
1815	NC_000003.11:g.10183781G>T	True	Missense Variant
2101	NC_000003.11:g.10183781G>A	True	Missense Variant
2068	NC_000003.11:g.10183791T>C	False	Missense Variant
2513	NC_000003.11:g.10183791T>A	False	Missense Variant
2432	NC_000003.11:g.10183790_10183791insA	True	Plus 1 Frameshift Variant;Frameshift Truncation
2249	NC_000003.11:g.10188207G>A	False	Stop Gained
1821	NC_000003.11:g.10188208G>A	False	Stop Gained
1767	NC_000003.11:g.10188208G>T	True	Missense Variant
2521	NC_000003.11:g.10188206T>G	False	Missense Variant
2522	NC_000003.11:g.10188206T>A	False	Missense Variant
2523	NC_000003.11:g.10188207G>C	False	Missense Variant
1294	NC_000003.11:g.10183555G>A	True	Stop Gained
2151	NC_000003.11:g.10183794G>A	True	Stop Gained
1908	NC_000003.11:g.10183795G>A	True	Stop Gained
2124	NC_000003.11:g.10183795G>C	False	Missense Variant
2039	NC_000003.11:g.10183794_10183796delinsTT	True	Frameshift Variant;Delins
2242	NC_000003.11:g.10183794G>T	False	Missense Variant
1761	NC_000003.11:g.10183793T>A	True	Missense Variant
2056	NC_000003.11:g.10183793T>C	True	Missense Variant
1966	NC_000003.11:g.10183794G>C	True	Missense Variant
1766	NC_000003.11:g.10183867C>A	True	Stop Gained
2818	NC_000003.11:g.10183866A>G	False	Missense Variant
1865	NC_000003.11:g.10183865T>C	True	Missense Variant
2006	NC_000003.11:g.10183865T>A	False	Missense Variant
1968	NC_000003.11:g.10191475T>G	True	Stop Gained
1946	NC_000003.11:g.10191474A>G	True	Missense Variant
1967	NC_000003.11:g.10191473T>G	True	Missense Variant
3182	NC_000003.11:g.10191473T>C	False	Missense Variant
2013	NC_000003.11:g.10191473T>A	True	Missense Variant
3193	NC_000003.11:g.10191474A>C	False	Missense Variant
2453	NC_000003.11:g.10191472_10191477del	False	Conservative Inframe Deletion
1932	NC_000003.11:g.10191532C>A	True	Stop Gained
1969	NC_000003.11:g.10191532C>G	True	Stop Gained
2138	NC_000003.11:g.10191532del	True	Frameshift Truncation
2067	NC_000003.11:g.10191531A>G	True	Missense Variant
1846	NC_000003.11:g.10191530T>G	True	Missense Variant
2066	NC_000003.11:g.10191530T>A	True	Missense Variant
2115	NC_000003.11:g.10191562C>A	False	Stop Gained
1809	NC_000003.11:g.10191562C>G	True	Stop Gained
3125	NC_000003.11:g.10183825C>G	False	Stop Gained
1933	NC_000003.11:g.10183824A>G	True	Missense Variant
852	NC_000003.11:g.10183822_10183841del	True	Frameshift Truncation
2160	NC_000003.11:g.10183822delC	True	Frameshift Truncation
1741	NC_000003.11:g.10183823T>C	True	Missense Variant
2484	NC_000003.11:g.10183823T>A	False	Missense Variant
2480	NC_000003.11:g.10183824A>C	False	Missense Variant
3022	NC_000003.11:g.10191943G>A	False	3 Prime UTR Variant
615	NC_000009.11:g.5070053_5070054insG	True
3161	3-10183878-G-A	False
877	NC_000020.11:g.58903752C>T	True	Synonymous Variant
731	NC_000003.11:g.37056036G>A	True	Splice Donor Variant
