variant_id,gene_name,variant_name,category,#_evidence_items,evidence_score_sum
1,ABL1,BCR::ABL,Fusion,185,494.0
5,ALK,EML4::ALK,Fusion,95,167.0
17,BRAF,V600,Protein Consequence,26,153.0
19,CCND1,Expression,Expression,2,10.0
20,CCND1,Overexpression,Expression,10,40.0
21,CCND2,OVEREXPRESSION,Expression,4,4.0
22,CCND2,PROMOTER DEMETHYLATION,Epigenetic Modification,1,1.0
23,CCND3,Loss,Gene Function,1,1.0
24,CCNE1,Overexpression,Expression,7,19.0
25,CDK4,EXPRESSION,Expression,3,3.0
27,CDKN2A,Promoter Hypermethylation,Epigenetic Modification,2,10.0
28,CEBPA,N-TERMINAL FRAME SHIFT,Protein Consequence,2,6.0
29,CEBPA,Mutation,Region Defined Variant,6,30.0
30,CSF1R,MEF2D::CSF1R,Fusion,3,5.0
31,PRKACA,DNAJB1::PRKACA,Fusion,4,18.0
32,DNMT3A,R882,Protein Consequence,28,140.0
41,ERBB2,P780INS,Rearrangements,2,4.0
52,FGFR2,FGFR2::MGEA5,Fusion,1,3.0
53,FGFR3,FGFR3::BAIAP2L1,Fusion,1,1.0
54,FGFR2,FGFR2::TACC3,Fusion,1,3.0
55,FLT3,ITD,Rearrangements,42,183.0
56,FLT3,TKD MUTATION,Gene Function,8,40.0
57,GATA2,EXPRESSION,Expression,1,1.0
58,IDH1,R132,Protein Consequence,19,99.0
62,IDH2,R140,Protein Consequence,6,26.0
66,KIT,Exon 11 Mutation,Region Defined Variant,16,76.5
67,KIT,Internal Duplication,Copy Number,1,3.0
69,KIT,Exon 14 Mutation,Region Defined Variant,1,5.0
74,KRAS,EXON 2 Mutations,Region Defined Variant,1,5.0
75,KRAS,Exon 2 Mutation,Region Defined Variant,11,56.0
76,KRAS,G12,Protein Consequence,11,51.0
77,KRAS,G12/G13,Protein Consequence,14,62.0
80,KRAS,G13,Protein Consequence,1,5.0
85,MGMT,Promoter Methylation,Epigenetic Modification,7,40.5
86,NPM1,EXON 12 MUTATION,Region Defined Variant,30,142.0
87,NPM1,W288FS,Protein Consequence,4,11.5
92,NRAS,G12,Protein Consequence,1,5.0
94,NRAS,Q61,Protein Consequence,9,43.0
105,PIK3CA,Exon 21 Mutation,Region Defined Variant,3,15.0
106,PIK3CA,Exon 10 Mutation,Region Defined Variant,3,15.0
108,PML,PML::RARA,Fusion,5,33.0
119,TP53,R249,Protein Consequence,3,11.0
124,TSC1,Frameshift Truncation,Protein Consequence,2,6.0
125,TSC1,Loss-of-function,Gene Function,4,23.0
127,U2AF1,Q157P/R,Protein Consequence,4,20.0
128,U2AF1,S34Y/F,Protein Consequence,3,15.0
129,WT1,Exon 7 Mutation,Region Defined Variant,9,45.0
130,WT1,Exon 9 Mutation,Region Defined Variant,2,10.0
131,BRCA1,Loss-of-function,Gene Function,10,59.0
132,BRCA2,Loss-of-function,Gene Function,15,66.0
133,EGFR,Exon 19 Deletion,Region Defined Variant,24,139.0
137,NOTCH1,V2444FS,Protein Consequence,1,5.0
138,NOTCH1,S2275FS,Protein Consequence,1,5.0
151,BCL2,IGH::BCL2,Fusion,1,5.0
152,BCL2,Overexpression,Expression,2,6.0
155,RUNX1,Mutation,Region Defined Variant,7,35.0
156,IGF2,Overexpression,Expression,4,8.0
157,TET2,Mutation,Region Defined Variant,6,30.0
158,AURKA,EXPRESSION,Expression,3,11.0
159,VHL,Loss-of-function,Gene Function,2,6.0
160,VHL,Mutation,Region Defined Variant,5,25.0
161,PBRM1,Mutation,Region Defined Variant,4,20.0
163,EZH2,Mutation,Region Defined Variant,3,15.0
164,FLI1,EWSR1::FLI1 e7-e6,Fusion,1,5.0
165,EZH2,Y646,Protein Consequence,4,12.0
167,KMT2D,Loss-of-function,Gene Function,1,5.0
174,APC,Mutation,Region Defined Variant,3,5.0
176,AR,W742,Protein Consequence,1,1.0
177,ASXL1,Mutation,Region Defined Variant,7,35.0
178,ATM,Mutation,Region Defined Variant,11,43.0
179,ATM,Underexpression,Expression,6,22.0
181,AURKA,Overexpression,Expression,4,12.0
182,BAP1,EXPRESSION,Expression,1,5.0
183,BAP1,Mutation,Region Defined Variant,6,21.5
184,BRAF,AKAP9::BRAF,Fusion,2,8.0
185,BRCA1,Mutation,Region Defined Variant,32,203.0
186,BRCA2,Mutation,Region Defined Variant,30,164.0
189,DNMT3A,Mutation,Region Defined Variant,7,35.0
191,EGFR,Copy Number Variation,Copy Number,1,5.0
193,EGFR,Overexpression,Expression,16,74.0
194,ERG,EWSR1::ERG,Fusion,1,5.0
195,ERG,TMPRSS2::ERG,Fusion,1,5.0
199,IDH2,R172,Protein Consequence,5,25.0
200,IKZF1,Deletion,Gene Function,16,90.0
203,KRAS,Q61,Protein Consequence,2,10.0
205,NCOA3,OVEREXPRESSION,Expression,1,5.0
206,NOTCH1,Mutation,Region Defined Variant,6,31.0
207,NOTCH1,P2514FS,Protein Consequence,2,10.0
208,NRAS,Mutation,Region Defined Variant,22,93.0
209,PAX8,PAX8::PPARG,Fusion,1,5.0
210,PGR,Expression,Expression,4,20.0
213,PTEN,Deletion,Gene Function,4,18.0
214,PTEN,Loss,Gene Function,47,125.0
215,SF3B1,Mutation,Region Defined Variant,7,40.0
216,SMAD4,Mutation,Region Defined Variant,3,15.0
217,SMARCA4,MUTATION,Region Defined Variant,1,5.0
218,SMARCA4,INACTIVATING MUTATION,Gene Function,3,6.5
220,TERT,Promoter Mutation,Region Defined Variant,9,43.0
221,TP53,Deleterious Mutation,Region Defined Variant,7,27.0
222,TP53,Mutation,Region Defined Variant,37,176.0
223,TP53,Truncating Mutation,Protein Consequence,2,10.0
230,CHEK2,Loss-of-function,Gene Function,1,5.0
236,CDK12,Loss-of-function,Gene Function,1,1.0
242,TP53,DNA Binding Domain Mutation,Region Defined Variant,2,10.0
245,NF2,Y177fs,Protein Consequence,1,3.0
250,GSTP1,Deletion,Gene Function,1,1.0
252,EGFR,Exon 4 Deletion,Region Defined Variant,1,1.0
254,KRAS,RS61764370,Other,2,10.0
255,ERCC5,RS751402,Other,1,5.0
256,KIT,rs17084733,Other,1,5.0
257,EZH2,Intron 6 Mutation,Region Defined Variant,1,5.0
265,TYMS,5' TANDEM REPEAT,Other,1,5.0
266,LRP1B,EXON 12-22 DELETION,Region Defined Variant,1,1.0
268,FGFR1,Expression,Expression,9,21.0
269,ROS1,Rearrangement,Rearrangements,9,39.5
271,ATR,I774FS,Protein Consequence,1,5.0
272,CDKN2A,p16 Expression,Expression,11,56.0
273,RET,KIF5B::RET,Fusion,5,17.0
275,HRAS,Mutation,Region Defined Variant,3,11.0
276,CD274,Expression,Expression,26,135.0
277,MTOR,Mutation,Region Defined Variant,2,8.0
278,AKT2,EXPRESSION,Expression,1,5.0
279,NF2,K159fs,Protein Consequence,1,3.0
281,FBXW7,Mutation,Region Defined Variant,2,10.0
282,SMAD4,Underexpression,Expression,5,21.0
285,BRAF,AGK::BRAF,Fusion,2,4.0
286,BRAF,PAPSS1::BRAF,Fusion,2,2.0
287,BRAF,TRIM24::BRAF,Fusion,2,2.0
289,ERBB3,Overexpression,Expression,7,19.0
290,NT5E,Overexpression,Expression,1,5.0
291,EZH2,Overexpression,Expression,3,11.0
292,MYD88,Overexpression,Expression,1,1.0
296,RIT1,OVEREXPRESSION,Expression,1,5.0
297,RIT1,Mutation,Region Defined Variant,2,6.0
300,SMO,Mutation,Region Defined Variant,4,16.0
301,PTCH1,Mutation,Region Defined Variant,2,10.0
302,PTCH1,LOH,Genotypes Compound,1,5.0
303,STK11,EXON 1-2 MUTATION,Region Defined Variant,1,5.0
304,STK11,Underexpression,Expression,1,1.0
305,SYK,OVEREXPRESSION,Expression,1,1.0
310,ERBB4,Mutation,Region Defined Variant,1,1.0
311,PIK3CA,Mutation,Region Defined Variant,41,154.0
312,EGFR,VIII,Gene Function,9,27.0
313,PTEN,Expression,Expression,5,19.0
314,NRG1,Expression,Expression,9,17.0
315,AREG,Expression,Expression,5,21.0
316,TGFA,EXPRESSION,Expression,1,5.0
318,EREG,EXPRESSION,Expression,3,10.5
323,MET,Mutation,Region Defined Variant,1,5.0
324,MET,Exon 14 Skipping Mutation,Region Defined Variant,62,217.0
325,FGFR3,Overexpression,Expression,3,3.0
326,CBLC,EXPRESSION,Expression,1,1.0
327,PTPRD,Mutation,Region Defined Variant,1,1.0
328,DEFA1,EXPRESSION,Expression,1,5.0
329,ERCC1,Expression,Expression,4,20.0
331,WEE1,RS3910384,Other,1,5.0
332,FNTB,RS11623866,Other,1,5.0
333,PTPRT,Promoter Hypermethylation,Epigenetic Modification,1,1.0
334,VEGFA,Decreased Peri-therapeutic Expression,Expression,1,5.0
335,DNMT1,EXPRESSION,Expression,2,6.0
336,KRAS,Mutation,Region Defined Variant,55,206.5
337,PDCD4,EXPRESSION,Expression,1,5.0
338,MGMT,RS16906252,Other,1,5.0
339,TFF3,EXPRESSION,Expression,1,5.0
340,DKK1,NUCLEAR EXPRESSION,Expression,1,5.0
341,CD44,CD44s Expression,Expression,1,1.0
342,EGF,EXPRESSION,Expression,1,1.0
343,MDM2,EXPRESSION,Expression,3,11.0
344,HMOX1,EXPRESSION,Expression,1,5.0
345,SPHK1,OVEREXPRESSION,Expression,1,5.0
346,CASP8,Overexpression,Expression,1,1.0
347,TYMS,Overexpression,Expression,3,15.0
348,PBK,OVEREXPRESSION,Expression,1,1.0
349,SMARCA4,Underexpression,Expression,3,13.0
350,SETBP1,Exon 4 Mutation,Region Defined Variant,1,5.0
354,EGFR,Expression,Expression,8,34.0
355,CDKN1A,EXPRESSION,Expression,1,5.0
356,ALCAM,EXPRESSION,Expression,1,5.0
357,STMN1,EXPRESSION,Expression,1,5.0
359,AR,OVEREXPRESSION,Expression,2,6.0
360,CDKN1B,CYTOPLASMIC MISLOCALIZATION,Other,1,1.0
361,ERBB3,EXPRESSION,Expression,3,3.0
362,AR,V7 EXPRESSION,Expression,10,48.0
363,UGT1A,EXPRESSION,Expression,1,1.0
364,ERBB4,NUCLEAR TRANSLOCATION,Rearrangements,1,1.0
365,ERBB4,EXPRESSION,Expression,3,7.0
366,SLFN11,EXPRESSION,Expression,3,3.0
368,BIRC5,NUCLEAR EXPRESSION,Expression,1,5.0
369,TP53,Wildtype,Genotypes Easy,6,22.0
370,MRE11,Loss,Gene Function,1,1.0
372,CDKN1B,EXPRESSION,Expression,1,5.0
373,AGR2,EXPRESSION,Expression,1,5.0
374,NAPRT,Promoter Hypermethylation,Epigenetic Modification,1,1.0
375,EGFR,Exon 18 Overexpression,Other,1,5.0
376,ZEB1,Expression,Expression,3,3.0
377,TIMP1,Overexpression,Expression,2,6.0
378,PTP4A3,OVEREXPRESSION,Expression,1,1.0
380,IGF1R,EXPRESSION,Expression,1,1.0
381,EPHB4,EXPRESSION,Expression,1,5.0
382,TYMS,Underexpression,Expression,2,8.0
383,TOP2A,EXPRESSION,Expression,1,5.0
384,TOP1,EXPRESSION,Expression,2,10.0
385,PRKAA2,T172 PHOSPHORYLATION,Epigenetic Modification,1,0.5
386,HSPA5,EXPRESSION,Expression,1,5.0
387,EIF4EBP1,PHOSPHORYLATION,Epigenetic Modification,2,2.0
388,KIT,Mutation,Region Defined Variant,9,57.0
389,TUBB3,EXPRESSION,Expression,2,6.0
390,EGFR,Y1092 PHOSPHORYLATION,Epigenetic Modification,1,5.0
391,IGF1R,NUCLEAR EXPRESSION,Expression,1,5.0
392,CFLAR,EXPRESSION,Expression,1,1.0
393,PROM1,EXPRESSION,Expression,1,5.0
394,FOXP3,EXPRESSION,Expression,1,5.0
395,RPS6,PHOSPHORYLATION,Epigenetic Modification,1,1.0
396,JAK1,OVEREXPRESSION,Expression,2,4.0
397,BRCA1,Expression,Expression,1,1.0
398,DUSP6,EXPRESSION,Expression,1,1.0
399,BRAF,Mutation,Region Defined Variant,13,55.0
400,HSPB1,EXPRESSION,Expression,1,1.0
401,NQO1,EXPRESSION,Expression,1,1.0
403,BRCA1,Underexpression,Expression,1,5.0
405,CXCR4,EXPRESSION,Expression,2,6.0
406,MAGEH1,EXPRESSION,Expression,1,1.0
408,ABCC10,Overexpression,Expression,1,1.0
410,CDX2,EXPRESSION,Expression,1,5.0
411,STAT3,SH2 DOMAIN MUTATION,Region Defined Variant,1,5.0
412,POU5F1,EXPRESSION,Expression,1,1.0
413,ERBB2,Kinase Domain Mutation,Region Defined Variant,2,6.0
414,ERBB2,Y772_A775DUP,Copy Number,7,17.0
416,ERBB2,SERUM LEVELS,Expression,2,10.0
417,THBS2,UNDEREXPRESSION,Expression,1,5.0
419,NTRK1,Fusion,Fusion,12,50.0
421,TERT,RS2736100,Other,1,5.0
422,STAG2,Underexpression,Expression,3,11.0
423,HLA-DRA,EXPRESSION,Expression,1,5.0
426,BRAF,WILD TYPE,Genotypes Easy,1,5.0
428,MRE11,Frameshift,Protein Consequence,1,5.0
429,KIT,EXPRESSION,Expression,6,24.0
431,CBFB,CBFB::MYH11,Fusion,1,5.0
432,KMT2A,KMT2A::MLLT3,Fusion,2,20.0
433,HIF1A,3' UTR Polymorphism,Region Defined Variant,1,5.0
434,HIF1A,OVEREXPRESSION,Expression,2,10.0
435,EPAS1,Overexpression,Expression,2,10.0
436,VHL,Loss,Gene Function,2,6.0
437,FLT3,D835,Protein Consequence,10,44.0
438,PSMB8,NUCLEAR EXPRESSION,Expression,1,5.0
439,PBK,NUCLEAR EXPRESSION,Expression,1,5.0
440,PTTG1,OVEREXPRESSION,Expression,1,5.0
441,LEPR,UNDEREXPRESSION,Expression,1,5.0
442,EGFR,Mutation,Region Defined Variant,20,92.0
444,NEDD9,EXPRESSION,Expression,1,5.0
445,ETS2,RS461155,Other,1,5.0
446,KRT18,UNDEREXPRESSION,Expression,1,1.0
447,FGF13,CYTOPLASMIC EXPRESSION,Expression,1,5.0
448,SSX1,SS18::SSX1,Fusion,7,40.0
449,SSX2,SS18::SSX2,Fusion,4,25.0
450,SSX4,SS18::SSX4,Fusion,1,3.0
451,ABCB1,S893A/T,Protein Consequence,1,5.0
461,PML,B2 DOMAIN MUTATION,Region Defined Variant,1,5.0
462,PML,PML::RARA A216V,Fusion,2,8.0
463,PML,PML::RARA L218P,Fusion,1,3.0
465,ROS1,CD74::ROS1 G2032R,Other,8,12.0
466,FGFR1,ZNF198::FGFR1,Fusion,1,3.0
472,ALDH1A2,Overexpression,Expression,2,10.0
473,ALDH1A2,Underexpression,Expression,1,1.0
474,CIP2A,EXPRESSION,Expression,1,5.0
475,CIP2A,Underexpression,Expression,1,1.0
476,MIR218-1,EXPRESSION,Expression,2,10.0
477,BRCA1,P968FS,Protein Consequence,2,6.0
481,DDX43,Overexpression,Expression,1,1.0
482,KIT,RS3733542,Other,1,5.0
483,TBK1,Overexpression,Expression,1,1.0
485,STK11,Loss,Gene Function,5,9.0
486,HAVCR2,Overexpression,Expression,2,4.0
487,MMP2,SERUM LEVELS,Expression,2,10.0
488,MMP9,SERUM LEVELS,Expression,1,5.0
490,HSPH1,NUCLEAR EXPRESSION,Expression,2,6.0
491,HSPH1,T17 DELETION,Region Defined Variant,1,5.0
492,ECSCR,EXPRESSION,Expression,1,5.0
493,ROBO4,EXPRESSION,Expression,1,5.0
494,PIM1,NUCLEAR EXPRESSION,Expression,1,5.0
495,MDM2,SNP309,Protein Consequence,1,5.0
497,ERBB2,S310F/Y,Protein Consequence,2,2.0
498,MIR218-1,UNDEREXPRESSION,Expression,1,1.0
499,ALK,Fusion,Fusion,67,327.0
500,ALK,EML4::ALK e20-e20,Fusion,4,8.0
501,ALK,EML4::ALK e2-e20,Fusion,2,1.0
503,ALK,EML4::ALK e6-e20,Fusion,7,9.0
505,GNAQ,Mutation,Region Defined Variant,4,12.0
506,GNA11,Mutation,Region Defined Variant,4,10.0
507,GNAQ,Q209,Protein Consequence,2,8.0
508,PMS2,K706FS*19,Protein Consequence,1,3.0
509,KIT,Exon 9 Mutation,Region Defined Variant,9,48.0
510,PTEN,Mutation,Region Defined Variant,9,27.0
511,FGFR2,Mutation,Region Defined Variant,7,25.0
512,ALK,Mutation,Region Defined Variant,2,15.0
513,ALK,NPM::ALK,Fusion,4,8.0
514,ALK,RANBP2::ALK,Fusion,1,3.0
516,ROS1,CD74::ROS1 L2026M,Other,4,4.0
517,ROS1,CD74::ROS1 L2155S,Other,1,1.0
518,ROS1,CD74::ROS1 G2101A,Other,2,2.0
519,FLT3,Mutation,Region Defined Variant,8,39.0
520,ALK,CLTC::ALK,Fusion,3,7.0
521,U2AF1,MUTATION,Region Defined Variant,1,5.0
522,BRAF,DEL 485-490,Region Defined Variant,1,1.0
524,DUX4,Fusion,Fusion,2,4.0
525,B4GALT1,Overexpression,Expression,1,5.0
526,BCL2L11,Deletion Polymorphism,Region Defined Variant,3,15.0
527,ALK,I1171,Protein Consequence,10,20.0
529,SIRT1,Overexpression,Expression,2,6.0
532,PALB2,Biallelic Inactivation,Other,2,6.0
533,SMAD4,Expression,Expression,2,8.0
534,FANCC,Loss-of-function,Gene Function,1,1.0
535,PDGFRB,EBF1::PDGFRB,Fusion,6,18.0
537,RB1,EXPRESSION,Expression,1,5.0
538,MLH1,METHYLATION,Epigenetic Modification,1,5.0
539,PTPN11,Overexpression,Expression,1,5.0
541,PALB2,L531FS*30,Protein Consequence,1,5.0
546,ACTA1,EXPRESSION,Expression,1,5.0
547,RB1,Overexpression,Expression,1,1.0
548,PPP1R15A,RS557806,Other,1,5.0
550,ALK,Exon 4-11 Deletion,Region Defined Variant,1,1.0
554,CDKN2A,Loss,Gene Function,11,25.0
555,CDKN2B,Loss,Gene Function,2,2.0
557,ASXL1,EXON 12 MUTATION,Region Defined Variant,1,5.0
558,GNA11,Q209,Protein Consequence,1,5.0
559,CALR,EXON 9 FRAMESHIFT,Other,7,40.0
560,CSF3R,Mutation,Region Defined Variant,2,10.0
564,SMAD4,LOSS,Gene Function,2,10.0
567,PDGFRA,Fusion,Fusion,2,20.0
568,PDGFRB,Fusion,Fusion,6,53.0
569,FGFR1,Fusion,Fusion,3,21.0
570,IDH2,Mutation,Region Defined Variant,6,29.0
571,JAK2,PCM1::JAK2,Fusion,2,13.0
574,PDGFRA,FIP1L1::PDGFRA,Fusion,7,31.0
575,ROS1,FUSIONS,Fusion,1,10.0
576,ROS1,TFG::ROS1,Fusion,1,3.0
577,PDGFRA,FIP1L1::PDGFRA T674I,Fusion,4,8.0
578,BIRC5,Overexpression,Expression,1,5.0
587,NF1,Mutation,Region Defined Variant,10,37.0
590,BIRC3,TRUNCATING MUTATION,Protein Consequence,1,5.0
594,CEBPA,BIALLELIC INACTIVATION,Other,1,5.0
595,SRSF2,MUTATION,Region Defined Variant,1,5.0
596,NRAS,G12/G13,Protein Consequence,1,5.0
597,RET,Overexpression,Expression,4,10.0
599,CTLA4,CTLA4::CD28,Fusion,1,3.0
600,AR,Mutation,Region Defined Variant,1,5.0
601,NOTCH1,Loss-of-function,Gene Function,1,1.0
602,CDK6,Overexpression,Expression,4,12.0
603,FLT3,Overexpression,Expression,1,3.0
605,PTEN,V317FS,Protein Consequence,1,1.0
606,RB1,Loss-of-function,Gene Function,2,2.0
607,ESR1,Overexpression,Expression,1,5.0
613,FLT3,D835H/Y,Protein Consequence,1,1.0
616,B2M,S14FS,Protein Consequence,1,3.0
617,BRAF,PPFIBP2::BRAF,Fusion,1,3.0
618,BRAF,KIAA1549::BRAF,Fusion,16,46.0
619,PTGS2,Overexpression,Expression,1,5.0
621,MET,Overexpression,Expression,12,42.0
623,POT1,MUTATION,Region Defined Variant,1,5.0
624,MKI67,EXPRESSION,Expression,2,10.0
625,RAD23B,EXPRESSION,Expression,1,1.0
626,RET,CCDC6::RET,Fusion,3,9.0
632,RB1,PHOSPHORYLATION,Epigenetic Modification,1,5.0
633,PIK3R1,Mutation,Region Defined Variant,2,6.0
637,FBXW7,Loss-of-function,Gene Function,2,1.5
638,RB1,M695FS*26,Protein Consequence,1,1.0
639,JUN,Overexpression,Expression,1,3.0
640,FOS,Overexpression,Expression,1,3.0
641,CDKN2A,RS3814960,Other,1,5.0
642,MDM2,RS34886328,Other,1,5.0
643,CBLB,RS2305035,Other,1,5.0
644,PRDM1,MUTATION,Region Defined Variant,2,10.0
645,IDH1,Mutation,Region Defined Variant,7,39.0
646,SMAD4,Deletion,Gene Function,1,5.0
647,LRP1B,DELETION,Gene Function,1,5.0
648,ATRX,Underexpression,Expression,4,12.0
651,AXL,EXPRESSION,Expression,1,5.0
652,GAS6,EXPRESSION,Expression,2,6.0
653,ETV4,Overexpression,Expression,3,7.0
654,STAG3,Underexpression,Expression,1,1.0
656,BRAF,BRAF::CUL1,Fusion,1,3.0
657,BRAF,ZKSCAN1::BRAF,Fusion,1,3.0
660,HIF1A,EXPRESSION,Expression,1,5.0
662,MLH1,EXPRESSION,Expression,1,5.0
663,BCOR,Mutation,Region Defined Variant,2,10.0
664,CDH1,MUTATION,Region Defined Variant,1,0.5
665,RHOA,MUTATION,Region Defined Variant,1,0.5
666,ERBB2,Mutation,Region Defined Variant,3,13.0
667,MEN1,FRAMESHIFT TRUNCATION,Protein Consequence,1,3.0
668,KMT2C,MUTATION,Region Defined Variant,1,5.0
669,STAG2,MUTATION,Region Defined Variant,3,15.0
670,MYCL,EXPRESSION,Expression,1,1.0
671,HGF,EXPRESSION,Expression,1,1.0
672,SOX10,Loss,Gene Function,1,1.0
673,FGF2,EXPRESSION,Expression,1,1.0
674,EIF1AX,MUTATION,Region Defined Variant,1,3.0
683,PAX8,Expression,Expression,1,10.0
693,SGK1,Overexpression,Expression,3,7.0
695,SMARCB1,Underexpression,Expression,1,1.0
696,SMARCB1,Deletion,Gene Function,3,7.0
697,NF2,Loss,Gene Function,1,1.0
698,NF1,Loss,Gene Function,4,8.0
699,SH2B3,RS3184504,Other,1,5.0
700,KIF23,EXPRESSION,Expression,1,5.0
705,GADD45A,rs681673,Other,1,5.0
706,EWSR1,EWSR1::FLI1,Fusion,5,25.0
708,BRCA2,TRUNCATING MUTATION,Protein Consequence,1,3.0
709,BRCA1,Alu insertion,Rearrangements,1,3.0
711,KLLN,PROMOTER METHYLATION,Epigenetic Modification,2,10.0
713,CRBN,Mutation,Region Defined Variant,1,3.0
715,STK11,Mutation,Region Defined Variant,2,10.0
717,DDIT3,EWSR1::DDIT3,Fusion,2,8.0
718,EGFR,G719,Protein Consequence,4,25.0
719,BRD4,BRD4::NUTM1,Fusion,3,9.0
720,EGFR,S720,Protein Consequence,1,3.0
721,CYP2D6,Loss-of-function,Gene Function,1,5.0
722,DDIT3,FUS::DDIT3,Fusion,3,16.0
725,MLH1,E13fs,Protein Consequence,1,3.0
726,EGFR,Exon 20 Insertion,Other,9,49.0
729,UGT1A1,UGT1A1*28,Genotypes Easy,1,10.0
730,MLH1,G606FS*2,Protein Consequence,1,3.0
732,UGT1A1,UGT1A1*60,Genotypes Easy,1,5.0
735,MLH1,R687FS,Protein Consequence,1,3.0
737,DPYD,DPYD*2A HOMOZYGOSITY,Genotypes Compound,1,10.0
738,DPYD,DPYD*13 HOMOZYGOSITY,Genotypes Compound,1,10.0
739,FOS,TRUNCATING FUSION,Fusion,1,3.0
740,DPYD,RS67376798 HOMOZYGOSITY,Other,1,10.0
742,WWTR1,WWTR1::CAMTA1,Fusion,1,5.0
744,MLH1,Q426FS,Protein Consequence,1,3.0
746,MLH1,D667FS,Protein Consequence,1,3.0
750,MLH1,V213FS,Protein Consequence,1,3.0
756,MLH1,P536FS,Protein Consequence,1,3.0
762,MSH2,V273FS,Protein Consequence,1,3.0
763,MSH2,E28FS,Protein Consequence,1,3.0
765,MSH6,I891FS,Protein Consequence,1,3.0
774,PDGFRA,TNKS2::PDGFRA,Fusion,1,3.0
777,SLCO1B1,RS4149056,Other,1,5.0
779,TYMS,RS34743033,Other,1,5.0
780,GLI1,ACTB::GLI1,Fusion,1,5.0
782,FGFR2,FGFR2::BICC1,Fusion,4,12.0
783,FGFR2,FGFR2::AHCYL1,Fusion,2,6.0
784,CDKN2B,METHYLATION,Epigenetic Modification,1,5.0
785,CHEK2,1100DELC,Protein Consequence,2,10.0
788,CHEK2,IVS2+1G>A,Other,1,5.0
795,RRM1,Overexpression,Expression,1,1.0
796,RRM2,OVEREXPRESSION,Expression,1,1.0
797,POLE,Mutation,Region Defined Variant,3,9.0
799,RB1,Mutation,Region Defined Variant,2,8.0
800,NTRK1,SQSTM1::NTRK1,Fusion,4,12.0
801,NTRK3,ETV6::NTRK3,Fusion,34,133.0
804,RUNX1,R135FSX177,Protein Consequence,1,3.0
805,NTRK3,ETV6::NTRK3 G623R,Fusion,2,4.0
808,MSH2,Loss,Gene Function,1,3.0
809,MSH6,LOSS,Gene Function,1,3.0
810,RUNX1,T148HFSX9,Protein Consequence,1,3.0
817,ERBB2,G778_P780DUP,Copy Number,2,6.0
819,PTPRB,Loss-of-function,Gene Function,2,6.0
821,HLA-C,COPY-NEUTRAL LOSS OF HETEROZYGOSITY,Genotypes Compound,1,3.0
823,EPCAM,3' Exon Deletion,Region Defined Variant,1,5.0
827,FGFR3,Mutation,Region Defined Variant,5,30.0
830,FGFR3,FGFR3::TACC3,Fusion,5,17.0
839,ALK,Alternative Transcript (ATI),Other,4,8.0
843,VHL,Exon 1-3 Deletion,Region Defined Variant,19,57.0
844,VHL,Exon 1 Deletion,Region Defined Variant,37,111.0
845,VHL,Exon 1-2 Deletion,Region Defined Variant,19,57.0
853,NBN,Loss,Gene Function,1,1.0
856,CREBBP,Deletion,Gene Function,1,1.0
857,NTRK3,EXPRESSION,Expression,1,5.0
858,CSF1,Overexpression,Expression,1,5.0
859,ROS1,Overexpression,Expression,1,1.0
860,NTRK1,Overexpression,Expression,1,5.0
866,MITF,Overexpression,Expression,1,1.0
867,MTAP,Underexpression,Expression,1,1.0
868,VPS37A,Underexpression,Expression,1,1.0
869,YAP1,Overexpression,Expression,3,3.0
875,ERBB2,Overexpression,Expression,16,71.0
876,GNAS,R201,Protein Consequence,1,5.0
892,ABL1,BCR::ABL F359V,Fusion,18,44.0
925,STK11,Loss,Gene Function,6,22.0
943,PDGFRA,D842_H845DELDIMH,Rearrangements,1,1.0
954,KIT,DEL 554-558,Region Defined Variant,2,4.0
1003,EGFR,E746_T751>I,Rearrangements,7,19.0
1011,EGFR,L747_P753>Q,Rearrangements,5,13.0
1021,ABL1,BCR::ABL M244V,Fusion,18,44.0
1022,ABL1,BCR::ABL L248V,Fusion,10,22.0
1024,ABL1,BCR::ABL Q252H,Fusion,17,23.0
1026,ABL1,BCR::ABL Y253F,Fusion,12,18.0
1030,ABL1,BCR::ABL H396R,Fusion,15,35.0
1105,KRAS,Q61FS,Protein Consequence,3,13.0
1152,ABL1,BCR::ABL F486S,Fusion,7,17.0
1165,ATM,R777FS,Protein Consequence,1,1.0
1166,ATM,K468FS,Protein Consequence,1,1.0
1167,ATM,V1268FS,Protein Consequence,1,1.0
1173,ABL1,BCR::ABL E255V,Fusion,17,37.0
1183,ABL1,BCR::ABL E292V,Fusion,2,4.0
1184,ABL1,BCR::ABL F359C,Fusion,10,26.0
1230,ABL1,BCR::ABL L384M,Fusion,6,10.0
1231,ABL1,BCR::ABL V299L,Fusion,11,21.0
1232,ABL1,BCR::ABL L387F,Fusion,4,10.0
1233,ABL1,BCR::ABL G398R,Fusion,3,3.0
1247,BRCA2,M1R,Other,1,3.0
1255,MGMT,Underexpression,Expression,5,25.0
1256,TERT,Overexpression,Expression,1,1.0
1257,RRM1,Underexpression,Expression,10,50.0
1258,PTPRF,EXPRESSION,Expression,2,10.0
1259,AEBP1,Overexpression,Expression,1,1.0
1262,MDM4,EXPRESSION,Expression,1,5.0
1273,CTAG1B,Overexpression,Expression,1,5.0
1274,CTAG2,Overexpression,Expression,1,5.0
1277,NTRK3,Fusion,Fusion,4,30.0
1278,NTRK1,LMNA::NTRK1,Fusion,25,43.0
1279,BRD4,Overexpression,Expression,3,3.0
1282,NTRK1,LMNA::NTRK1 G595R and G667C,Fusion,1,3.0
1283,CDK2,CYTOPLASMIC EXPRESSION,Expression,1,5.0
1284,DCC,EXPRESSION,Expression,1,5.0
1293,ARID1A,Loss-of-function,Gene Function,4,4.0
1296,CTNNB1,Activating Mutation,Gene Function,1,1.0
1298,BRAF,T599dup,Copy Number,2,6.0
1299,MERTK,OVEREXPRESSION,Expression,1,1.0
1300,TP53,CONSERVED DOMAIN MUT,Other,1,5.0
1301,AKT3,Overexpression,Expression,4,3.5
1303,MYC,Overexpression,Expression,3,3.0
1306,TP53,Overexpression,Expression,4,20.0
1307,TP53,ALTERATION,Region Defined Variant,3,15.0
1310,ERBB2,V773,Protein Consequence,1,1.0
1316,KIT,V559,Protein Consequence,1,1.0
1318,TP53,L3 Domain Mutation,Region Defined Variant,2,10.0
1320,ERBB2,NON-AMPLIFICATION,Copy Number,1,5.0
1433,EGFR,E746_S752>A,Rearrangements,1,3.0
1487,ABL1,BCR::ABL E355G,Fusion,10,28.0
1488,ABL1,BCR::ABL L387M,Fusion,3,7.0
1509,ABL1,BCR::ABL E453Q,Fusion,1,3.0
1511,EGFR,S768_D770dup,Copy Number,2,6.0
1516,EGFR,EGFRVIII,Gene Function,3,13.0
1523,ABL1,BCR::ABL F359I,Fusion,6,18.0
1524,ABL1,BCR::ABL M343T,Fusion,1,1.0
1526,ABL1,BCR::ABL E279K,Fusion,3,5.0
1527,ABL1,BCR::ABL Q300R,Fusion,2,6.0
1528,ABL1,BCR::ABL F311L,Fusion,4,8.0
1529,ABL1,BCR::ABL N331S,Fusion,2,6.0
1530,ABL1,BCR::ABL L364P,Fusion,1,3.0
1531,ABL1,BCR::ABL H396P,Fusion,11,15.0
1532,ABL1,BCR::ABL D421G,Fusion,1,3.0
1533,ABL1,BCR::ABL I432T,Fusion,1,3.0
1534,ABL1,BCR::ABL E450V,Fusion,2,6.0
1535,ABL1,BCR::ABL E453K,Fusion,2,6.0
1536,ABL1,BCR::ABL E453A,Fusion,2,6.0
1537,ABL1,BCR::ABL P480A,Fusion,1,3.0
1544,FLT3,E611_F612INS25,Protein Consequence,2,4.0
1557,ERBB2,G776INSV_G/C,Protein Consequence,1,1.0
1577,EGFR,E709_T710>D,Rearrangements,2,6.0
1579,EGFR,A767_V769dupASV,Copy Number,5,9.0
1581,EGFR,N771>GY,Rearrangements,1,3.0
1600,ABL1,BCR::ABL Q252R,Fusion,1,1.0
1609,ABL1,BCR::ABL V379I,Fusion,6,14.0
1612,ABL1,BCR::ABL A397P,Fusion,3,9.0
1613,ABL1,BCR::ABL S417Y,Fusion,3,9.0
1625,ABL1,BCR::ABL F317I,Fusion,3,5.0
1635,EGFR,E746_A750>IP,Rearrangements,1,3.0
1640,ABL1,BCR::ABL N336S,Fusion,2,6.0
1663,BRAF,DELNVTAP,Other,1,1.0
1672,EGFR,Y69FS*11,Protein Consequence,1,1.0
1676,FBXW7,S668FS*39,Protein Consequence,1,1.0
1677,FBXW7,L403FS*34,Protein Consequence,1,1.0
1682,ARID1A,P1175FS*5,Protein Consequence,1,1.0
1687,RET,Fusion,Fusion,15,94.0
1688,RET,KIF5B::RET V804L,Fusion,2,2.0
1689,RET,KIF5B::RET G810A,Fusion,2,2.0
1690,RET,Mutation,Region Defined Variant,6,41.0
1691,FGFR3,Fusion,Fusion,6,39.0
1693,CHEK1,Overexpression,Expression,1,1.0
1765,EGFR,Gain-of-function,Other,1,5.0
1768,VHL,,Transcript Variant,1,3.0
1779,VHL,,Transcript Variant,1,3.0
1783,VHL,L158fs (c.471dupT),Copy Number,2,6.0
1802,VHL,,Transcript Variant,2,6.0
1812,VHL,,Transcript Variant,1,3.0
1823,VHL,,Transcript Variant,2,6.0
1844,VHL,,Transcript Variant,2,6.0
1854,EGFR,Ex19 del L858R,Region Defined Variant,3,13.0
1863,EGFR,Rare Exon 18-21 Mutation,Region Defined Variant,2,10.0
1866,EGFR,L861,Protein Consequence,1,5.0
1872,VHL,K159fs (c.473dup),Copy Number,4,12.0
1876,CIC,Loss,Gene Function,9,9.0
1877,ETV1,Overexpression,Expression,2,2.0
1878,ETV5,Overexpression,Expression,2,2.0
1879,ATXN1L,Loss,Gene Function,2,6.0
1880,ATM,Loss,Gene Function,2,6.0
1889,VHL,M54fs (c.161dup),Copy Number,4,12.0
1893,VHL,,Transcript Variant,1,3.0
1912,VHL,F76fs (c.223_224insT),Copy Number,1,3.0
1918,VHL,,Transcript Variant,3,9.0
1925,VHL,,Transcript Variant,1,3.0
1938,VHL,Exon 2 Deletion,Region Defined Variant,24,72.0
1939,VHL,Exon 3 Deletion,Region Defined Variant,28,84.0
1940,VHL,EXON 2-3 DELETION,Region Defined Variant,14,42.0
1947,VHL,Null (Partial deletion of 4.6 Kb),Gene Function,2,6.0
1948,VHL,,Transcript Variant,2,6.0
1949,VHL,,Transcript Variant,1,3.0
1951,VHL,Null (Partial deletion of Exon 2),Other,4,12.0
1952,VHL,Null (Partial deletion of Exon 3),Other,3,9.0
1955,VHL,,Transcript Variant,2,6.0
1960,VHL,,Transcript Variant,2,6.0
1964,VHL,,Transcript Variant,2,6.0
1965,VHL,,Transcript Variant,1,3.0
1971,VHL,Exon 2-3 Deletion,Region Defined Variant,5,15.0
1973,VHL,Exon 3 Deletion,Region Defined Variant,8,24.0
1977,VHL,,Transcript Variant,4,12.0
1978,VHL,,Transcript Variant,1,3.0
1979,VHL,,Transcript Variant,1,3.0
1981,VHL,,Transcript Variant,1,3.0
1982,SUFU,Deletion,Gene Function,1,1.0
1983,PTCH1,Deletion,Gene Function,1,1.0
1991,PIK3CA,Exon 10 and Exon 21 Mutation,Region Defined Variant,1,5.0
1996,VHL,,Transcript Variant,2,6.0
2002,VHL,,Transcript Variant,2,6.0
2014,VHL,,Transcript Variant,1,3.0
2016,VHL,Null (Complete deletion),Gene Function,3,9.0
2018,VHL,,Transcript Variant,1,3.0
2021,VHL,R108dup (c.322_324dup),Copy Number,1,3.0
2023,VHL,,Transcript Variant,2,6.0
2027,VHL,W117fs (c.349dup),Copy Number,1,3.0
2029,VHL,,Transcript Variant,1,3.0
2036,VHL,Null (Partial deletion of Exons 2 & 3),Other,3,9.0
2040,VHL,,Transcript Variant,2,6.0
2046,VHL,,Transcript Variant,3,9.0
2047,CTNNB1,Exon 3 Deletion,Region Defined Variant,2,10.0
2061,ACVR1,Gain-of-Function,Other,1,5.0
2073,VHL,,Transcript Variant,1,3.0
2082,VHL,Null (Partial deletion of Exon 1),Other,3,9.0
2083,VHL,Null (Partial deletion of Exons 1 & 2),Other,1,3.0
2086,VHL,,Transcript Variant,1,3.0
2087,VHL,,Transcript Variant,1,3.0
2090,VHL,,Transcript Variant,1,3.0
2091,VHL,,Transcript Variant,3,9.0
2092,VHL,,Transcript Variant,1,3.0
2095,VHL,,Transcript Variant,1,3.0
2097,VHL,,Transcript Variant,1,3.0
2099,VHL,,Transcript Variant,1,3.0
2103,VHL,Null (Partial deletion),Gene Function,16,48.0
2108,ARID1A,Underexpression,Expression,3,11.0
2121,VHL,,Transcript Variant,1,3.0
2129,VHL,,Transcript Variant,1,3.0
2131,VHL,,Transcript Variant,1,3.0
2132,VHL,C77fs (c.228dup),Copy Number,4,12.0
2134,VHL,,Transcript Variant,1,3.0
2135,VHL,,Transcript Variant,2,6.0
2136,VHL,,Transcript Variant,1,3.0
2140,VHL,,Transcript Variant,1,3.0
2142,VHL,,Transcript Variant,2,6.0
2144,VHL,A56fs (c.166dup),Copy Number,1,3.0
2153,VHL,,Transcript Variant,1,3.0
2155,VHL,,Transcript Variant,1,3.0
2158,VHL,F76fs (c.222_225dup),Copy Number,1,3.0
2159,AR,V9 EXPRESSION,Expression,1,0.5
2163,CTLA4,EXPRESSION,Expression,1,5.0
2164,CX3CL1,Underexpression,Expression,1,5.0
2166,NRG1,SLC3A2::NRG1,Fusion,3,11.0
2167,FGFR4,Overexpression,Expression,5,9.0
2169,BTK,MUTATION,Region Defined Variant,1,5.0
2170,PLCG2,MUTATION,Region Defined Variant,1,5.0
2171,TSC2,Loss-of-function,Gene Function,2,15.0
2172,MTOR,Gain-of-Function,Other,1,5.0
2174,EGFR,Wildtype,Genotypes Easy,1,5.0
2178,NRG1,ATP1B1::NRG1,Fusion,2,6.0
2179,NRG1,SDC4::NRG1,Fusion,1,3.0
2181,VHL,,Transcript Variant,1,3.0
2182,VHL,Null (Large deletion),Gene Function,10,30.0
2184,VHL,Partial deletion of 0.7 Kb,Region Defined Variant,1,3.0
2185,VHL,Partial deletion of 1 Kb,Region Defined Variant,1,3.0
2186,VHL,Partial deletion of 1.2 Kb,Region Defined Variant,1,3.0
2187,VHL,Partial deletion of 1.5 Kb,Region Defined Variant,1,3.0
2188,VHL,Partial deletion of 11 Kb,Region Defined Variant,1,3.0
2189,VHL,Partial deletion of 12 Kb,Region Defined Variant,1,3.0
2190,VHL,Partial deletion of 3.5 Kb,Region Defined Variant,1,3.0
2191,VHL,Partial deletion of 3 Kb,Region Defined Variant,2,6.0
2192,VHL,Partial deletion of 7.5 Kb,Region Defined Variant,1,3.0
2193,VHL,Partial deletion of 7 Kb,Region Defined Variant,1,3.0
2194,VHL,Partial deletion of 8.2 Kb,Region Defined Variant,1,3.0
2202,FGFR2,Fusion,Fusion,11,67.0
2203,EGFR,EGFR::RAD51,Fusion,7,15.0
2204,KDR,Overexpression,Expression,2,8.0
2207,PDCD1LG2,EXPRESSION,Expression,1,5.0
2208,LAG3,EXPRESSION,Expression,1,5.0
2209,DLL3,Expression,Expression,2,10.0
2210,ASNS,KMT2E::ASNS,Fusion,1,1.0
2211,BAP1,ALTERNATIVE TRANSCRIPT (ATI),Other,1,1.0
2212,BAP1,Loss,Gene Function,2,2.0
2218,ALK,STRN::ALK,Fusion,1,3.0
2219,BARD1,Loss-of-function,Gene Function,1,1.0
2225,BRAF,intron 9 rearrangement,Rearrangements,2,8.0
2226,BRAF,intron 10 rearrangement,Rearrangements,2,8.0
2227,BRAF,MACF1::BRAF,Fusion,1,3.0
2228,BRAF,WASFL::BRAF,Fusion,1,3.0
2229,BRAF,CUX1::BRAF,Fusion,1,3.0
2230,ASS1,Loss,Gene Function,2,2.0
2231,FLCN,Mutation,Region Defined Variant,1,3.0
2232,FLCN,Loss,Gene Function,1,1.0
2233,BCL2,Mutation,Region Defined Variant,1,5.0
2234,KMT2D,Loss,Gene Function,1,1.0
2235,RASA1,Loss-of-function,Gene Function,1,1.0
2236,ATM,Loss-of-function,Gene Function,1,1.0
2237,KDM5C,Mutation,Region Defined Variant,1,5.0
2239,TPT1,Overexpression,Expression,1,1.0
2252,VHL,,Transcript Variant,3,9.0
2253,VHL,,Transcript Variant,1,3.0
2256,EGFR,E709K and G719A,Protein Consequence,1,3.0
2257,EGFR,Exon 18 deletion,Region Defined Variant,1,1.0
2258,EGFR,E709A and G719C,Protein Consequence,1,3.0
2262,VHL,,Transcript Variant,1,3.0
2263,VHL,,Transcript Variant,1,3.0
2264,VHL,,Transcript Variant,1,3.0
2265,VHL,,Transcript Variant,1,3.0
2266,VHL,,Transcript Variant,1,3.0
2267,VHL,,Transcript Variant,1,3.0
2269,VHL,,Transcript Variant,1,3.0
2271,VHL,,Transcript Variant,1,3.0
2272,VHL,,Transcript Variant,1,3.0
2273,VHL,,Transcript Variant,1,3.0
2274,VHL,,Transcript Variant,1,3.0
2286,NRG1,Fusion,Fusion,4,12.0
2287,NTRK2,STRN::NTRK2,Fusion,1,3.0
2289,NTRK1,PDE4DIP::NTRK1,Fusion,2,6.0
2299,VHL,W88fs (c.261dup),Copy Number,1,3.0
2301,VHL,,Transcript Variant,1,3.0
2303,VHL,,Transcript Variant,1,3.0
2304,VHL,,Transcript Variant,1,3.0
2305,VHL,,Transcript Variant,1,3.0
2306,VHL,,Transcript Variant,1,3.0
2309,VHL,,Transcript Variant,1,3.0
2310,VHL,,Transcript Variant,1,3.0
2311,VHL,,Transcript Variant,1,3.0
2312,VHL,,Transcript Variant,1,3.0
2313,VHL,,Transcript Variant,1,3.0
2314,VHL,,Transcript Variant,1,3.0
2315,VHL,,Transcript Variant,1,3.0
2316,VHL,,Transcript Variant,1,3.0
2319,VHL,,Transcript Variant,1,3.0
2320,VHL,,Transcript Variant,1,3.0
2321,VHL,,Transcript Variant,1,3.0
2324,VHL,,Transcript Variant,1,3.0
2325,VHL,,Transcript Variant,1,3.0
2327,VHL,,Transcript Variant,1,3.0
2328,VHL,,Transcript Variant,1,3.0
2334,EGFR,Rare Mutation,Other,1,3.0
2335,ABL1,BCR::ABL T315A,Fusion,4,4.0
2340,ABL1,BCR::ABL L248R,Fusion,3,3.0
2343,ABL1,BCR::ABL F317S,Fusion,1,1.0
2346,MLH1,,Transcript Variant,1,3.0
2349,IL7R,exon 6 mutations,Region Defined Variant,1,3.0
2350,CRLF2,P2RY8::CRLF2,Fusion,8,34.0
2359,ABL1,BCR::ABL F317C,Fusion,1,1.0
2360,AKT1,Overexpression,Expression,1,1.0
2363,PIK3R2,Overexpression,Expression,1,1.0
2365,TF,Loss,Gene Function,1,1.0
2367,VHL,3p26.3-25.3 11Mb del,Region Defined Variant,1,3.0
2370,ABL1,BCR::ABL E459K,Fusion,4,14.0
2371,ABL1,TKD MUTATION,Gene Function,5,25.0
2373,VHL,,Transcript Variant,1,3.0
2374,VHL,,Transcript Variant,1,3.0
2375,ABL1,P-Loop Mutation,Region Defined Variant,3,13.0
2376,ABL1,Non-P-Loop Mutation,Region Defined Variant,3,15.0
2381,VHL,,Transcript Variant,1,3.0
2383,VHL,,Transcript Variant,1,3.0
2384,PBLD,Underexpression,Expression,1,1.0
2385,EWSR1,EWSR1::NR4A3,Fusion,2,10.0
2386,ERRFI1,Underexpression,Expression,1,1.0
2388,CALR,Mutation,Region Defined Variant,1,10.0
2390,MAP2K1,56_61QKQKVG>R,Rearrangements,1,1.0
2391,MAP2K1,C121S and G128D,Protein Consequence,1,1.0
2392,PTPN6,Underexpression,Expression,1,1.0
2393,NTRK1,TRIM63::NTRK1,Fusion,1,0.5
2394,NTRK1,DDR2::NTRK1,Fusion,1,0.5
2395,NTRK1,GON4L::NTRK1,Fusion,1,0.5
2396,NTRK2,ETV6::NTRK2,Fusion,3,7.0
2408,BRAF,Non-V600,Region Defined Variant,5,25.0
2409,ERCC1,Underexpression,Expression,6,30.0
2410,ERCC1,Overexpression,Expression,1,5.0
2411,SDHB,p.193_196dupSTSC (c.577_588dupAGCACCAGCTGC),Copy Number,1,3.0
2412,FGFR2,Underexpression,Expression,1,1.0
2415,SMAD4,Loss-of-function,Gene Function,1,5.0
2417,FGFR2,Overexpression,Expression,7,23.0
2418,SPRY2,UNDEREXPRESSION,Expression,1,5.0
2419,NR2F2,OVEREXPRESSION,Expression,1,5.0
2422,NTRK3,~DEPRECATED-ETV6-NTRK3,Other,2,6.0
2424,KMT2C,Loss-of-function,Gene Function,1,5.0
2429,VHL,t(1;3)(q32;q13.3),Rearrangements,1,3.0
2431,VHL,,Transcript Variant,1,3.0
2435,VHL,,Transcript Variant,1,3.0
2439,VHL,Rearrangement,Rearrangements,9,27.0
2442,VHL,,Transcript Variant,1,3.0
2443,VHL,,Transcript Variant,1,3.0
2444,VHL,,Transcript Variant,1,3.0
2445,VHL,,Transcript Variant,1,3.0
2447,VHL,,Transcript Variant,1,3.0
2448,VHL,,Transcript Variant,1,3.0
2450,VHL,,Transcript Variant,1,3.0
2455,VHL,,Transcript Variant,1,3.0
2459,VHL,,Transcript Variant,1,3.0
2462,VHL,,Transcript Variant,1,3.0
2465,VHL,Exon 1 del (151nt),Region Defined Variant,1,3.0
2470,VHL,,Transcript Variant,1,3.0
2471,VHL,,Transcript Variant,1,3.0
2472,VHL,EXON 1-2 DELETION and BRK1 DELETION,Region Defined Variant,1,3.0
2473,VHL,,Transcript Variant,1,3.0
2474,VHL,,Transcript Variant,1,3.0
2477,VHL,,Transcript Variant,2,6.0
2479,VHL,,Transcript Variant,3,9.0
2482,VHL,,Transcript Variant,1,3.0
2486,VHL,,Transcript Variant,1,3.0
2487,VHL,,Transcript Variant,1,3.0
2492,VHL,Partial deletion of 4 Kb,Region Defined Variant,1,3.0
2495,VHL,P138fs (c.410dup),Copy Number,1,3.0
2496,VHL,,Transcript Variant,1,3.0
2497,VHL,,Transcript Variant,1,3.0
2499,VHL,,Transcript Variant,1,3.0
2506,VHL,,Transcript Variant,1,3.0
2507,VHL,,Transcript Variant,1,3.0
2509,VHL,,Transcript Variant,1,3.0
2510,VHL,,Transcript Variant,2,6.0
2515,VHL,,Transcript Variant,2,6.0
2518,VHL,,Transcript Variant,1,3.0
2525,VHL,,Transcript Variant,1,3.0
2526,VHL,,Transcript Variant,1,3.0
2529,VHL,,Transcript Variant,1,3.0
2535,VHL,,Transcript Variant,1,3.0
2537,VHL,,Transcript Variant,1,3.0
2538,VHL,,Transcript Variant,1,3.0
2545,VHL,,Transcript Variant,1,3.0
2546,VHL,,Transcript Variant,1,3.0
2547,VHL,,Transcript Variant,1,3.0
2548,VHL,,Transcript Variant,1,3.0
2551,VHL,,Transcript Variant,1,3.0
2552,VHL,,Transcript Variant,1,3.0
2553,VHL,,Transcript Variant,1,3.0
2556,VHL,,Transcript Variant,1,3.0
2557,VHL,,Transcript Variant,1,3.0
2558,VHL,,Transcript Variant,1,3.0
2565,PTPN12,Loss-of-function,Gene Function,1,1.0
2566,ABL1,Fusion,Fusion,1,10.0
2567,ETV6,Mutation,Region Defined Variant,1,5.0
2570,HRAS,Q61,Protein Consequence,1,5.0
2571,ABL2,Fusion,Fusion,3,14.0
2572,JAK2,Fusion,Fusion,1,10.0
2575,ABL1,ETV6::ABL1,Fusion,4,16.0
2577,PDGFRB,AGGF1::PDGFRB C843G,Fusion,1,1.0
2578,NOTCH3,Overexpression,Expression,2,2.0
2581,NCOA2,HEY1::NCOA2,Fusion,7,31.0
2582,FOXO1,PAX3::FOXO1,Fusion,3,11.0
2583,FOXO1,PAX7::FOXO1,Fusion,2,10.0
2584,CDK9,Overexpression,Expression,3,3.0
2585,VEGFA,Overexpression,Expression,4,20.0
2586,PARP1,OVEREXPRESSION,Expression,3,3.0
2588,EPOR,Overexpression,Expression,3,14.0
2589,DUX4,DUX4::IGH,Fusion,1,3.0
2590,PIK3CA,Wildtype,Genotypes Easy,2,10.0
2593,NUP98,NUP98::NSD1,Fusion,2,10.0
2594,ASCL1,EXPRESSION,Expression,1,5.0
2595,HDAC2,Expression,Expression,1,5.0
2596,LZTR1,LOSS-OF-FUNCTION,Gene Function,1,5.0
2597,DICER1,R392fs and E1813D,Protein Consequence,1,3.0
2621,KIT,F506_F508DUP,Copy Number,1,3.0
2623,PDGFRA,Exon 18 Mutation,Region Defined Variant,2,13.0
2630,CBFA2T3,CBFA2T3::GLIS2,Fusion,3,15.0
2632,PDGFRB,ATF7IP::PDGFRB,Fusion,2,4.0
2633,VHL,,Transcript Variant,2,6.0
2634,VHL,,Transcript Variant,1,3.0
2635,ALK,Overexpression,Expression,1,1.0
2636,CDK4,Overexpression,Expression,1,1.0
2639,BRAF,Fusion,Fusion,1,3.0
2640,NTRK2,Fusion,Fusion,3,23.0
2641,FGFR1,Mutation,Region Defined Variant,1,3.0
2642,PTPN11,Mutation,Region Defined Variant,1,3.0
2643,KIT,Exon 13 Mutation,Region Defined Variant,1,3.0
2644,SMARCA4,Loss,Gene Function,4,17.0
2649,KRAS,Activating Mutation,Gene Function,3,7.0
2650,BRAF,Exon 15 Mutation,Region Defined Variant,2,6.0
2651,KIT,WILDTYPE,Genotypes Easy,1,5.0
2652,H3-3A,MUTATION,Region Defined Variant,2,10.0
2654,CDKN2A,Deletion,Gene Function,4,18.0
2656,BRAF,FAM131B::BRAF,Fusion,1,1.0
2657,ERBB2,Activating Mutation,Gene Function,1,5.0
2659,FGFR1,Internal Duplication,Copy Number,1,5.0
2660,ABL1,NUP214::ABL1,Fusion,4,12.0
2661,JAK2,SSBP2::JAK2,Fusion,4,12.0
2663,CRLF2,IGH::CRLF2,Fusion,6,18.0
2665,MYB,MYB::GATA1,Fusion,1,3.0
2669,TGFBR3,TGFBR3,Protein Consequence,1,5.0
2670,EPHB2,EPHB2,Protein Consequence,1,5.0
2671,CDKN1A,rs1801270,Other,1,5.0
2673,EPHB2,,Transcript Variant,1,5.0
2674,RB1,"IVS20, A-G, -2",Other,1,1.0
2678,ABL1,SNX2::ABL1,Fusion,7,19.0
2679,WEE1,Overexpression,Expression,4,4.0
2681,ABL1,RCSD1::ABL1,Fusion,13,37.0
2682,ABL1,FOXP1::ABL1,Fusion,3,9.0
2683,PTK2B,PTK2B::KDM6A,Fusion,1,3.0
2684,PTK2B,PTK2B::STAG2,Fusion,1,3.0
2685,DGKH,DGKH::ZFAND3,Fusion,1,3.0
2686,IL2RB,IL2RB::MYH9,Fusion,1,3.0
2692,B2M,Mutation,Region Defined Variant,1,5.0
2693,ROS1,Fusion,Fusion,4,30.0
2699,CBL,Mutation,Region Defined Variant,1,1.0
2704,CDKN2A,Mutation,Region Defined Variant,2,10.0
2705,PBRM1,Loss-of-function,Gene Function,4,20.0
2706,DEK,DEK::AFF2,Fusion,1,3.0
2707,MET,KIF5B::MET,Fusion,1,3.0
2717,PSMD4,Overexpression,Expression,1,1.0
2718,CCNE1,Underexpression,Expression,1,5.0
2720,TP53,Y205,Protein Consequence,1,1.0
2721,TP53,G245,Protein Consequence,1,1.0
2722,TP53,K132,Protein Consequence,1,1.0
2723,TP53,R248,Protein Consequence,1,1.0
2724,TP53,G266,Protein Consequence,1,1.0
2725,TP53,R273,Protein Consequence,1,1.0
2726,TP53,P278,Protein Consequence,1,1.0
2728,TP53,W146,Protein Consequence,1,1.0
2729,TP53,A129,Protein Consequence,1,1.0
2730,TP53,E204,Protein Consequence,1,1.0
2731,TP53,L114,Protein Consequence,1,1.0
2732,TP53,P153,Protein Consequence,1,1.0
2733,TP53,T170,Protein Consequence,1,1.0
2734,TP53,D184,Protein Consequence,1,1.0
2735,TP53,L206,Protein Consequence,1,1.0
2739,CRLF2,Overexpression,Expression,1,5.0
2743,FGFR1,FGFR1OP2::FGFR1,Fusion,1,1.0
2744,IKZF1,IKZF1 deletion and mutation,Region Defined Variant,1,5.0
2749,NFE2L2,Mutation,Region Defined Variant,2,10.0
2754,PRKN,Loss,Gene Function,1,1.0
2755,FUBP1,LOSS-OF-FUNCTION,Gene Function,1,1.0
2759,PALB2,Mutation,Region Defined Variant,6,31.0
2760,MPL,Mutation,Region Defined Variant,2,15.0
2761,ZRSR2,MUTATION,Region Defined Variant,1,5.0
2763,PIK3CA,E545,Protein Consequence,1,10.0
2764,CDK12,Mutation,Region Defined Variant,2,15.0
2765,BRAF,K601,Protein Consequence,1,5.0
2766,BRAF,L597,Protein Consequence,4,18.0
2767,BRAF,D594,Protein Consequence,1,5.0
2768,BRAF,G596,Protein Consequence,1,5.0
2769,ALK,CAD::ALK,Fusion,1,3.0
2770,ROS1,GOPC::ROS1,Fusion,1,1.0
2771,NRG1,CD74::NRG1,Other,2,6.0
2772,NRG1,APP::NRG1,Fusion,1,3.0
2773,RABL3,MUTATION,Region Defined Variant,1,3.0
2778,MET,Exon 14 Mutation,Region Defined Variant,2,10.0
2779,STAT6,Fusion,Fusion,1,3.0
2784,FGF19,Overexpression,Expression,4,12.0
2785,FLT3,ITD N676K,Rearrangements,2,6.0
2787,PRNCR1,rs1456315,Other,1,5.0
2800,BRAF,Class 2 Mutations,Other,1,5.0
2801,BRAF,Class 3 Mutations,Other,1,5.0
2806,KMT2A,Fusion,Fusion,1,1.0
2808,WNT11,Overexpression,Expression,1,5.0
2812,MBD4,Frameshift,Protein Consequence,1,3.0
2814,DRD5,low expression,Expression,1,5.0
2820,BRAF,V600_K601>E,Rearrangements,2,8.0
2821,BRAF,V600_S602>DT,Rearrangements,1,3.0
2822,BRAF,G469,Protein Consequence,2,10.0
2830,ETV1,Fusion,Fusion,1,3.0
2845,HOXD8,mutation,Region Defined Variant,1,3.0
2846,JAK2,ATF7IP::JAK2,Fusion,2,6.0
2847,JAK2,EBF1::JAK2,Fusion,1,3.0
2848,JAK2,PPFIBP1::JAK2,Fusion,2,6.0
2849,JAK2,STRN3::JAK2,Fusion,1,3.0
2850,JAK2,TPR::JAK2,Fusion,1,3.0
2854,ERBB2,Exon 20 Insertion,Other,2,10.0
2856,ROS1,S1986Y/F,Protein Consequence,1,3.0
2859,JAK2,ETV6::JAK2,Fusion,3,9.0
2860,JAK2,BCR::JAK2,Fusion,5,17.0
2861,JAK2,PAX5::JAK2,Fusion,5,17.0
2862,JAK2,TERF2::JAK2,Fusion,2,6.0
2863,JAK2,USP25::JAK2,Fusion,1,3.0
2864,JAK2,ZNF274::JAK2,Fusion,1,3.0
2865,JAK2,RFX3::JAK2,Fusion,1,3.0
2870,VHL,Exon 1 (Frameshift),Other,1,3.0
2876,VHL,t(2;3)(q35;q21),Rearrangements,1,3.0
2879,VHL,,Transcript Variant,1,3.0
2883,BRAF,NRF1::BRAF,Fusion,1,3.0
2884,CDKN2A,,Transcript Variant,1,3.0
2885,ABL1,BCR::ABL T315V,Fusion,1,1.0
2886,ABL1,BCR::ABL E279K,Fusion,1,1.0
2887,ABL1,BCR::ABL E292L,Fusion,1,1.0
2888,ABL1,BCR::ABL F317R,Fusion,1,1.0
2889,ABL1,BCR::ABL L248R and F359I,Fusion,1,1.0
2890,ABL1,BCR::ABL E255K V299L,Fusion,1,1.0
2892,CTNNB1,Exon 3 Mutation,Region Defined Variant,7,35.0
2893,DPYD,EXON 11-19 DELETION,Region Defined Variant,1,3.0
2894,MET,MET::ATXN7L1,Fusion,1,3.0
2895,NUDT15,Inactivating Mutation,Gene Function,1,5.0
2898,NT5C2,Mutation,Region Defined Variant,1,5.0
2900,ABL1,BCR::ABL D363G,Fusion,2,6.0
2901,ABL1,BCR::ABL E98G,Fusion,2,6.0
2902,ABL1,BCR::ABL L364I,Fusion,3,9.0
2904,FGFR1,Overexpression,Expression,3,3.0
2908,TACSTD2,Overexpression,Expression,1,5.0
2909,ABL1,BCR::ABL Y253F,Fusion,2,4.0
2911,IL6,Overexpression,Expression,2,2.0
2914,ALK,Expression,Expression,1,3.0
2915,ABCB1,Overexpression,Expression,4,4.0
2916,PRPS1,PRPS1 MUTATION,Region Defined Variant,1,5.0
2917,LYN,OVEREXPRESSION,Expression,2,2.0
2930,VHL,,Transcript Variant,2,6.0
2932,VHL,Deletion,Gene Function,35,107.0
2941,EWSR1,EWSR1::WT1,Fusion,4,14.0
2943,EWSR1,EWSR1-ATF1,Fusion,1,5.0
2944,PDGFRA,Overexpression,Expression,2,2.0
2948,ABL1,BCR::ABL E450Q,Fusion,1,3.0
2949,ABL1,BCR::ABL M244V and L364I,Fusion,1,3.0
2951,ABL1,BCR::ABL N146S,Fusion,1,3.0
2952,ABL1,BCR::ABL V298I,Fusion,1,3.0
2953,ABL1,BCR::ABL S438C,Fusion,1,3.0
2954,ABL1,BCR::ABL M388L,Fusion,1,3.0
2955,STAT1,Overexpression,Expression,1,1.0
2958,SDHB,Mutation,Region Defined Variant,1,5.0
2959,CHEK2,,Transcript Variant,2,4.0
2961,RUNX1,,Transcript Variant,1,3.0
2962,RUNX1,,Transcript Variant,1,3.0
2963,RUNX1,,Transcript Variant,1,3.0
2964,RUNX1,K90fsX101,Protein Consequence,1,3.0
2965,RUNX1,,Transcript Variant,1,3.0
2966,MGMT,Expression,Expression,1,5.0
2968,HMGA2,LPP::HMGA2,Fusion,1,5.0
2969,HMGA2,HMGA2::LPP,Fusion,1,5.0
2970,VEGFC,Overexpression,Expression,1,5.0
2971,PDGFRA,BCR::PDGFRA,Fusion,1,3.0
2972,PDGFB,COL1A1::PDGFB,Fusion,6,20.0
2973,PDGFRB,Overexpression,Expression,1,3.0
2974,JAK2,OFD1::JAK2,Fusion,2,6.0
2975,JAK2,SMU1::JAK2,Fusion,1,3.0
2976,JAK2,SNX29::JAK2,Fusion,1,3.0
2977,JAK2,ZNF430::JAK2,Fusion,1,3.0
2978,MIR21,Overexpression,Expression,4,16.0
2979,KRAS,A146,Protein Consequence,2,10.0
2980,IL33,Overexpression,Expression,1,5.0
2981,WDR12,OVEREXPRESSION,Expression,1,5.0
2982,PLK1,OVEREXPRESSION,Expression,1,5.0
2983,ACVR1,Mutation,Region Defined Variant,4,16.0
2984,CXCL10,EXPRESSION,Expression,1,5.0
2985,CCN2,Overexpression,Expression,1,5.0
2987,BRAF,FAM73A::BRAF,Fusion,1,1.0
2988,PCNA,K164R LOSS-OF-MODIFICATION,Other,1,1.0
2992,NTRK1,TPM3::NTRK1,Fusion,4,10.0
2993,CDK5,Expression,Expression,1,1.0
2996,ARID2,,Transcript Variant,1,1.0
2997,EGFR,L718V and L718Q,Protein Consequence,2,6.0
3002,NF2,,Transcript Variant,2,8.0
3006,FOXC2,Overexpression,Expression,1,1.0
3007,ZEB1,Overexpression,Expression,1,5.0
3008,CUL7,Overexpression,Expression,2,10.0
3009,ABL1,Double Ph,Rearrangements,1,3.0
3010,ABL1,K356dup,Copy Number,2,6.0
3013,VHL,,Transcript Variant,1,3.0
3014,CSF1R,Expression,Expression,3,3.0
3015,VHL,,Transcript Variant,2,6.0
3021,VHL,,Transcript Variant,7,21.0
3024,PML,PML::RARA S214L,Fusion,1,5.0
3025,PML,PML::RARA A216T,Fusion,1,5.0
3029,BCL2,R107_R110dup,Copy Number,2,10.0
3033,RET,G810,Protein Consequence,2,6.0
3036,VHL,,Transcript Variant,1,3.0
3039,VHL,,Transcript Variant,1,3.0
3041,VHL,,Transcript Variant,1,3.0
3042,CDK6,EXPRESSION,Expression,1,1.0
3044,VHL,,Transcript Variant,1,3.0
3046,VHL,,Transcript Variant,1,3.0
3047,VHL,,Transcript Variant,1,3.0
3049,ATM,,Transcript Variant,1,1.0
3050,ATM,,Transcript Variant,1,1.0
3051,ATM,,Transcript Variant,1,1.0
3052,CD79B,MUTATION,Region Defined Variant,1,10.0
3054,EWSR1,EWSR1::ATF1,Fusion,2,10.0
3055,FLT3,Y693,Protein Consequence,1,1.0
3057,GATA1,p.Ser51Alafs*86,Protein Consequence,1,3.0
3072,GATA2,Mutation,Region Defined Variant,1,5.0
3076,VHL,,Transcript Variant,1,3.0
3080,VHL,S139fs,Protein Consequence,1,3.0
3081,RAF1,Fusion,Fusion,2,6.0
3083,VHL,,Transcript Variant,1,3.0
3085,VHL,,Transcript Variant,1,3.0
3086,VHL,,Transcript Variant,1,3.0
3087,VHL,,Transcript Variant,1,3.0
3088,VHL,,Transcript Variant,3,9.0
3089,VHL,,Transcript Variant,2,6.0
3095,VHL,Partial deletion of 2 Kb,Region Defined Variant,3,9.0
3099,VHL,,Transcript Variant,1,3.0
3100,VHL,Exon Deletion,Region Defined Variant,2,6.0
3101,VHL,,Transcript Variant,1,3.0
3102,VHL,,Transcript Variant,1,3.0
3107,VHL,,Transcript Variant,1,3.0
3108,VHL,Single Allele Deletion,Genotypes Compound,2,6.0
3110,CREBBP,TRUNCATING MUTATIONS AND DELETERIOUS SUBSTITUTIONS,Protein Consequence,1,1.0
3111,NUP98,NUP98::KDM5A,Fusion,1,5.0
3112,PALB2,Oncogenic Mutations (loss of function alterations),Other,1,5.0
3114,MN1,MN1::CXXC5,Fusion,1,5.0
3115,GATA1,Mutation,Region Defined Variant,1,10.0
3116,RBM15,RBM15::MKL1,Fusion,3,20.0
3117,KMT2A,KMT2A::MLLT4,Fusion,1,5.0
3118,FLT3,ITD & TKD MUTATIONS,Other,2,6.0
3119,VHL,,Transcript Variant,1,3.0
3121,VHL,,Transcript Variant,2,6.0
3126,RUNX1,RUNX1::RUNX1T1,Fusion,1,10.0
3127,WT1,Mutations,Region Defined Variant,1,5.0
3128,TLX3,TLX3::BCL11B,Fusion,1,3.0
3129,VHL,,Transcript Variant,1,3.0
3132,VHL,,Transcript Variant,2,6.0
3134,SDHA,,Transcript Variant,1,3.0
3136,VHL,,Transcript Variant,1,3.0
3138,NPM1,MUTATION,Region Defined Variant,1,10.0
3139,MECOM,Overexpression,Expression,1,5.0
3140,ETV6,ETV6::RUNX1,Fusion,2,15.0
3141,KMT2A,Rearrangement,Rearrangements,3,16.0
3142,VHL,,Transcript Variant,1,3.0
3143,VHL,,Transcript Variant,1,3.0
3145,VHL,,Transcript Variant,2,6.0
3148,MEF2D,MEF2D Rearrangement,Rearrangements,1,5.0
3150,VHL,,Transcript Variant,1,5.0
3156,VHL,,Transcript Variant,1,3.0
3157,VHL,,Transcript Variant,5,15.0
3158,NTRK2,KANK1::NTRK2,Fusion,5,15.0
3159,VHL,,Transcript Variant,2,6.0
3162,VHL,,Transcript Variant,1,3.0
3170,VHL,,Transcript Variant,1,3.0
3172,VHL,,Transcript Variant,1,3.0
3174,VHL,,Transcript Variant,1,3.0
3176,VHL,,Transcript Variant,1,3.0
3179,VHL,,Transcript Variant,1,3.0
3180,VHL,Null (deletion),Gene Function,3,9.0
3184,VHL,,Transcript Variant,5,15.0
3185,VHL,,Transcript Variant,1,3.0
3186,VHL,,Transcript Variant,1,3.0
3187,VHL,,Transcript Variant,1,3.0
3188,VHL,Null (large 3' deletion),Gene Function,1,3.0
3189,VHL,,Transcript Variant,1,3.0
3190,VHL,,Transcript Variant,1,3.0
3191,VHL,,Transcript Variant,1,3.0
3192,VHL,,Transcript Variant,1,3.0
3195,VHL,A149fs (c.444dup),Copy Number,3,9.0
3196,VHL,,Transcript Variant,1,3.0
3199,VHL,,Transcript Variant,1,3.0
3200,KRAS,Wildtype,Genotypes Easy,4,26.0
3202,SMARCB1,Loss,Gene Function,15,72.0
3203,ATRX,Mutation,Region Defined Variant,2,10.0
3204,ALK,EML4::ALK e6-e19,Fusion,1,3.0
3207,MET,RBPMS::MET,Fusion,1,3.0
3208,FLT3,ITD&F691(I/L),Rearrangements,2,2.0
3209,FLT3,ITD & D835(V/Y/F/H),Rearrangements,2,4.0
3210,FLT3,ITD & Y842C,Rearrangements,4,4.0
3211,FLT3,ITD & D839G,Rearrangements,4,6.0
3214,JAK2,GOLGA5::JAK2,Fusion,1,3.0
3219,FLT3,ITD D651G,Rearrangements,1,1.0
3220,FLT3,ITD  N676D,Rearrangements,1,1.0
3221,FLT3,ITD I687F,Rearrangements,1,1.0
3222,PIK3CA,Rare Mutation,Other,1,5.0
3231,FLT3,D835 & I836,Protein Consequence,1,5.0
3232,FLT3,I836,Protein Consequence,1,5.0
3235,PRKAR1A,"PRKAR1A LOH, allelic imbalance 17q",Genotypes Compound,1,5.0
3243,ACTL6A,Overexpression,Expression,3,3.0
3245,VHL,,Transcript Variant,1,3.0
3248,VHL,,Transcript Variant,2,6.0
3249,MYCN,Overexpression,Expression,1,1.0
3251,BCOR,BCOR::CCNB3,Fusion,2,8.0
3252,CIC,CIC::DUX4,Fusion,2,8.0
3257,AKT1,S473 Phosphorylation,Epigenetic Modification,1,5.0
3259,IGF1R,Overexpression,Expression,2,6.0
3260,VHL,,Transcript Variant,1,3.0
3261,VHL,,Transcript Variant,3,9.0
3262,VHL,Null (point mutation codon 238),Gene Function,1,3.0
3263,VHL,,Transcript Variant,1,3.0
3264,VHL,t(3;6)(p12.3;q24.3),Rearrangements,1,3.0
3265,VHL,t(3;12)(q13.13;q24.23),Rearrangements,1,3.0
3267,CBL,,Transcript Variant,1,3.0
3268,ABL1,RANBP2::ABL1,Fusion,2,6.0
3269,ABL1,ZMIZ1::ABL1,Fusion,7,19.0
3270,ABL1,CENPC::ABL1,Fusion,1,3.0
3271,ABL1,NUP153::ABL1,Fusion,1,3.0
3272,ABL1,LSM14A::ABL1,Fusion,2,6.0
3273,MSH3,K383fs,Protein Consequence,1,1.0
3274,PDGFRA,Mutation,Region Defined Variant,4,28.0
3277,ZHX2,Overexpression,Expression,1,3.0
3278,VHL,,Transcript Variant,1,3.0
3279,HDAC2,Overexpression,Expression,1,1.0
3283,FLT3,ITD & Y597F,Rearrangements,1,3.0
3284,FLT3,ITD & L601F,Rearrangements,1,3.0
3287,ABL1,SFPQ::ABL1,Fusion,5,15.0
3294,VHL,,Transcript Variant,1,3.0
3295,VHL,,Transcript Variant,1,3.0
3296,VHL,Null (rearrangement),Other,1,3.0
3297,VHL,Null (11 kb 3' deletion),Gene Function,1,3.0
3298,VHL,,Transcript Variant,1,3.0
3303,CHD7,"VCV000625197, Translocation (t(8;X)(q12.2;p22.13)), CHD7â€“BEND2 fusion",Other,1,0.5
3305,TNFRSF17,Gain,Copy Number,1,5.0
3306,HDAC9,Overexpression,Expression,2,6.0
3307,FOXF1,Overexpression,Expression,1,1.0
3309,ATRX,Deletion,Gene Function,1,1.0
3311,PIK3CA,Exon 10 or Exon 21 Mutation,Region Defined Variant,1,5.0
3312,FGFR1,BAG4::FGFR1,Fusion,1,3.0
3313,CDKN1A,rs1059234,Other,1,5.0
3314,CDKN1A,rs1801270 and rs1059234,Other,1,5.0
3315,TP53,Fusion,Fusion,2,10.0
3316,MEN1,Loss-of-function,Gene Function,1,1.0
3317,VHL,,Transcript Variant,1,3.0
3319,BTK,Expression,Expression,1,1.0
3320,BLK,Expression,Expression,1,1.0
3321,VEGFA,VEGF165b Overexpression,Expression,1,1.0
3322,VEGFA,overexpression of VEGF-Axxxa,Expression,1,5.0
3323,VEGFA,low ratio of VEGF165b/VEGFtotal,Expression,1,5.0
3324,VEGFA,Overexpression of VEGF121,Expression,2,10.0
3325,VEGFA,Overexpression of VEGF121 and VEGF110,Expression,4,20.0
3326,FLT3,Q575Î”,Other,3,7.0
3327,FLT3,Y572Î”,Other,2,2.0
3328,FLT3,E573Î”,Other,2,2.0
3329,FLT3,S574Î”,Other,2,2.0
3330,TCF19,EXPRESSION,Expression,1,1.0
3351,VHL,t(3;8)(p13;q24.1),Rearrangements,1,3.0
3352,VHL,,Transcript Variant,1,3.0
3353,VHL,,Transcript Variant,1,3.0
3354,VHL,,Transcript Variant,1,3.0
3355,VHL,,Transcript Variant,2,6.0
3359,CSF1R,TBL1XR1::CSF1R,Fusion,1,3.0
3360,VHL,,Transcript Variant,1,3.0
3361,VHL,Null (del one VHL allele),Gene Function,1,3.0
3362,VHL,,Transcript Variant,2,8.0
3363,VHL,,Transcript Variant,3,9.0
3365,VHL,,Transcript Variant,1,3.0
3366,VHL,,Transcript Variant,3,9.0
3367,CD44,CD4v8-v10 and CD44v3-v10,Expression,1,5.0
3368,CD44,CD44v9,Other,1,5.0
3369,CD44,CD44v8-10,Expression,2,6.0
3370,VHL,,Transcript Variant,1,3.0
3373,CD44,CD44v6,Other,8,28.0
3385,CD44,CD44s,Expression,1,5.0
3386,CD44,CD44v5 and CD44v6,Expression,1,5.0
3387,CD44,CD44v6+/CD44s-,Expression,1,5.0
3388,CD44,CD44v6 and CD44v10,Expression,1,5.0
3404,PTEN,,Transcript Variant,1,3.0
3408,TEK,Cis double mutants,Other,1,5.0
3409,TEK,T1105N and T1106N,Protein Consequence,2,4.0
3410,TEK,Y897C and R915C,Protein Consequence,1,3.0
3411,TEK,R849W and R1108*,Protein Consequence,1,3.0
3415,AR,Overexpression of AR-V9,Expression,1,5.0
3436,VHL,,Transcript Variant,1,3.0
3459,AR,V1 expression,Expression,1,5.0
3460,AR,AR alternative transcripts,Other,1,5.0
3461,AR,V567es expression,Expression,1,5.0
3465,NTRK1,TPR::NTRK1,Fusion,1,3.0
3466,NTRK1,Point Mutations,Other,1,3.0
3467,NTRK3,Point Mutations,Other,1,3.0
3469,NTRK1,G595R and G667S,Protein Consequence,1,3.0
3471,KRAS,KRAS4A underexpression,Other,4,16.0
3473,TNC,TNC-L,Expression,2,6.0
3474,CEACAM1,CEACAM1-L,Other,2,10.0
3475,CEACAM1,CEACAM1-S,Other,1,5.0
3476,H3-3A,K27,Protein Consequence,2,10.0
3477,ESR2,beta-2 and beta-5,Other,2,10.0
3478,ESR2,underexpression beta-1,Other,4,20.0
3479,VHL,,Transcript Variant,1,3.0
3480,VHL,,Transcript Variant,1,3.0
3481,ESR2,alternative transcripts,Other,1,5.0
3482,LGR5,delta5,Other,2,10.0
3483,LGR5,LGR5FL,Expression,1,1.0
3484,FN1,EDB,Other,3,15.0
3486,TOP2A,TOP2A/90,Other,2,2.0
3487,BRCA1,delta11q,Other,1,1.0
3491,VHL,,Transcript Variant,1,3.0
3493,VHL,,Transcript Variant,1,3.0
3508,CD274,v242,Protein Consequence,1,0.5
3509,AIMP2,DX2,Protein Consequence,1,5.0
3510,BCL2L11,Alternative splicing,Other,1,1.0
3511,CD19,"delta-ex2, delta-ex5-6",Other,1,1.0
3512,BRAF,p61BRAF(V600E),Genotypes Easy,2,4.0
3513,VHL,,Transcript Variant,1,3.0
3517,ZNF384,TAF15::ZNF384,Fusion,1,3.0
3524,MECOM,t(3;21)(q26.2;q22),Rearrangements,1,3.0
3525,ABL2,PAG1::ABL2,Fusion,1,3.0
3526,ABL2,RCSD1::ABL2,Fusion,6,16.0
3550,KMT2A,KMT2A::AF6,Fusion,1,5.0
3551,KMT2A,KMT2A::AF10,Fusion,1,5.0
3552,KMT2A,KMT2A::ABI1,Fusion,1,5.0
3566,CSF1R,SSBP2::CSF1R,Fusion,2,10.0
3567,VHL,,Transcript Variant,1,3.0
3568,JAK2,Overexpression,Expression,1,5.0
3569,STAT5B,Overexpression,Expression,1,10.0
3577,VHL,,Transcript Variant,3,9.0
3578,ABL2,ZC3HAV1::ABL2,Fusion,1,3.0
3587,H3-3A,G34,Protein Consequence,1,5.0
3597,DDR2,High expression,Expression,1,1.0
3598,DDR2,Overexpression,Expression,1,1.0
3599,HDAC6,Overexpression,Expression,1,1.0
3622,TFE3,ASPSCR1::TFE3,Fusion,3,7.0
3632,VHL,,Transcript Variant,1,3.0
3633,VHL,,Transcript Variant,1,3.0
3634,VHL,,Transcript Variant,1,3.0
3635,VHL,,Transcript Variant,1,3.0
3636,FLT3,ITD & N841K,Rearrangements,1,1.0
3637,VHL,,Transcript Variant,1,3.0
3646,HOXC10,Overexpression,Expression,2,6.0
3654,VHL,,Transcript Variant,2,6.0
3655,VHL,,Transcript Variant,1,3.0
3656,VHL,,Transcript Variant,1,3.0
3657,VHL,,Transcript Variant,1,3.0
3658,VHL,,Transcript Variant,1,3.0
3659,SMARCB1,LOSS OF NUCLEAR PROTEIN EXPRESSION,Expression,1,3.0
3700,NTRK1,ETV6::NTRK1,Fusion,1,1.0
3701,NTRK2,VCL::NTRK2,Fusion,1,1.0
3702,NTRK2,AFAP1::NTRK2,Fusion,1,1.0
3703,GALNT14,rs9679162,Other,1,5.0
3704,VHL,,Transcript Variant,1,3.0
3715,VHL,,Transcript Variant,1,3.0
3720,VHL,,Transcript Variant,1,3.0
3727,FLCN,,Transcript Variant,1,3.0
3728,SLC29A1,Overexpression,Expression,1,5.0
3730,TFE3,TFE3 fusion,Fusion,3,11.0
3731,KIT,Overexpression,Expression,1,1.0
3732,HSP90B1,Overexpression,Expression,1,1.0
3733,KRAS,Overexpression,Expression,1,1.0
3734,COX2,Overexpression,Expression,1,5.0
3735,BRAF,Overexpression,Expression,1,1.0
3736,VHL,,Transcript Variant,1,3.0
3737,EZH2,Activating Mutation,Gene Function,2,15.0
3738,VHL,,Transcript Variant,1,3.0
3739,VHL,,Transcript Variant,1,3.0
3741,VHL,,Transcript Variant,1,3.0
3742,KIT,G3BP2::KIT,Fusion,1,1.0
3743,VHL,,Transcript Variant,1,3.0
3744,VHL,,Transcript Variant,1,3.0
3746,CCNE2,Overexpression,Expression,2,2.0
3747,VHL,,Transcript Variant,1,3.0
3748,VHL,,Transcript Variant,1,3.0
3749,VHL,Exon 3 Variant,Region Defined Variant,1,3.0
3752,SSTR5,expression,Expression,1,5.0
3753,VHL,,Transcript Variant,1,3.0
3759,VHL,,Transcript Variant,1,3.0
3766,PIK3CA,H1047L or H1047R,Protein Consequence,1,5.0
3910,ESR1,MUTATION,Region Defined Variant,1,10.0
3957,RASGRF1,Fusion,Fusion,1,1.0
3984,VHL,,Transcript Variant,1,3.0
3985,VHL,,Transcript Variant,1,3.0
3986,SH3PXD2A,SH3PXD2A::HTRA1,Fusion,2,8.0
3987,CIC,CIC::LEUTX ,Fusion,1,3.0
3988,MAP3K8,MAP3K8 fusion ,Fusion,1,3.0
3991,PDGFB,COL1A1-PDGFB fusion,Fusion,2,15.0
3992,STAT1,Expression,Expression,1,5.0
3999,VHL,Partial deletion of 10 Kb,Region Defined Variant,1,3.0
4000,RAF1,QKI-RAF1,Fusion,1,3.0
4001,ALK,KANK4::ALK,Fusion,1,3.0
4003,PDGFB,Rearrangement ,Rearrangements,3,9.0
4005,EWSR1,EWSR1-ERG,Fusion,1,5.0
4009,VHL,t(3;12)(q13.2;q24.1),Rearrangements,1,3.0
4018,MS4A1,Mutation,Region Defined Variant,1,5.0
4026,FGFR2,Translocation,Rearrangements,2,8.0
4027,FGFR3,Translocation,Rearrangements,1,3.0
4074,TFEB,TFEB amplification,Copy Number,1,5.0
4076,VHL,,Transcript Variant,1,3.0
4077,VHL,,Transcript Variant,1,3.0
4078,VHL,,Transcript Variant,1,3.0
4079,VHL,,Transcript Variant,1,3.0
4080,VHL,,Transcript Variant,1,3.0
4081,VHL,,Transcript Variant,1,3.0
4082,VHL,,Transcript Variant,1,3.0
4083,VHL,,Transcript Variant,1,3.0
4084,VHL,,Transcript Variant,2,6.0
4085,VHL,,Transcript Variant,1,3.0
4086,VHL,,Transcript Variant,1,3.0
4087,VHL,,Transcript Variant,1,3.0
4088,VHL,,Transcript Variant,1,3.0
4089,VHL,,Transcript Variant,1,3.0
4091,VHL,,Transcript Variant,1,3.0
4092,VHL,,Transcript Variant,2,6.0
4093,VHL,,Transcript Variant,1,3.0
4094,VHL,,Transcript Variant,1,3.0
4095,VHL,,Transcript Variant,1,3.0
4096,VHL,,Transcript Variant,1,3.0
4097,VHL,,Transcript Variant,2,6.0
4099,VHL,,Transcript Variant,2,6.0
4100,VHL,,Transcript Variant,1,3.0
4108,VHL,,Transcript Variant,1,3.0
4109,VHL,,Transcript Variant,1,3.0
4110,VHL,,Transcript Variant,1,3.0
4150,BCOR,Internal tandem duplication,Copy Number,2,8.0
4151,VHL,,Transcript Variant,1,3.0
4152,VHL,,Transcript Variant,1,3.0
4153,VHL,,Transcript Variant,1,3.0
4154,VHL,,Transcript Variant,1,3.0
4155,VHL,,Transcript Variant,1,3.0
4156,VHL,,Transcript Variant,1,3.0
4157,VHL,,Transcript Variant,1,3.0
4159,VHL,,Transcript Variant,1,3.0
4160,VHL,,Transcript Variant,1,3.0
4161,VHL,,Transcript Variant,1,3.0
4162,VHL,,Transcript Variant,1,3.0
4165,VHL,,Transcript Variant,2,6.0
4166,VHL,,Transcript Variant,1,3.0
4167,VHL,,Transcript Variant,2,6.0
4169,VHL,,Transcript Variant,1,3.0
4170,VHL,,Transcript Variant,1,3.0
4171,VHL,,Transcript Variant,1,3.0
4172,VHL,,Transcript Variant,1,3.0
4173,VHL,,Transcript Variant,1,3.0
4174,VHL,,Transcript Variant,1,3.0
4176,VHL,,Transcript Variant,1,3.0
4177,PDGFRA,K385,Protein Consequence,2,6.0
4178,VHL,,Transcript Variant,1,3.0
4179,VHL,,Transcript Variant,2,6.0
4180,VHL,,Transcript Variant,2,6.0
4181,VHL,,Transcript Variant,4,12.0
4184,VHL,,Transcript Variant,1,3.0
4185,VHL,,Transcript Variant,1,3.0
4186,VHL,2kb Deletion,Region Defined Variant,2,6.0
4187,VHL,5kb Deletion,Region Defined Variant,2,6.0
4188,VHL,10kb Deletion,Region Defined Variant,1,3.0
4189,VHL,,Transcript Variant,1,3.0
4190,VHL,,Transcript Variant,1,3.0
4191,VHL,,Transcript Variant,1,3.0
4192,VHL,,Transcript Variant,1,3.0
4193,VHL,,Transcript Variant,1,3.0
4194,VHL,,Transcript Variant,1,3.0
4197,VHL,,Transcript Variant,1,3.0
4198,VHL,,Transcript Variant,1,3.0
4199,VHL,,Transcript Variant,1,3.0
4200,VHL,Partial deletion of 0.8 kb,Region Defined Variant,1,3.0
4201,VHL,,Transcript Variant,1,3.0
4202,VHL,,Transcript Variant,1,3.0
4204,VHL,,Transcript Variant,2,6.0
4205,VHL,,Transcript Variant,1,3.0
4207,VHL,,Transcript Variant,1,3.0
4208,VHL,,Transcript Variant,1,3.0
4210,VHL,,Transcript Variant,1,3.0
4211,VHL,,Transcript Variant,1,3.0
4212,VHL,,Transcript Variant,1,3.0
4213,VHL,,Transcript Variant,1,3.0
4214,VHL,,Transcript Variant,1,3.0
4216,VHL,,Transcript Variant,1,3.0
4221,AKT2,L78_Q79ins,Rearrangements,1,3.0
4224,AKT1,P68-C77dup,Copy Number,1,1.0
4225,VHL,,Transcript Variant,1,3.0
4226,VHL,,Transcript Variant,1,3.0
4227,VHL,,Transcript Variant,1,3.0
4228,VHL,,Transcript Variant,1,3.0
4229,BCOR,Internal tandem duplication (ITD),Other,3,13.0
4230,VHL,,Transcript Variant,1,3.0
4231,VHL,,Transcript Variant,1,3.0
4232,BRCA1,,Transcript Variant,1,3.0
4233,VHL,,Transcript Variant,1,3.0
4234,VHL,,Transcript Variant,1,3.0
4235,VHL,,Transcript Variant,1,3.0
4236,VHL,,Transcript Variant,1,3.0
4237,AURKB,Overexpression,Expression,1,1.0
4238,VHL,,Transcript Variant,2,6.0
4239,VHL,,Transcript Variant,1,3.0
4240,TYR,GRCh37/hg19 11q14.3(chr11:88960991-88961138)x160,Copy Number,1,5.0
4241,EGFR,EGFR::SEPT14,Fusion,12,40.0
4242,EGFR,VOPP1::EGFR,Fusion,1,3.0
4243,VHL,,Transcript Variant,1,3.0
4245,VHL,,Transcript Variant,1,3.0
4246,VHL,,Transcript Variant,1,3.0
4247,VHL,,Transcript Variant,1,3.0
4250,VHL,,Transcript Variant,1,3.0
4251,EGFR,SEC61G::EGFR,Fusion,4,15.0
4253,NTRK1,SCP2::NTRK1,Fusion,2,6.0
4254,VHL,,Transcript Variant,1,3.0
4255,VHL,,Transcript Variant,1,3.0
4256,VHL,,Transcript Variant,1,3.0
4257,VHL,,Transcript Variant,1,3.0
4258,VHL,,Transcript Variant,1,3.0
4259,VHL,,Transcript Variant,1,3.0
4262,VHL,,Transcript Variant,1,3.0
4263,VHL,,Transcript Variant,1,3.0
4264,VHL,,Transcript Variant,1,3.0
4265,VHL,,Transcript Variant,1,3.0
4266,VHL,,Transcript Variant,1,3.0
4269,ATRX,Loss-of-function,Gene Function,3,3.0
4271,VHL,,Transcript Variant,1,3.0
4275,VHL,,Transcript Variant,1,3.0
4278,VHL,,Transcript Variant,1,3.0
4279,VHL,,Transcript Variant,1,3.0
4281,VHL,,Transcript Variant,1,3.0
4282,EGFR,EGFR::PURB,Fusion,1,3.0
4283,EGFR,EGFR::PPARGC1A,Fusion,2,2.0
4284,VHL,t(1;3)(p36.3;p25),Rearrangements,1,3.0
4286,EGFR,EGFR::ZNF713,Fusion,1,3.0
4294,EGFR,EGFR::BRAF,Fusion,1,3.0
4297,FGFR1,Overexpression,Expression,1,1.0
4299,NTRK3,EML4::NTRK3,Fusion,13,37.0
4300,EGFR,KIF5B::EGFR,Fusion,1,3.0
4308,ALK,ERC1::ALK,Fusion,1,3.0
4309,FGFR3,IGHA1::FGFR3,Fusion,1,3.0
4310,KDM6A,Loss,Gene Function,4,4.0
4327,MYB,MYB::QKI,Fusion,1,5.0
4336,FLT3LG,Expression,Expression,2,2.0
4338,CRLF2,Rearrangement ,Rearrangements,1,1.0
4343,EGFR,EGFR::VSTM2A,Fusion,3,6.0
4344,EGFR,EGFR::WIF1,Fusion,1,5.0
4389,ALK,T1151dup,Copy Number,5,7.0
4405,ALK,HIP1::ALK,Fusion,1,3.0
4406,EGFR,fusion,Fusion,2,6.0
4416,EZH2,expression,Expression,1,5.0
4417,ALK, FBXO11::ALK,Fusion,1,3.0
4418,EGFR,EGFR::YAP1,Fusion,1,3.0
4422,TBXT,Expression,Expression,1,5.0
4424,TBXT,Gain,Copy Number,2,2.0
4425,SMARCB1,Single nucleotide variant,Region Defined Variant,1,5.0
4428,MYC,Translocation,Rearrangements,1,3.0
4432,SNCAIP,Tandem duplication,Copy Number,1,5.0
4435,BAP1,Q267fs,Protein Consequence,1,3.0
4436,CHEK2,mutation,Region Defined Variant,1,10.0
4437,PPP2R2A,Mutation,Region Defined Variant,1,5.0
4438,RAD54L,Mutation,Region Defined Variant,1,10.0
4439,BRIP1,Mutation,Region Defined Variant,1,10.0
4440,BARD1,Mutation,Region Defined Variant,1,10.0
4441,CHEK1,Mutation,Region Defined Variant,1,10.0
4442,FANCL,Mutation,Region Defined Variant,1,10.0
4443,RAD51B,Mutation,Region Defined Variant,1,10.0
4444,RAD51C,Mutation,Region Defined Variant,1,10.0
4445,RAD51D,Mutation,Region Defined Variant,1,10.0
4447,EGFR,EGFR::ZNF880,Fusion,1,3.0
4452,TP53,Loss,Gene Function,1,1.0
4463,TSC1,mutation,Region Defined Variant,1,10.0
4465,NRAS,Wildtype,Genotypes Easy,1,10.0
4466,TERT,,Transcript Variant,1,3.0
4467,ABL1,BCR::ABL mutations,Fusion,1,10.0
4468,ALK,FN1::ALK,Fusion,1,3.0
4469,ALK,TPM4::ALK,Fusion,1,3.0
4471,ARAF,Mutation,Region Defined Variant,2,10.0
4474,BRAF,N486_P490 ,Protein Consequence,1,3.0
4486,ERBB2,G778_P780dup,Copy Number,1,5.0
4488,ERBB2,G776_V777>VCV,Rearrangements,1,5.0
4495,ALK,DCTN1::ALK,Fusion,1,3.0
4497,FGFR1,BCR::FGFR1,Fusion,1,5.0
4500,FGFR1,Translocation,Rearrangements,1,5.0
4506,GATA3,Mutation,Region Defined Variant,1,3.0
4521,MET,,Transcript Variant,1,3.0
4522,CD274,Overexpression,Expression,7,23.0
4526,EGFR,ITD ,Rearrangements,1,5.0
4527,BCOR,ITD ,Rearrangements,2,10.0
4528,ZFTA,ZFTA::RELA,Fusion,8,37.0
4530,ABL1,Mutation,Region Defined Variant,1,10.0
4532,ZFTA,ZFTA::NCOA1,Fusion,1,3.0
4533,ZFTA,ZFTA::NCOA2,Fusion,1,3.0
4534,ZFTA,ZFTA::MAML2,Fusion,1,3.0
4535,ZFTA,MN1::ZFTA,Fusion,1,3.0
4536,NTRK2,QKI::NTRK2,Fusion,5,11.0
4538,MET,,Transcript Variant,1,3.0
4539,MET,,Transcript Variant,1,3.0
4540,MET,,Transcript Variant,1,3.0
4543,DICER1,Loss-of-function,Gene Function,6,35.0
4544,MET,,Transcript Variant,1,3.0
4546,ZFTA,ZFTA::RELA Methylation Profile,Other,2,10.0
